year,state,state_ansi,crop,acres_harvested,acres_planted,production_dollars,production_bu,yield_buperacre
2025,ALABAMA,1,CORN,340000,350000,227392000,51680000,152
2025,ARIZONA,4,CORN,16000,65000,19642000,3168000,198
2025,ARKANSAS,5,CORN,790000,810000,603876000,143780000,182
2025,CALIFORNIA,6,CORN,50000,420000,40655000,8650000,173
2025,COLORADO,8,CORN,1250000,1500000,731500000,166250000,133
2025,CONNECTICUT,9,CORN,,23000,,,
2025,DELAWARE,10,CORN,172000,175000,144549000,32852000,191
2025,FLORIDA,12,CORN,57000,85000,43292000,8835000,155
2025,GEORGIA,13,CORN,500000,550000,458150000,93500000,187
2025,IDAHO,16,CORN,145000,430000,168193000,30305000,209
2025,ILLINOIS,17,CORN,11000000,11200000,9769100000,2354000000,214
2025,INDIANA,18,CORN,5230000,5400000,4587756000,1066920000,204
2025,IOWA,19,CORN,13200000,13550000,11365200000,2772000000,210
2025,KANSAS,20,CORN,6500000,6850000,3770000000,942500000,145
2025,KENTUCKY,21,CORN,1420000,1520000,1078987000,237140000,167
2025,LOUISIANA,22,CORN,790000,810000,632751000,152470000,193
2025,MAINE,23,CORN,,30000,,,
2025,MARYLAND,24,CORN,410000,460000,308484000,70110000,171
2025,MASSACHUSETTS,25,CORN,,14000,,,
2025,MICHIGAN,26,CORN,1980000,2350000,1374516000,352440000,178
2025,MINNESOTA,27,CORN,8450000,8900000,6708878000,1698450000,201
2025,MISSISSIPPI,28,CORN,870000,910000,649890000,156600000,180
2025,MISSOURI,29,CORN,3660000,3800000,2809965000,677100000,185
2025,MONTANA,30,CORN,75000,145000,36135000,9900000,132
2025,NEBRASKA,31,CORN,10450000,10750000,8311930000,2027300000,194
2025,NEVADA,32,CORN,,26000,,,
2025,NEW HAMPSHIRE,33,CORN,,12000,,,
2025,NEW JERSEY,34,CORN,66000,75000,50474000,10626000,161
2025,NEW MEXICO,35,CORN,44000,105000,39202000,7612000,173
2025,NEW YORK,36,CORN,450000,970000,302400000,63000000,140
2025,NORTH CAROLINA,37,CORN,910000,950000,622440000,131040000,144
2025,NORTH DAKOTA,38,CORN,4500000,4700000,2701800000,711000000,158
2025,OHIO,39,CORN,3160000,3400000,2484550000,584600000,185
2025,OKLAHOMA,40,CORN,495000,540000,259677000,60390000,122
2025,OREGON,41,CORN,75000,105000,82305000,17700000,236
2025,PENNSYLVANIA,42,CORN,680000,1010000,472328000,102680000,151
2025,RHODE ISLAND,44,CORN,,2000,,,
2025,SOUTH CAROLINA,45,CORN,370000,390000,239982000,51060000,138
2025,SOUTH DAKOTA,46,CORN,6350000,6850000,4126230000,1085850000,171
2025,TENNESSEE,47,CORN,865000,930000,616572000,140130000,162
2025,TEXAS,48,CORN,2140000,2500000,1328940000,288900000,135
2025,UTAH,49,CORN,33000,85000,29515000,5676000,172
2025,VERMONT,50,CORN,,95000,,,
2025,VIRGINIA,51,CORN,350000,470000,261660000,58800000,168
2025,WASHINGTON,53,CORN,110000,200000,132528000,27610000,251
2025,WEST VIRGINIA,54,CORN,30000,41000,20655000,4590000,153
2025,WISCONSIN,55,CORN,3220000,4150000,2451708000,605360000,188
2025,WYOMING,56,CORN,55000,85000,37483000,7975000,145
2025,ALABAMA,1,SOYBEANS,290000,295000,115884000,10730000,37
2025,ARKANSAS,5,SOYBEANS,2570000,2590000,1498310000,141350000,55
2025,DELAWARE,10,SOYBEANS,138000,140000,68296000,6762000,49
2025,GEORGIA,13,SOYBEANS,150000,155000,78645000,7350000,49
2025,ILLINOIS,17,SOYBEANS,10230000,10300000,6713438000,639375000,62.5
2025,INDIANA,18,SOYBEANS,5430000,5450000,3360084000,323085000,59.5
2025,IOWA,19,SOYBEANS,9380000,9450000,6075426000,595630000,63.5
2025,KANSAS,20,SOYBEANS,4050000,4100000,1954429000,196425000,48.5
2025,KENTUCKY,21,SOYBEANS,1790000,1800000,819462000,75180000,42
2025,LOUISIANA,22,SOYBEANS,770000,790000,436667000,41195000,53.5
2025,MARYLAND,24,SOYBEANS,460000,465000,204424000,20240000,44
2025,MICHIGAN,26,SOYBEANS,2070000,2080000,1044108000,100395000,48.5
2025,MINNESOTA,27,SOYBEANS,7070000,7150000,3674633000,371175000,52.5
2025,MISSISSIPPI,28,SOYBEANS,1790000,1810000,1072568000,100240000,56
2025,MISSOURI,29,SOYBEANS,5530000,5600000,2875600000,276500000,50
2025,NEBRASKA,31,SOYBEANS,4790000,4850000,3121763000,313745000,65.5
2025,NEW JERSEY,34,SOYBEANS,99000,100000,38996000,3861000,39
2025,NEW YORK,36,SOYBEANS,295000,310000,118000000,11800000,40
2025,NORTH CAROLINA,37,SOYBEANS,1610000,1630000,620172000,57960000,36
2025,NORTH DAKOTA,38,SOYBEANS,6490000,6550000,2160683000,223905000,34.5
2025,OHIO,39,SOYBEANS,4880000,4900000,2741584000,258640000,53
2025,OKLAHOMA,40,SOYBEANS,350000,365000,100993000,10150000,29
2025,PENNSYLVANIA,42,SOYBEANS,570000,580000,253308000,25080000,44
2025,SOUTH CAROLINA,45,SOYBEANS,355000,365000,117754000,11005000,31
2025,SOUTH DAKOTA,46,SOYBEANS,5060000,5100000,2283072000,237820000,47
2025,TENNESSEE,47,SOYBEANS,1520000,1550000,683088000,63840000,42
2025,TEXAS,48,SOYBEANS,90000,110000,27792000,2880000,32
2025,VIRGINIA,51,SOYBEANS,590000,600000,239894000,22420000,38
2025,WISCONSIN,55,SOYBEANS,2020000,2030000,1119888000,113120000,56
2025,ALABAMA,1,WHEAT,"60,000","110,000","22,791,000","4,260,000",71
2025,ARIZONA,4,WHEAT,"49,000","50,000","45,291,000","5,733,000",117
2025,ARKANSAS,5,WHEAT,"70,000","110,000","20,748,000","3,990,000",57
2025,CALIFORNIA,6,WHEAT,"124,000","305,000","66,607,000","11,210,000",90.4
2025,COLORADO,8,WHEAT,"1,870,000","2,100,000","309,111,000","71,060,000",38
2025,DELAWARE,10,WHEAT,"41,000","53,000","16,396,000","3,526,000",86
2025,GEORGIA,13,WHEAT,"65,000","165,000","22,308,000","4,290,000",66
2025,IDAHO,16,WHEAT,"1,140,000","1,215,000","550,512,000","106,560,000",93.5
2025,ILLINOIS,17,WHEAT,"700,000","780,000","311,080,000","61,600,000",88
2025,INDIANA,18,WHEAT,"240,000","320,000","113,208,000","21,360,000",89
2025,KANSAS,20,WHEAT,"6,800,000","7,300,000","1,595,280,000","346,800,000",51
2025,KENTUCKY,21,WHEAT,"330,000","490,000","147,015,000","26,730,000",81
2025,MARYLAND,24,WHEAT,"160,000","315,000","58,776,000","12,640,000",79
2025,MICHIGAN,26,WHEAT,"490,000","530,000","222,705,000","44,100,000",90
2025,MINNESOTA,27,WHEAT,"1,100,000","1,150,000","379,500,000","75,900,000",69
2025,MISSISSIPPI,28,WHEAT,"45,000","65,000","14,445,000","2,700,000",60
2025,MISSOURI,29,WHEAT,"460,000","640,000","191,360,000","36,800,000",80
2025,MONTANA,30,WHEAT,"4,920,000","5,290,000","918,898,000","181,690,000",36.9
2025,NEBRASKA,31,WHEAT,"805,000","950,000","164,582,000","37,835,000",47
2025,NEW MEXICO,35,WHEAT,"150,000","365,000","20,925,000","4,650,000",31
2025,NEW YORK,36,WHEAT,"110,000","150,000","46,470,000","7,810,000",71
2025,NORTH CAROLINA,37,WHEAT,"270,000","350,000","81,000,000","16,200,000",60
2025,NORTH DAKOTA,38,WHEAT,"6,325,000","6,430,000","1,743,252,000","334,055,000",52.8
2025,OHIO,39,WHEAT,"530,000","570,000","232,458,000","45,580,000",86
2025,OKLAHOMA,40,WHEAT,"2,800,000","4,150,000","500,080,000","106,400,000",38
2025,OREGON,41,WHEAT,"740,000","750,000","317,867,000","52,540,000",71
2025,PENNSYLVANIA,42,WHEAT,"185,000","260,000","65,268,000","13,320,000",72
2025,SOUTH CAROLINA,45,WHEAT,"60,000","80,000","18,000,000","3,600,000",60
2025,SOUTH DAKOTA,46,WHEAT,"1,270,000","1,460,000","295,500,000","64,140,000",50.5
2025,TENNESSEE,47,WHEAT,"265,000","345,000","102,953,000","19,610,000",74
2025,TEXAS,48,WHEAT,"2,300,000","5,500,000","399,970,000","85,100,000",37
2025,UTAH,49,WHEAT,"98,000","115,000","22,491,000","4,998,000",51
2025,VIRGINIA,51,WHEAT,"70,000","130,000","23,793,000","4,620,000",66
2025,WASHINGTON,53,WHEAT,"2,260,000","2,325,000","716,347,000","141,460,000",62.6
2025,WISCONSIN,55,WHEAT,"250,000","300,000","82,650,000","19,000,000",76
2025,WYOMING,56,WHEAT,"89,000","110,000","12,149,000","2,670,000",30
2024,ALABAMA,1,CORN,270000,280000,138499000,30240000,112
2024,ARIZONA,4,CORN,19000,70000,27873000,4275000,225
2024,ARKANSAS,5,CORN,480000,500000,408408000,89760000,187
2024,CALIFORNIA,6,CORN,55000,440000,56456000,10010000,182
2024,COLORADO,8,CORN,1180000,1460000,635123000,136880000,116
2024,CONNECTICUT,9,CORN,,24000,,,
2024,DELAWARE,10,CORN,161000,165000,129946000,27531000,171
2024,FLORIDA,12,CORN,47000,85000,32075000,6627000,141
2024,GEORGIA,13,CORN,305000,375000,248575000,49715000,163
2024,IDAHO,16,CORN,110000,380000,130975000,22660000,206
2024,ILLINOIS,17,CORN,10650000,10800000,9660189000,2311050000,217
2024,INDIANA,18,CORN,5050000,5200000,4319568000,999900000,198
2024,IOWA,19,CORN,12450000,12900000,11164538000,2626950000,211
2024,KANSAS,20,CORN,5800000,6300000,3202296000,748200000,129
2024,KENTUCKY,21,CORN,1280000,1370000,1036672000,227840000,178
2024,LOUISIANA,22,CORN,440000,470000,327228000,81400000,185
2024,MAINE,23,CORN,,30000,,,
2024,MARYLAND,24,CORN,380000,440000,255398000,54340000,143
2024,MASSACHUSETTS,25,CORN,,14000,,,
2024,MICHIGAN,26,CORN,1950000,2300000,1468272000,352950000,181
2024,MINNESOTA,27,CORN,7730000,8200000,5622184000,1345020000,174
2024,MISSISSIPPI,28,CORN,470000,490000,348806000,87420000,186
2024,MISSOURI,29,CORN,3350000,3500000,2568680000,613050000,183
2024,MONTANA,30,CORN,77000,130000,30172000,6545000,85
2024,NEBRASKA,31,CORN,9590000,10050000,7806644000,1802920000,188
2024,NEVADA,32,CORN,,20000,,,
2024,NEW HAMPSHIRE,33,CORN,,12000,,,
2024,NEW JERSEY,34,CORN,61000,72000,45108000,9577000,157
2024,NEW MEXICO,35,CORN,49000,105000,42312000,7693000,157
2024,NEW YORK,36,CORN,555000,1020000,384560000,93795000,169
2024,NORTH CAROLINA,37,CORN,810000,890000,357283000,70470000,87
2024,NORTH DAKOTA,38,CORN,3640000,3950000,2147746000,542360000,149
2024,OHIO,39,CORN,3200000,3400000,2424192000,566400000,177
2024,OKLAHOMA,40,CORN,410000,450000,192060000,40180000,98
2024,OREGON,41,CORN,63000,110000,79934000,13104000,208
2024,PENNSYLVANIA,42,CORN,700000,1050000,436632000,96600000,138
2024,RHODE ISLAND,44,CORN,,2000,,,
2024,SOUTH CAROLINA,45,CORN,305000,340000,141703000,30805000,101
2024,SOUTH DAKOTA,46,CORN,5390000,5900000,3535840000,883960000,164
2024,TENNESSEE,47,CORN,660000,700000,453446000,100320000,152
2024,TEXAS,48,CORN,1890000,2200000,1037232000,211680000,112
2024,UTAH,49,CORN,27000,80000,25025000,4509000,167
2024,VERMONT,50,CORN,,94000,,,
2024,VIRGINIA,51,CORN,290000,460000,155382000,33060000,114
2024,WASHINGTON,53,CORN,103000,205000,123930000,24205000,235
2024,WEST VIRGINIA,54,CORN,24000,41000,12276000,2640000,110
2024,WISCONSIN,55,CORN,2960000,3750000,2127115000,515040000,174
2024,WYOMING,56,CORN,65000,85000,54707000,10075000,155
2024,ALABAMA,1,SOYBEANS,350000,360000,110670000,10850000,31
2024,ARKANSAS,5,SOYBEANS,3020000,3050000,1661000000,166100000,55
2024,DELAWARE,10,SOYBEANS,153000,155000,67473000,6885000,45
2024,GEORGIA,13,SOYBEANS,158000,170000,77973000,7426000,47
2024,ILLINOIS,17,SOYBEANS,10750000,10800000,7017600000,688000000,64
2024,INDIANA,18,SOYBEANS,5780000,5800000,3546608000,341020000,59
2024,IOWA,19,SOYBEANS,9960000,10050000,5946120000,597600000,60
2024,KANSAS,20,SOYBEANS,4430000,4550000,1496233000,155050000,35
2024,KENTUCKY,21,SOYBEANS,2030000,2050000,1023120000,97440000,48
2024,LOUISIANA,22,SOYBEANS,1060000,1100000,562224000,55120000,52
2024,MARYLAND,24,SOYBEANS,485000,495000,209132000,21340000,44
2024,MICHIGAN,26,SOYBEANS,2210000,2230000,1137045000,108290000,49
2024,MINNESOTA,27,SOYBEANS,7320000,7400000,3244590000,329400000,45
2024,MISSISSIPPI,28,SOYBEANS,2270000,2300000,1283912000,127120000,56
2024,MISSOURI,29,SOYBEANS,5890000,5950000,2914961000,288610000,49
2024,NEBRASKA,31,SOYBEANS,5240000,5300000,2949727000,301300000,57.5
2024,NEW JERSEY,34,SOYBEANS,103000,105000,44290000,4429000,43
2024,NEW YORK,36,SOYBEANS,365000,370000,178704000,18615000,51
2024,NORTH CAROLINA,37,SOYBEANS,1600000,1630000,636480000,62400000,39
2024,NORTH DAKOTA,38,SOYBEANS,6550000,6600000,2340806000,245625000,37.5
2024,OHIO,39,SOYBEANS,5080000,5100000,2616200000,254000000,50
2024,OKLAHOMA,40,SOYBEANS,405000,510000,76545000,8100000,20
2024,PENNSYLVANIA,42,SOYBEANS,620000,630000,279000000,27900000,45
2024,SOUTH CAROLINA,45,SOYBEANS,380000,395000,139536000,12920000,34
2024,SOUTH DAKOTA,46,SOYBEANS,5380000,5450000,2237058000,231340000,43
2024,TENNESSEE,47,SOYBEANS,1800000,1820000,771120000,75600000,42
2024,TEXAS,48,SOYBEANS,74000,100000,22614000,2368000,32
2024,VIRGINIA,51,SOYBEANS,595000,610000,264418000,26180000,44
2024,WISCONSIN,55,SOYBEANS,2150000,2180000,1026840000,103200000,48
2024,ALABAMA,1,WHEAT,"60,000","110,000","24,495,000","4,260,000",71
2024,ARIZONA,4,WHEAT,"58,000","59,000","54,180,000","6,322,000",109
2024,ARKANSAS,5,WHEAT,"85,000","130,000","26,751,000","4,760,000",56
2024,CALIFORNIA,6,WHEAT,"108,000","350,000","62,379,000","9,114,000",84.4
2024,COLORADO,8,WHEAT,"1,840,000","2,100,000","326,508,000","64,400,000",35
2024,DELAWARE,10,WHEAT,"52,000","70,000","18,720,000","3,744,000",72
2024,GEORGIA,13,WHEAT,"60,000","145,000","20,178,000","3,540,000",59
2024,IDAHO,16,WHEAT,"1,135,000","1,210,000","562,080,000","101,015,000",89
2024,ILLINOIS,17,WHEAT,"700,000","770,000","325,080,000","60,200,000",86
2024,INDIANA,18,WHEAT,"240,000","310,000","118,121,000","21,360,000",89
2024,KANSAS,20,WHEAT,"7,150,000","7,600,000","1,669,454,000","307,450,000",43
2024,KENTUCKY,21,WHEAT,"390,000","560,000","162,338,000","29,250,000",75
2024,MARYLAND,24,WHEAT,"180,000","325,000","67,500,000","13,500,000",75
2024,MICHIGAN,26,WHEAT,"375,000","400,000","181,069,000","32,625,000",87
2024,MINNESOTA,27,WHEAT,"1,180,000","1,220,000","457,498,000","80,830,000",68.5
2024,MISSISSIPPI,28,WHEAT,"35,000","60,000","9,625,000","1,750,000",50
2024,MISSOURI,29,WHEAT,"485,000","680,000","205,155,000","36,375,000",75
2024,MONTANA,30,WHEAT,"5,080,000","5,330,000","1,010,471,000","173,420,000",34.1
2024,NEBRASKA,31,WHEAT,"920,000","1,000,000","240,157,000","47,840,000",52
2024,NEW MEXICO,35,WHEAT,"150,000","375,000","9,630,000","1,800,000",12
2024,NEW YORK,36,WHEAT,"120,000","135,000","54,450,000","9,000,000",75
2024,NORTH CAROLINA,37,WHEAT,"330,000","410,000","98,753,000","18,810,000",57
2024,NORTH DAKOTA,38,WHEAT,"6,475,000","6,575,000","2,106,944,000","368,285,000",56.9
2024,OHIO,39,WHEAT,"475,000","530,000","220,448,000","40,375,000",85
2024,OKLAHOMA,40,WHEAT,"2,900,000","4,400,000","609,406,000","110,200,000",38
2024,OREGON,41,WHEAT,"730,000","750,000","293,825,000","51,100,000",70
2024,PENNSYLVANIA,42,WHEAT,"200,000","250,000","83,100,000","15,000,000",75
2024,SOUTH CAROLINA,45,WHEAT,"65,000","80,000","18,077,000","3,510,000",54
2024,SOUTH DAKOTA,46,WHEAT,"1,395,000","1,520,000","413,549,000","78,995,000",56.6
2024,TENNESSEE,47,WHEAT,"325,000","385,000","129,188,000","24,375,000",75
2024,TEXAS,48,WHEAT,"2,600,000","5,500,000","437,658,000","80,600,000",31
2024,UTAH,49,WHEAT,"99,000","115,000","25,710,000","4,851,000",49
2024,VIRGINIA,51,WHEAT,"85,000","150,000","29,172,000","5,610,000",66
2024,WASHINGTON,53,WHEAT,"2,240,000","2,295,000","747,103,000","143,570,000",64.1
2024,WISCONSIN,55,WHEAT,"220,000","265,000","85,690,000","18,040,000",82
2024,WYOMING,56,WHEAT,"91,000","110,000","14,669,000","2,821,000",31
2023,ALABAMA,1,CORN,320000,330000,276570000,52480000,164
2023,ARIZONA,4,CORN,38000,105000,51117000,7828000,206
2023,ARKANSAS,5,CORN,830000,850000,754893000,151890000,183
2023,CALIFORNIA,6,CORN,40000,400000,42150000,7120000,178
2023,COLORADO,8,CORN,1015000,1330000,622865000,123830000,122
2023,CONNECTICUT,9,CORN,,24000,,,
2023,DELAWARE,10,CORN,172000,175000,148887000,32508000,189
2023,FLORIDA,12,CORN,62000,90000,52409000,9796000,158
2023,GEORGIA,13,CORN,440000,485000,405768000,76560000,174
2023,IDAHO,16,CORN,115000,360000,129098000,23345000,203
2023,ILLINOIS,17,CORN,11050000,11200000,10152298000,2276300000,206
2023,INDIANA,18,CORN,5310000,5450000,4850685000,1077930000,203
2023,IOWA,19,CORN,12550000,13100000,11628956000,2522550000,201
2023,KANSAS,20,CORN,5150000,5750000,2898781000,612850000,119
2023,KENTUCKY,21,CORN,1500000,1600000,1332375000,280500000,187
2023,LOUISIANA,22,CORN,680000,700000,634270000,119000000,175
2023,MAINE,23,CORN,,28000,,,
2023,MARYLAND,24,CORN,440000,480000,332508000,72600000,165
2023,MASSACHUSETTS,25,CORN,,14000,,,
2023,MICHIGAN,26,CORN,2060000,2400000,1450075000,346080000,168
2023,MINNESOTA,27,CORN,8180000,8600000,6688786000,1513300000,185
2023,MISSISSIPPI,28,CORN,770000,790000,684307000,139370000,181
2023,MISSOURI,29,CORN,3670000,3850000,2582946000,561510000,153
2023,MONTANA,30,CORN,68000,135000,45264000,8772000,129
2023,NEBRASKA,31,CORN,9500000,9950000,8091720000,1729000000,182
2023,NEVADA,32,CORN,,13000,,,
2023,NEW HAMPSHIRE,33,CORN,,13000,,,
2023,NEW JERSEY,34,CORN,65000,74000,49686000,10920000,168
2023,NEW MEXICO,35,CORN,47000,125000,42982000,7285000,155
2023,NEW YORK,36,CORN,600000,1040000,398772000,95400000,159
2023,NORTH CAROLINA,37,CORN,900000,950000,738234000,132300000,147
2023,NORTH DAKOTA,38,CORN,3800000,4050000,2249676000,543400000,143
2023,OHIO,39,CORN,3400000,3600000,2955348000,673200000,198
2023,OKLAHOMA,40,CORN,340000,390000,273564000,50660000,149
2023,OREGON,41,CORN,55000,95000,66971000,11770000,214
2023,PENNSYLVANIA,42,CORN,680000,1040000,509245000,106760000,157
2023,RHODE ISLAND,44,CORN,,2000,,,
2023,SOUTH CAROLINA,45,CORN,350000,365000,286125000,52500000,150
2023,SOUTH DAKOTA,46,CORN,5620000,6300000,3664690000,854240000,152
2023,TENNESSEE,47,CORN,890000,940000,731358000,153970000,173
2023,TEXAS,48,CORN,2100000,2500000,1398852000,256200000,122
2023,UTAH,49,CORN,27000,75000,29471000,4995000,185
2023,VERMONT,50,CORN,,89000,,,
2023,VIRGINIA,51,CORN,370000,495000,296259000,58090000,157
2023,WASHINGTON,53,CORN,75000,160000,93600000,18000000,240
2023,WEST VIRGINIA,54,CORN,30000,44000,21750000,4350000,145
2023,WISCONSIN,55,CORN,3140000,4000000,2370826000,552640000,176
2023,WYOMING,56,CORN,57000,85000,51454000,8721000,153
2023,ALABAMA,1,SOYBEANS,340000,350000,184212000,14620000,43
2023,ARKANSAS,5,SOYBEANS,2950000,2980000,2039040000,159300000,54
2023,DELAWARE,10,SOYBEANS,148000,150000,80334000,6808000,46
2023,GEORGIA,13,SOYBEANS,155000,160000,83313000,6665000,43
2023,ILLINOIS,17,SOYBEANS,10300000,10350000,8046360000,648900000,63
2023,INDIANA,18,SOYBEANS,5480000,5500000,4211928000,334280000,61
2023,IOWA,19,SOYBEANS,9880000,9950000,6991088000,573040000,58
2023,KANSAS,20,SOYBEANS,3980000,4430000,1272804000,103480000,26
2023,KENTUCKY,21,SOYBEANS,1820000,1830000,1281280000,100100000,55
2023,LOUISIANA,22,SOYBEANS,980000,1030000,521360000,39200000,40
2023,MARYLAND,24,SOYBEANS,460000,470000,255116000,21620000,47
2023,MICHIGAN,26,SOYBEANS,2020000,2040000,1189376000,92920000,46
2023,MINNESOTA,27,SOYBEANS,7280000,7350000,4228224000,349440000,48
2023,MISSISSIPPI,28,SOYBEANS,2130000,2180000,1574496000,119280000,56
2023,MISSOURI,29,SOYBEANS,5520000,5600000,3285504000,264960000,48
2023,NEBRASKA,31,SOYBEANS,5180000,5250000,3254594000,266770000,51.5
2023,NEW JERSEY,34,SOYBEANS,98000,100000,51411000,4214000,43
2023,NEW YORK,36,SOYBEANS,340000,350000,216750000,17340000,51
2023,NORTH CAROLINA,37,SOYBEANS,1620000,1640000,792099000,62370000,38.5
2023,NORTH DAKOTA,38,SOYBEANS,6160000,6200000,2624160000,218680000,35.5
2023,OHIO,39,SOYBEANS,4730000,4750000,3429250000,274340000,58
2023,OKLAHOMA,40,SOYBEANS,400000,460000,133120000,10400000,26
2023,PENNSYLVANIA,42,SOYBEANS,560000,570000,329000000,26320000,47
2023,SOUTH CAROLINA,45,SOYBEANS,385000,395000,195195000,15015000,39
2023,SOUTH DAKOTA,46,SOYBEANS,5070000,5100000,2676960000,223080000,44
2023,TENNESSEE,47,SOYBEANS,1570000,1600000,1008882000,80070000,51
2023,TEXAS,48,SOYBEANS,85000,125000,26563000,2125000,25
2023,VIRGINIA,51,SOYBEANS,570000,580000,270750000,21660000,38
2023,WISCONSIN,55,SOYBEANS,2060000,2110000,1302744000,105060000,51
2023,ALABAMA,1,WHEAT,"145,000","205,000","69,600,000","10,875,000",75
2023,ARIZONA,4,WHEAT,"37,000","38,000","41,159,000","3,811,000",103
2023,ARKANSAS,5,WHEAT,"165,000","230,000","60,004,000","9,405,000",57
2023,CALIFORNIA,6,WHEAT,"97,000","338,000","77,506,000","8,338,000",86
2023,COLORADO,8,WHEAT,"1,730,000","2,300,000","452,533,000","70,930,000",41
2023,DELAWARE,10,WHEAT,"69,000","80,000","38,088,000","6,348,000",92
2023,GEORGIA,13,WHEAT,"85,000","195,000","26,881,000","4,675,000",55
2023,IDAHO,16,WHEAT,"1,035,000","1,170,000","613,016,000","89,110,000",86.1
2023,ILLINOIS,17,WHEAT,"780,000","840,000","428,197,000","67,860,000",87
2023,INDIANA,18,WHEAT,"335,000","405,000","196,632,000","30,820,000",92
2023,KANSAS,20,WHEAT,"5,750,000","8,100,000","1,436,925,000","201,250,000",35
2023,KENTUCKY,21,WHEAT,"460,000","610,000","271,216,000","40,480,000",88
2023,MARYLAND,24,WHEAT,"195,000","340,000","99,450,000","16,575,000",85
2023,MICHIGAN,26,WHEAT,"560,000","600,000","291,894,000","46,480,000",83
2023,MINNESOTA,27,WHEAT,"1,260,000","1,300,000","559,339,000","78,120,000",62
2023,MISSISSIPPI,28,WHEAT,"95,000","120,000","30,381,000","4,940,000",52
2023,MISSOURI,29,WHEAT,"600,000","780,000","279,720,000","42,000,000",70
2023,MONTANA,30,WHEAT,"4,985,000","5,255,000","1,318,232,000","185,505,000",37.2
2023,NEBRASKA,31,WHEAT,"880,000","1,130,000","239,131,000","36,960,000",42
2023,NEW JERSEY,34,WHEAT,"32,000","34,000","16,426,000","2,624,000",82
2023,NEW MEXICO,35,WHEAT,"85,000","405,000","5,937,000","935,000",11
2023,NEW YORK,36,WHEAT,"120,000","150,000","65,124,000","9,720,000",81
2023,NORTH CAROLINA,37,WHEAT,"400,000","480,000","183,960,000","28,000,000",70
2023,NORTH DAKOTA,38,WHEAT,"6,500,000","6,610,000","2,209,910,000","306,390,000",47.1
2023,OHIO,39,WHEAT,"590,000","650,000","325,503,000","53,100,000",90
2023,OKLAHOMA,40,WHEAT,"2,450,000","4,550,000","474,026,000","68,600,000",28
2023,OREGON,41,WHEAT,"720,000","740,000","242,726,000","40,320,000",56
2023,PENNSYLVANIA,42,WHEAT,"230,000","280,000","111,872,000","17,480,000",76
2023,SOUTH CAROLINA,45,WHEAT,"95,000","110,000","33,060,000","5,510,000",58
2023,SOUTH DAKOTA,46,WHEAT,"1,320,000","1,660,000","402,547,000","59,440,000",45
2023,TENNESSEE,47,WHEAT,"390,000","470,000","210,600,000","31,200,000",80
2023,TEXAS,48,WHEAT,"2,100,000","6,400,000","558,663,000","77,700,000",37
2023,UTAH,49,WHEAT,"87,000","105,000","29,280,000","4,611,000",53
2023,VIRGINIA,51,WHEAT,"135,000","200,000","67,392,000","10,530,000",78
2023,WASHINGTON,53,WHEAT,"2,240,000","2,300,000","672,207,000","113,120,000",50.5
2023,WISCONSIN,55,WHEAT,"230,000","280,000","103,132,000","17,480,000",76
2023,WYOMING,56,WHEAT,"90,000","115,000","17,145,000","2,700,000",30
2022,ALABAMA,1,CORN,290000,300000,251859000,34220000,118
2022,ARIZONA,4,CORN,45000,90000,84645000,9900000,220
2022,ARKANSAS,5,CORN,695000,710000,815193000,120235000,173
2022,CALIFORNIA,6,CORN,20000,360000,27258000,3540000,177
2022,COLORADO,8,CORN,970000,1340000,863843000,117370000,121
2022,CONNECTICUT,9,CORN,,24000,,,
2022,DELAWARE,10,CORN,156000,160000,177154000,26520000,170
2022,FLORIDA,12,CORN,56000,85000,68145000,9184000,164
2022,GEORGIA,13,CORN,375000,415000,465938000,65625000,175
2022,IDAHO,16,CORN,105000,310000,167152000,22680000,216
2022,ILLINOIS,17,CORN,10600000,10800000,14517760000,2268400000,214
2022,INDIANA,18,CORN,5130000,5250000,6316056000,974700000,190
2022,IOWA,19,CORN,12350000,12900000,16351400000,2470000000,200
2022,KANSAS,20,CORN,4440000,5500000,3594624000,510600000,115
2022,KENTUCKY,21,CORN,1330000,1420000,1394266000,207480000,156
2022,LOUISIANA,22,CORN,435000,450000,492507000,73950000,170
2022,MAINE,23,CORN,,29000,,,
2022,MARYLAND,24,CORN,360000,420000,387882000,59400000,165
2022,MASSACHUSETTS,25,CORN,,14000,,,
2022,MICHIGAN,26,CORN,1940000,2300000,2007667000,325920000,168
2022,MINNESOTA,27,CORN,7490000,8000000,9157649000,1460550000,195
2022,MISSISSIPPI,28,CORN,565000,580000,640456000,93225000,165
2022,MISSOURI,29,CORN,3110000,3350000,3359764000,500710000,161
2022,MONTANA,30,CORN,69000,130000,55332000,7728000,112
2022,NEBRASKA,31,CORN,8820000,9600000,9852381000,1455300000,165
2022,NEVADA,32,CORN,,12000,,,
2022,NEW HAMPSHIRE,33,CORN,,13000,,,
2022,NEW JERSEY,34,CORN,58000,68000,43044000,6612000,114
2022,NEW MEXICO,35,CORN,36000,100000,38889000,5364000,149
2022,NEW YORK,36,CORN,565000,1010000,531123000,80230000,142
2022,NORTH CAROLINA,37,CORN,775000,820000,716751000,97650000,126
2022,NORTH DAKOTA,38,CORN,2650000,2950000,2122120000,344500000,130
2022,OHIO,39,CORN,3180000,3400000,3734465000,594660000,187
2022,OKLAHOMA,40,CORN,200000,350000,184220000,24400000,122
2022,OREGON,41,CORN,45000,80000,79881000,10665000,237
2022,PENNSYLVANIA,42,CORN,645000,1020000,632100000,90300000,140
2022,RHODE ISLAND,44,CORN,,2000,,,
2022,SOUTH CAROLINA,45,CORN,300000,320000,267546000,36600000,122
2022,SOUTH DAKOTA,46,CORN,5010000,5750000,4298580000,661320000,132
2022,TENNESSEE,47,CORN,785000,830000,685776000,102050000,130
2022,TEXAS,48,CORN,1610000,2150000,1157832000,152950000,95
2022,UTAH,49,CORN,14000,60000,16748000,2310000,165
2022,VERMONT,50,CORN,,90000,,,
2022,VIRGINIA,51,CORN,325000,430000,379925000,54275000,167
2022,WASHINGTON,53,CORN,80000,135000,124080000,17600000,220
2022,WEST VIRGINIA,54,CORN,30000,40000,34776000,5040000,168
2022,WISCONSIN,55,CORN,2990000,3900000,3288402000,538200000,180
2022,WYOMING,56,CORN,56000,95000,67687000,8568000,153
2022,ALABAMA,1,SOYBEANS,355000,360000,206681000,14555000,41
2022,ARKANSAS,5,SOYBEANS,3140000,3180000,2318576000,163280000,52
2022,DELAWARE,10,SOYBEANS,158000,160000,95116000,6794000,43
2022,GEORGIA,13,SOYBEANS,158000,165000,95227000,6478000,41
2022,ILLINOIS,17,SOYBEANS,10750000,10800000,9684675000,677250000,63
2022,INDIANA,18,SOYBEANS,5830000,5850000,4827240000,335225000,57.5
2022,IOWA,19,SOYBEANS,10030000,10100000,8331921000,586755000,58.5
2022,KANSAS,20,SOYBEANS,4720000,5050000,1856140000,129800000,27.5
2022,KENTUCKY,21,SOYBEANS,1940000,1950000,1424736000,98940000,51
2022,LOUISIANA,22,SOYBEANS,1210000,1260000,767745000,56870000,47
2022,MARYLAND,24,SOYBEANS,510000,520000,307020000,21930000,43
2022,MICHIGAN,26,SOYBEANS,2240000,2250000,1547616000,105280000,47
2022,MINNESOTA,27,SOYBEANS,7390000,7450000,5209950000,369500000,50
2022,MISSISSIPPI,28,SOYBEANS,2290000,2310000,1718874000,123660000,54
2022,MISSOURI,29,SOYBEANS,6040000,6100000,3957408000,274820000,45.5
2022,NEBRASKA,31,SOYBEANS,5650000,5750000,3931270000,276850000,49
2022,NEW JERSEY,34,SOYBEANS,108000,110000,43848000,3024000,28
2022,NEW YORK,36,SOYBEANS,325000,350000,210600000,14625000,45
2022,NORTH CAROLINA,37,SOYBEANS,1680000,1700000,931392000,64680000,38.5
2022,NORTH DAKOTA,38,SOYBEANS,5670000,5700000,2718765000,198450000,35
2022,OHIO,39,SOYBEANS,5080000,5100000,4059936000,281940000,55.5
2022,OKLAHOMA,40,SOYBEANS,380000,545000,90440000,6460000,17
2022,PENNSYLVANIA,42,SOYBEANS,590000,600000,367865000,25370000,43
2022,SOUTH CAROLINA,45,SOYBEANS,395000,405000,223610000,14615000,37
2022,SOUTH DAKOTA,46,SOYBEANS,5070000,5100000,2716506000,192660000,38
2022,TENNESSEE,47,SOYBEANS,1620000,1650000,1073088000,77760000,48
2022,TEXAS,48,SOYBEANS,85000,155000,22270000,1700000,20
2022,VIRGINIA,51,SOYBEANS,610000,620000,355142000,25010000,41
2022,WISCONSIN,55,SOYBEANS,2150000,2160000,1602180000,116100000,54
2022,ALABAMA,1,WHEAT,"120,000","180,000","76,896,000","8,640,000",72
2022,ARIZONA,4,WHEAT,"84,000","85,000","106,294,000","9,576,000",114
2022,ARKANSAS,5,WHEAT,"150,000","220,000","60,659,000","7,950,000",53
2022,CALIFORNIA,6,WHEAT,"105,000","390,000","91,910,000","8,960,000",85.3
2022,COLORADO,8,WHEAT,"1,430,000","1,950,000","297,798,000","35,750,000",25
2022,DELAWARE,10,WHEAT,"54,000","80,000","30,370,000","4,104,000",76
2022,GEORGIA,13,WHEAT,"100,000","200,000","48,140,000","5,800,000",58
2022,IDAHO,16,WHEAT,"1,077,000","1,158,000","752,417,000","93,515,000",86.8
2022,ILLINOIS,17,WHEAT,"560,000","650,000","374,270,000","44,240,000",79
2022,INDIANA,18,WHEAT,"240,000","290,000","155,714,000","19,440,000",81
2022,KANSAS,20,WHEAT,"6,600,000","7,300,000","2,126,982,000","244,200,000",37
2022,KENTUCKY,21,WHEAT,"375,000","530,000","244,800,000","30,000,000",80
2022,MARYLAND,24,WHEAT,"170,000","355,000","98,124,000","13,260,000",78
2022,MICHIGAN,26,WHEAT,"415,000","460,000","265,571,000","34,445,000",83
2022,MINNESOTA,27,WHEAT,"1,210,000","1,250,000","675,362,000","73,810,000",61
2022,MISSISSIPPI,28,WHEAT,"75,000","100,000","32,955,000","3,900,000",52
2022,MISSOURI,29,WHEAT,"410,000","630,000","208,116,000","24,600,000",60
2022,MONTANA,30,WHEAT,"4,915,000","5,460,000","1,288,794,000","139,300,000",28.3
2022,NEBRASKA,31,WHEAT,"820,000","980,000","219,891,000","26,240,000",32
2022,NEW JERSEY,34,WHEAT,"22,000","26,000","11,165,000","1,540,000",70
2022,NEW MEXICO,35,WHEAT,"90,000","360,000","12,699,000","1,530,000",17
2022,NEW YORK,36,WHEAT,"100,000","140,000","56,880,000","7,200,000",72
2022,NORTH CAROLINA,37,WHEAT,"375,000","480,000","201,360,000","24,000,000",64
2022,NORTH DAKOTA,38,WHEAT,"6,135,000","6,195,000","2,654,054,000","299,900,000",48.9
2022,OHIO,39,WHEAT,"465,000","510,000","288,370,000","36,735,000",79
2022,OKLAHOMA,40,WHEAT,"2,450,000","4,300,000","611,912,000","68,600,000",28
2022,OREGON,41,WHEAT,"715,000","730,000","431,259,000","48,620,000",68
2022,PENNSYLVANIA,42,WHEAT,"210,000","270,000","121,107,000","15,330,000",73
2022,SOUTH CAROLINA,45,WHEAT,"100,000","120,000","45,600,000","5,700,000",57
2022,SOUTH DAKOTA,46,WHEAT,"1,440,000","1,580,000","625,950,000","72,040,000",50
2022,TENNESSEE,47,WHEAT,"335,000","410,000","205,422,000","24,455,000",73
2022,TEXAS,48,WHEAT,"1,300,000","5,300,000","356,850,000","39,000,000",30
2022,UTAH,49,WHEAT,"88,000","110,000","28,987,000","3,168,000",36
2022,VIRGINIA,51,WHEAT,"150,000","230,000","87,210,000","10,200,000",68
2022,WASHINGTON,53,WHEAT,"2,270,000","2,325,000","1,171,388,000","144,020,000",63.4
2022,WISCONSIN,55,WHEAT,"235,000","300,000","134,726,000","18,330,000",78
2022,WYOMING,56,WHEAT,"95,000","115,000","13,324,000","1,615,000",17
2021,ALABAMA,1,CORN,320000,330000,308266000,52160000,163
2021,ARIZONA,4,CORN,18000,95000,24924000,3258000,181
2021,ARKANSAS,5,CORN,830000,850000,908684000,152720000,184
2021,CALIFORNIA,6,CORN,50000,400000,68620000,9400000,188
2021,COLORADO,8,CORN,1140000,1370000,894125000,147060000,129
2021,CONNECTICUT,9,CORN,,24000,,,
2021,DELAWARE,10,CORN,167000,170000,201268000,30728000,184
2021,FLORIDA,12,CORN,66000,95000,69928000,11616000,176
2021,GEORGIA,13,CORN,435000,470000,456019000,79170000,182
2021,IDAHO,16,CORN,115000,380000,146108000,24150000,210
2021,ILLINOIS,17,CORN,10850000,11000000,13062532000,2191700000,202
2021,INDIANA,18,CORN,5270000,5400000,6237836000,1027650000,195
2021,IOWA,19,CORN,12450000,12900000,15492780000,2539800000,204
2021,KANSAS,20,CORN,5400000,5700000,4518612000,750600000,139
2021,KENTUCKY,21,CORN,1420000,1530000,1578586000,272640000,192
2021,LOUISIANA,22,CORN,565000,580000,546960000,103395000,183
2021,MAINE,23,CORN,,30000,,,
2021,MARYLAND,24,CORN,415000,460000,464074000,72625000,175
2021,MASSACHUSETTS,25,CORN,,14000,,,
2021,MICHIGAN,26,CORN,1990000,2350000,2029084000,346260000,174
2021,MINNESOTA,27,CORN,7790000,8350000,8148885000,1378830000,177
2021,MISSISSIPPI,28,CORN,700000,730000,708253000,126700000,181
2021,MISSOURI,29,CORN,3430000,3600000,3354026000,545370000,159
2021,MONTANA,30,CORN,60000,120000,41400000,6000000,100
2021,NEBRASKA,31,CORN,9560000,9900000,11053654000,1854640000,194
2021,NEVADA,32,CORN,,13000,,,
2021,NEW HAMPSHIRE,33,CORN,,13000,,,
2021,NEW JERSEY,34,CORN,69000,75000,72881000,11247000,163
2021,NEW MEXICO,35,CORN,39000,120000,41262000,7176000,184
2021,NEW YORK,36,CORN,575000,1030000,624163000,96025000,167
2021,NORTH CAROLINA,37,CORN,905000,960000,849524000,134845000,149
2021,NORTH DAKOTA,38,CORN,3630000,4100000,2233539000,381150000,105
2021,OHIO,39,CORN,3340000,3550000,3816150000,644620000,193
2021,OKLAHOMA,40,CORN,295000,340000,271695000,44250000,150
2021,OREGON,41,CORN,55000,95000,95436000,13200000,240
2021,PENNSYLVANIA,42,CORN,850000,1180000,955273000,143650000,169
2021,RHODE ISLAND,44,CORN,,2000,,,
2021,SOUTH CAROLINA,45,CORN,370000,390000,305494000,51430000,139
2021,SOUTH DAKOTA,46,CORN,5480000,6150000,4486695000,734320000,134
2021,TENNESSEE,47,CORN,930000,990000,896427000,158100000,170
2021,TEXAS,48,CORN,1850000,2150000,1463424000,236800000,128
2021,UTAH,49,CORN,17000,65000,19932000,3043000,179
2021,VERMONT,50,CORN,,85000,,,
2021,VIRGINIA,51,CORN,345000,490000,353280000,55200000,160
2021,WASHINGTON,53,CORN,85000,165000,133015000,21080000,248
2021,WEST VIRGINIA,54,CORN,33000,45000,28987000,4752000,144
2021,WISCONSIN,55,CORN,3000000,3950000,3240000000,540000000,180
2021,WYOMING,56,CORN,79000,95000,62568000,10428000,132
2021,ALABAMA,1,SOYBEANS,305000,310000,189405000,14030000,46
2021,ARKANSAS,5,SOYBEANS,3000000,3040000,2012400000,156000000,52
2021,DELAWARE,10,SOYBEANS,153000,155000,110803000,7803000,51
2021,GEORGIA,13,SOYBEANS,135000,140000,86319000,6210000,46
2021,ILLINOIS,17,SOYBEANS,10510000,10600000,9222525000,683150000,65
2021,INDIANA,18,SOYBEANS,5640000,5650000,4500720000,338400000,60
2021,IOWA,19,SOYBEANS,10030000,10100000,8467326000,631890000,63
2021,KANSAS,20,SOYBEANS,4800000,4850000,2476800000,192000000,40
2021,KENTUCKY,21,SOYBEANS,1840000,1850000,1349824000,103040000,56
2021,LOUISIANA,22,SOYBEANS,1060000,1080000,683488000,55120000,52
2021,MARYLAND,24,SOYBEANS,485000,490000,365011000,25705000,53
2021,MICHIGAN,26,SOYBEANS,2140000,2150000,1527960000,109140000,51
2021,MINNESOTA,27,SOYBEANS,7580000,7650000,4773884000,356260000,47
2021,MISSISSIPPI,28,SOYBEANS,2170000,2220000,1453032000,117180000,54
2021,MISSOURI,29,SOYBEANS,5640000,5700000,3813768000,276360000,49
2021,NEBRASKA,31,SOYBEANS,5570000,5600000,4456557000,350910000,63
2021,NEW JERSEY,34,SOYBEANS,99000,100000,58747000,4554000,46
2021,NEW YORK,36,SOYBEANS,320000,325000,208608000,16960000,53
2021,NORTH CAROLINA,37,SOYBEANS,1630000,1650000,860640000,65200000,40
2021,NORTH DAKOTA,38,SOYBEANS,7120000,7250000,2287656000,181560000,25.5
2021,OHIO,39,SOYBEANS,4880000,4900000,3782976000,278160000,57
2021,OKLAHOMA,40,SOYBEANS,535000,580000,146430000,12305000,23
2021,PENNSYLVANIA,42,SOYBEANS,595000,600000,435183000,31535000,53
2021,SOUTH CAROLINA,45,SOYBEANS,385000,395000,213598000,14630000,38
2021,SOUTH DAKOTA,46,SOYBEANS,5390000,5450000,2824360000,215600000,40
2021,TENNESSEE,47,SOYBEANS,1520000,1550000,972800000,76000000,50
2021,TEXAS,48,SOYBEANS,100000,110000,44460000,3800000,38
2021,VIRGINIA,51,SOYBEANS,590000,600000,369104000,27140000,46
2021,WISCONSIN,55,SOYBEANS,2070000,2100000,1445895000,113850000,55
2021,ALABAMA,1,WHEAT,"110,000","175,000","64,367,000","9,130,000",83
2021,ARIZONA,4,WHEAT,"59,000","60,000","41,312,000","5,310,000",90
2021,ARKANSAS,5,WHEAT,"145,000","210,000","54,160,000","8,410,000",58
2021,CALIFORNIA,6,WHEAT,"110,000","385,000","77,253,000","9,580,000",87.1
2021,COLORADO,8,WHEAT,"1,880,000","2,200,000","475,790,000","69,560,000",37
2021,DELAWARE,10,WHEAT,"35,000","60,000","18,008,000","2,450,000",70
2021,GEORGIA,13,WHEAT,"110,000","220,000","40,348,000","6,160,000",56
2021,IDAHO,16,WHEAT,"1,132,000","1,227,000","528,946,000","76,534,000",67.6
2021,ILLINOIS,17,WHEAT,"610,000","670,000","309,862,000","48,190,000",79
2021,INDIANA,18,WHEAT,"270,000","340,000","147,339,000","22,950,000",85
2021,KANSAS,20,WHEAT,"7,000,000","7,300,000","2,453,360,000","364,000,000",52
2021,KENTUCKY,21,WHEAT,"350,000","510,000","194,880,000","30,450,000",87
2021,MARYLAND,24,WHEAT,"160,000","345,000","92,904,000","12,640,000",79
2021,MICHIGAN,26,WHEAT,"560,000","610,000","283,046,000","45,360,000",81
2021,MINNESOTA,27,WHEAT,"1,160,000","1,210,000","496,666,000","55,680,000",48
2021,MISSISSIPPI,28,WHEAT,"70,000","95,000","25,482,000","4,130,000",59
2021,MISSOURI,29,WHEAT,"490,000","640,000","217,854,000","31,850,000",65
2021,MONTANA,30,WHEAT,"4,530,000","5,520,000","874,189,000","100,610,000",22.2
2021,NEBRASKA,31,WHEAT,"840,000","920,000","282,769,000","41,160,000",49
2021,NEW JERSEY,34,WHEAT,"16,000","23,000","7,879,000","1,072,000",67
2021,NEW MEXICO,35,WHEAT,"80,000","380,000","20,160,000","2,880,000",36
2021,NEW YORK,36,WHEAT,"125,000","155,000","75,556,000","9,625,000",77
2021,NORTH CAROLINA,37,WHEAT,"345,000","450,000","138,331,000","19,320,000",56
2021,NORTH DAKOTA,38,WHEAT,"6,090,000","6,470,000","1,829,326,000","196,195,000",32.2
2021,OHIO,39,WHEAT,"515,000","580,000","284,100,000","43,775,000",85
2021,OKLAHOMA,40,WHEAT,"2,950,000","4,400,000","763,932,000","115,050,000",39
2021,OREGON,41,WHEAT,"705,000","720,000","276,325,000","31,725,000",45
2021,PENNSYLVANIA,42,WHEAT,"195,000","270,000","113,363,000","15,015,000",77
2021,SOUTH CAROLINA,45,WHEAT,"100,000","125,000","34,715,000","5,300,000",53
2021,SOUTH DAKOTA,46,WHEAT,"1,290,000","1,520,000","361,561,000","43,800,000",34
2021,TENNESSEE,47,WHEAT,"330,000","400,000","160,964,000","23,430,000",71
2021,TEXAS,48,WHEAT,"2,000,000","5,500,000","481,740,000","74,000,000",37
2021,UTAH,49,WHEAT,"93,000","110,000","30,374,000","4,278,000",46
2021,VIRGINIA,51,WHEAT,"120,000","205,000","56,843,000","8,040,000",67
2021,WASHINGTON,53,WHEAT,"2,230,000","2,330,000","756,838,000","87,180,000",39.1
2021,WISCONSIN,55,WHEAT,"245,000","290,000","114,844,000","18,375,000",75
2021,WYOMING,56,WHEAT,"95,000","115,000","22,800,000","3,040,000",32
2020,ALABAMA,1,CORN,310000,320000,251757000,48980000,158
2020,ARIZONA,4,CORN,29000,75000,31633000,5858000,202
2020,ARKANSAS,5,CORN,605000,620000,499827000,111320000,184
2020,CALIFORNIA,6,CORN,60000,440000,53295000,11220000,187
2020,COLORADO,8,CORN,1060000,1420000,568075000,122960000,116
2020,CONNECTICUT,9,CORN,,24000,,,
2020,DELAWARE,10,CORN,176000,180000,157696000,28160000,160
2020,FLORIDA,12,CORN,61000,100000,47730000,8418000,138
2020,GEORGIA,13,CORN,390000,420000,356616000,70200000,180
2020,IDAHO,16,CORN,130000,390000,124176000,25870000,199
2020,ILLINOIS,17,CORN,11100000,11300000,9455646000,2120100000,191
2020,INDIANA,18,CORN,5250000,5400000,4565138000,981750000,187
2020,IOWA,19,CORN,12900000,13600000,10594512000,2283300000,177
2020,KANSAS,20,CORN,5720000,6100000,3334188000,766480000,134
2020,KENTUCKY,21,CORN,1360000,1470000,1131085000,250240000,184
2020,LOUISIANA,22,CORN,485000,500000,328316000,87785000,181
2020,MAINE,23,CORN,,30000,,,
2020,MARYLAND,24,CORN,420000,475000,364560000,65100000,155
2020,MASSACHUSETTS,25,CORN,,14000,,,
2020,MICHIGAN,26,CORN,1980000,2350000,1429877000,302940000,153
2020,MINNESOTA,27,CORN,7510000,8000000,6483533000,1434410000,191
2020,MISSISSIPPI,28,CORN,490000,510000,355446000,88200000,180
2020,MISSOURI,29,CORN,3280000,3450000,2559384000,557600000,170
2020,MONTANA,30,CORN,61000,115000,29256000,6649000,109
2020,NEBRASKA,31,CORN,9840000,10200000,7917264000,1771200000,180
2020,NEVADA,32,CORN,,13000,,,
2020,NEW HAMPSHIRE,33,CORN,,13000,,,
2020,NEW JERSEY,34,CORN,73000,80000,64912000,11388000,156
2020,NEW MEXICO,35,CORN,37000,125000,33911000,7215000,195
2020,NEW YORK,36,CORN,550000,1030000,526735000,86350000,157
2020,NORTH CAROLINA,37,CORN,940000,990000,499234000,106220000,113
2020,NORTH DAKOTA,38,CORN,1780000,1950000,1098545000,247420000,139
2020,OHIO,39,CORN,3300000,3550000,2646567000,564300000,171
2020,OKLAHOMA,40,CORN,320000,360000,187920000,43200000,135
2020,OREGON,41,CORN,65000,100000,85374000,15665000,241
2020,PENNSYLVANIA,42,CORN,905000,1320000,688144000,124890000,138
2020,RHODE ISLAND,44,CORN,,2000,,,
2020,SOUTH CAROLINA,45,CORN,370000,390000,212942000,48840000,132
2020,SOUTH DAKOTA,46,CORN,4450000,4900000,3150333000,720900000,162
2020,TENNESSEE,47,CORN,815000,860000,651185000,138550000,170
2020,TEXAS,48,CORN,1810000,2250000,1047194000,231680000,128
2020,UTAH,49,CORN,29000,85000,23117000,4321000,149
2020,VERMONT,50,CORN,,85000,,,
2020,VIRGINIA,51,CORN,405000,540000,251991000,49410000,122
2020,WASHINGTON,53,CORN,85000,195000,91086000,19380000,228
2020,WEST VIRGINIA,54,CORN,33000,46000,22334000,4752000,144
2020,WISCONSIN,55,CORN,2930000,3950000,2250592000,506890000,173
2020,WYOMING,56,CORN,54000,95000,26023000,6588000,122
2020,ALABAMA,1,SOYBEANS,275000,280000,131918000,11275000,41
2020,ARKANSAS,5,SOYBEANS,2800000,2820000,1514100000,144200000,51.5
2020,DELAWARE,10,SOYBEANS,148000,150000,84123000,7252000,49
2020,GEORGIA,13,SOYBEANS,95000,100000,50635000,3895000,41
2020,ILLINOIS,17,SOYBEANS,10250000,10300000,6703500000,615000000,60
2020,INDIANA,18,SOYBEANS,5730000,5750000,3752577000,338070000,59
2020,IOWA,19,SOYBEANS,9370000,9450000,5616378000,505980000,54
2020,KANSAS,20,SOYBEANS,4750000,4800000,2083825000,194750000,41
2020,KENTUCKY,21,SOYBEANS,1840000,1850000,1092960000,101200000,55
2020,LOUISIANA,22,SOYBEANS,1020000,1050000,540600000,54060000,53
2020,MARYLAND,24,SOYBEANS,465000,485000,253518000,21855000,47
2020,MICHIGAN,26,SOYBEANS,2190000,2200000,1229904000,105120000,48
2020,MINNESOTA,27,SOYBEANS,7380000,7450000,4059000000,369000000,50
2020,MISSISSIPPI,28,SOYBEANS,2060000,2090000,1134648000,111240000,54
2020,MISSOURI,29,SOYBEANS,5810000,5850000,3289041000,296310000,51
2020,NEBRASKA,31,SOYBEANS,5160000,5200000,3052656000,299280000,58
2020,NEW JERSEY,34,SOYBEANS,93000,94000,49197000,4278000,46
2020,NEW YORK,36,SOYBEANS,312000,315000,179806000,15912000,51
2020,NORTH CAROLINA,37,SOYBEANS,1570000,1600000,668192000,59660000,38
2020,NORTH DAKOTA,38,SOYBEANS,5700000,5750000,1976760000,193800000,34
2020,OHIO,39,SOYBEANS,4920000,4950000,3057780000,270600000,55
2020,OKLAHOMA,40,SOYBEANS,540000,560000,163620000,16200000,30
2020,PENNSYLVANIA,42,SOYBEANS,630000,640000,327474000,28980000,46
2020,SOUTH CAROLINA,45,SOYBEANS,295000,310000,123900000,10325000,35
2020,SOUTH DAKOTA,46,SOYBEANS,4920000,4950000,2331096000,226320000,46
2020,TENNESSEE,47,SOYBEANS,1620000,1650000,874800000,81000000,50
2020,TEXAS,48,SOYBEANS,110000,120000,34034000,3740000,34
2020,VIRGINIA,51,SOYBEANS,560000,570000,279888000,23520000,42
2020,WISCONSIN,55,SOYBEANS,1990000,2020000,1076192000,103480000,52
2020,ALABAMA,1,WHEAT,"70,000","135,000","26,460,000","5,040,000",72
2020,ARIZONA,4,WHEAT,"49,000","50,000","36,819,000","4,851,000",99
2020,ARKANSAS,5,WHEAT,"75,000","145,000","22,440,000","4,125,000",55
2020,CALIFORNIA,6,WHEAT,"92,000","410,000","44,320,000","7,104,000",77.2
2020,COLORADO,8,WHEAT,"1,500,000","1,900,000","187,110,000","40,500,000",27
2020,DELAWARE,10,WHEAT,"55,000","75,000","23,287,000","4,015,000",73
2020,GEORGIA,13,WHEAT,"85,000","190,000","24,310,000","4,675,000",55
2020,IDAHO,16,WHEAT,"1,154,000","1,240,000","571,065,000","111,496,000",96.6
2020,ILLINOIS,17,WHEAT,"520,000","570,000","190,590,000","35,360,000",68
2020,INDIANA,18,WHEAT,"250,000","300,000","92,400,000","17,500,000",70
2020,KANSAS,20,WHEAT,"6,250,000","6,600,000","1,274,063,000","281,250,000",45
2020,KENTUCKY,21,WHEAT,"340,000","510,000","119,309,000","21,420,000",63
2020,MARYLAND,24,WHEAT,"150,000","355,000","62,415,000","10,950,000",73
2020,MICHIGAN,26,WHEAT,"450,000","490,000","179,550,000","33,750,000",75
2020,MINNESOTA,27,WHEAT,"1,360,000","1,430,000","374,816,000","72,080,000",53
2020,MISSISSIPPI,28,WHEAT,"20,000","40,000","5,203,000","960,000",48
2020,MISSOURI,29,WHEAT,"360,000","480,000","124,546,000","22,320,000",62
2020,MONTANA,30,WHEAT,"5,490,000","5,595,000","1,205,924,000","228,680,000",41.7
2020,NEBRASKA,31,WHEAT,"830,000","900,000","158,240,000","34,030,000",41
2020,NEW JERSEY,34,WHEAT,"18,000","25,000","6,995,000","1,206,000",67
2020,NEW MEXICO,35,WHEAT,"115,000","335,000","16,615,000","3,220,000",28
2020,NEW YORK,36,WHEAT,"110,000","150,000","41,890,000","7,260,000",66
2020,NORTH CAROLINA,37,WHEAT,"350,000","450,000","103,740,000","21,000,000",60
2020,NORTH DAKOTA,38,WHEAT,"6,563,000","6,650,000","1,627,388,000","312,587,000",47.6
2020,OHIO,39,WHEAT,"490,000","530,000","183,343,000","34,790,000",71
2020,OKLAHOMA,40,WHEAT,"2,550,000","4,250,000","464,100,000","102,000,000",40
2020,OREGON,41,WHEAT,"725,000","740,000","273,760,000","46,400,000",64
2020,PENNSYLVANIA,42,WHEAT,"180,000","235,000","75,019,000","12,780,000",71
2020,SOUTH CAROLINA,45,WHEAT,"95,000","110,000","24,952,000","4,845,000",51
2020,SOUTH DAKOTA,46,WHEAT,"1,345,000","1,400,000","350,489,000","69,705,000",51.8
2020,TENNESSEE,47,WHEAT,"230,000","300,000","75,314,000","13,570,000",59
2020,TEXAS,48,WHEAT,"2,000,000","4,900,000","307,200,000","60,000,000",30
2020,UTAH,49,WHEAT,"98,000","110,000","28,203,000","5,194,000",53
2020,VIRGINIA,51,WHEAT,"130,000","220,000","42,120,000","7,800,000",60
2020,WASHINGTON,53,WHEAT,"2,295,000","2,350,000","948,593,000","166,245,000",72.4
2020,WISCONSIN,55,WHEAT,"125,000","160,000","42,263,000","8,625,000",69
2020,WYOMING,56,WHEAT,"90,000","120,000","11,021,000","2,340,000",26
2019,ALABAMA,1,CORN,285000,300000,167161000,41895000,147
2019,ARIZONA,4,CORN,37000,90000,46154000,8547000,231
2019,ARKANSAS,5,CORN,735000,770000,496493000,128625000,175
2019,CALIFORNIA,6,CORN,60000,480000,46368000,10080000,168
2019,COLORADO,8,CORN,1300000,1550000,588432000,159900000,123
2019,CONNECTICUT,9,CORN,,23000,,,
2019,DELAWARE,10,CORN,180000,185000,124614000,28980000,161
2019,FLORIDA,12,CORN,54000,95000,38167000,8694000,161
2019,GEORGIA,13,CORN,350000,395000,253680000,56000000,160
2019,IDAHO,16,CORN,150000,390000,137453000,30750000,205
2019,ILLINOIS,17,CORN,10200000,10500000,6554010000,1846200000,181
2019,INDIANA,18,CORN,4770000,4950000,3095539000,806130000,169
2019,IOWA,19,CORN,12950000,13400000,8974350000,2564100000,198
2019,KANSAS,20,CORN,6020000,6400000,2850350000,800660000,133
2019,KENTUCKY,21,CORN,1450000,1550000,960596000,245050000,169
2019,LOUISIANA,22,CORN,545000,570000,347111000,89925000,165
2019,MAINE,23,CORN,,29000,,,
2019,MARYLAND,24,CORN,460000,510000,318458000,74060000,161
2019,MASSACHUSETTS,25,CORN,,14000,,,
2019,MICHIGAN,26,CORN,1610000,2000000,882779000,236670000,147
2019,MINNESOTA,27,CORN,7250000,7800000,4112490000,1261500000,174
2019,MISSISSIPPI,28,CORN,615000,660000,413059000,107010000,174
2019,MISSOURI,29,CORN,2980000,3200000,1695173000,461900000,155
2019,MONTANA,30,CORN,60000,115000,21090000,5700000,95
2019,NEBRASKA,31,CORN,9810000,10100000,6284678000,1785420000,182
2019,NEVADA,32,CORN,,15000,,,
2019,NEW HAMPSHIRE,33,CORN,,12000,,,
2019,NEW JERSEY,34,CORN,68000,77000,45322000,10540000,155
2019,NEW MEXICO,35,CORN,48000,150000,28512000,6480000,135
2019,NEW YORK,36,CORN,520000,970000,345072000,82160000,158
2019,NORTH CAROLINA,37,CORN,930000,990000,455244000,103230000,111
2019,NORTH DAKOTA,38,CORN,3130000,3500000,1258792000,410030000,131
2019,OHIO,39,CORN,2570000,2800000,1647987000,421480000,164
2019,OKLAHOMA,40,CORN,330000,370000,180840000,45210000,137
2019,OREGON,41,CORN,49000,85000,50400000,11613000,237
2019,PENNSYLVANIA,42,CORN,930000,1300000,587658000,142290000,153
2019,RHODE ISLAND,44,CORN,,2000,,,
2019,SOUTH CAROLINA,45,CORN,350000,380000,172144000,37100000,106
2019,SOUTH DAKOTA,46,CORN,3870000,4350000,1850170000,557280000,144
2019,TENNESSEE,47,CORN,910000,970000,608845000,161070000,177
2019,TEXAS,48,CORN,2150000,2500000,1200990000,285950000,133
2019,UTAH,49,CORN,26000,85000,15987000,3718000,143
2019,VERMONT,50,CORN,,81000,,,
2019,VIRGINIA,51,CORN,380000,540000,224352000,54720000,144
2019,WASHINGTON,53,CORN,84000,170000,82220000,19908000,237
2019,WEST VIRGINIA,54,CORN,38000,52000,25707000,6270000,165
2019,WISCONSIN,55,CORN,2670000,3800000,1520245000,443220000,166
2019,WYOMING,56,CORN,67000,95000,28431000,8241000,123
2019,ALABAMA,1,SOYBEANS,260000,265000,85176000,9360000,36
2019,ARKANSAS,5,SOYBEANS,2610000,2650000,1134384000,127890000,49
2019,DELAWARE,10,SOYBEANS,153000,155000,60045000,7191000,47
2019,GEORGIA,13,SOYBEANS,86000,100000,22321000,2494000,29
2019,ILLINOIS,17,SOYBEANS,9860000,9950000,4706770000,532440000,54
2019,INDIANA,18,SOYBEANS,5360000,5400000,2438371000,273360000,51
2019,IOWA,19,SOYBEANS,9120000,9200000,4253568000,501600000,55
2019,KANSAS,20,SOYBEANS,4490000,4550000,1542854000,186335000,41.5
2019,KENTUCKY,21,SOYBEANS,1680000,1700000,693974000,77280000,46
2019,LOUISIANA,22,SOYBEANS,860000,890000,359136000,41280000,48
2019,MARYLAND,24,SOYBEANS,475000,480000,174515000,20900000,44
2019,MICHIGAN,26,SOYBEANS,1720000,1760000,613705000,69660000,40.5
2019,MINNESOTA,27,SOYBEANS,6770000,6850000,2469425000,297880000,44
2019,MISSISSIPPI,28,SOYBEANS,1630000,1660000,717200000,81500000,50
2019,MISSOURI,29,SOYBEANS,5010000,5100000,2016525000,230460000,46
2019,NEBRASKA,31,SOYBEANS,4840000,4900000,2341568000,283140000,58.5
2019,NEW JERSEY,34,SOYBEANS,92000,95000,28764000,3404000,37
2019,NEW YORK,36,SOYBEANS,225000,235000,91800000,10800000,48
2019,NORTH CAROLINA,37,SOYBEANS,1510000,1540000,460324000,52850000,35
2019,NORTH DAKOTA,38,SOYBEANS,5400000,5600000,1348893000,170100000,31.5
2019,OHIO,39,SOYBEANS,4270000,4300000,1891439000,209230000,49
2019,OKLAHOMA,40,SOYBEANS,440000,465000,107822000,12760000,29
2019,PENNSYLVANIA,42,SOYBEANS,610000,620000,254065000,29890000,49
2019,SOUTH CAROLINA,45,SOYBEANS,315000,335000,75348000,8190000,26
2019,SOUTH DAKOTA,46,SOYBEANS,3440000,3500000,1201764000,146200000,42.5
2019,TENNESSEE,47,SOYBEANS,1370000,1400000,576934000,64390000,47
2019,TEXAS,48,SOYBEANS,72000,80000,15523000,2016000,28
2019,VIRGINIA,51,SOYBEANS,560000,570000,167552000,19040000,34
2019,WISCONSIN,55,SOYBEANS,1690000,1750000,668801000,79430000,47
2019,ALABAMA,1,WHEAT,"85,000","130,000","30,906,000","6,120,000",72
2019,ARIZONA,4,WHEAT,"35,000","36,000","24,060,000","3,640,000",104
2019,ARKANSAS,5,WHEAT,"50,000","110,000","13,312,000","2,600,000",52
2019,CALIFORNIA,6,WHEAT,"122,000","420,000","43,464,000","7,244,000",59.4
2019,COLORADO,8,WHEAT,"2,000,000","2,150,000","392,980,000","98,000,000",49
2019,DELAWARE,10,WHEAT,"50,000","60,000","17,820,000","3,600,000",72
2019,GEORGIA,13,WHEAT,"50,000","150,000","13,720,000","2,800,000",56
2019,IDAHO,16,WHEAT,"1,125,000","1,195,000","497,252,000","98,755,000",87.8
2019,ILLINOIS,17,WHEAT,"550,000","650,000","186,461,000","36,850,000",67
2019,INDIANA,18,WHEAT,"260,000","330,000","79,794,000","16,120,000",62
2019,KANSAS,20,WHEAT,"6,700,000","7,100,000","1,421,472,000","348,400,000",52
2019,KENTUCKY,21,WHEAT,"330,000","460,000","133,676,000","25,080,000",76
2019,MARYLAND,24,WHEAT,"165,000","345,000","61,256,000","12,375,000",75
2019,MICHIGAN,26,WHEAT,"490,000","550,000","181,256,000","34,790,000",71
2019,MINNESOTA,27,WHEAT,"1,400,000","1,450,000","364,686,000","79,800,000",57
2019,MISSISSIPPI,28,WHEAT,"21,000","45,000","5,073,000","987,000",47
2019,MISSOURI,29,WHEAT,"390,000","550,000","127,027,000","24,570,000",63
2019,MONTANA,30,WHEAT,"5,135,000","5,450,000","1,023,209,000","217,725,000",42.4
2019,NEBRASKA,31,WHEAT,"970,000","1,070,000","214,525,000","55,290,000",57
2019,NEW JERSEY,34,WHEAT,"14,000","19,000","4,574,000","924,000",66
2019,NEW MEXICO,35,WHEAT,"110,000","365,000","14,454,000","3,300,000",30
2019,NEW YORK,36,WHEAT,"66,000","90,000","22,869,000","4,158,000",63
2019,NORTH CAROLINA,37,WHEAT,"225,000","290,000","66,780,000","12,600,000",56
2019,NORTH DAKOTA,38,WHEAT,"6,630,000","7,505,000","1,429,651,000","321,185,000",48.4
2019,OHIO,39,WHEAT,"385,000","500,000","112,543,000","21,560,000",56
2019,OKLAHOMA,40,WHEAT,"2,750,000","4,200,000","474,100,000","110,000,000",40
2019,OREGON,41,WHEAT,"730,000","740,000","284,437,000","49,640,000",68
2019,PENNSYLVANIA,42,WHEAT,"140,000","180,000","57,232,000","10,220,000",73
2019,SOUTH CAROLINA,45,WHEAT,"45,000","70,000","11,124,000","2,160,000",48
2019,SOUTH DAKOTA,46,WHEAT,"1,360,000","1,500,000","295,269,000","65,410,000",48.1
2019,TENNESSEE,47,WHEAT,"215,000","280,000","78,507,000","14,405,000",67
2019,TEXAS,48,WHEAT,"2,100,000","4,600,000","317,016,000","71,400,000",34
2019,UTAH,49,WHEAT,"116,000","125,000","31,007,000","6,264,000",54
2019,VIRGINIA,51,WHEAT,"105,000","180,000","32,876,000","6,510,000",62
2019,WASHINGTON,53,WHEAT,"2,215,000","2,270,000","792,509,000","143,205,000",64.7
2019,WISCONSIN,55,WHEAT,"150,000","195,000","43,584,000","9,600,000",64
2019,WYOMING,56,WHEAT,"110,000","125,000","18,636,000","4,730,000",43
2018,ALABAMA,1,CORN,245000,255000,157084000,38220000,156
2018,ARIZONA,4,CORN,20000,80000,21824000,4400000,220
2018,ARKANSAS,5,CORN,645000,660000,443631000,116745000,181
2018,CALIFORNIA,6,CORN,65000,430000,49478000,11245000,173
2018,COLORADO,8,CORN,1190000,1460000,567987000,153510000,129
2018,CONNECTICUT,9,CORN,,23000,,,
2018,DELAWARE,10,CORN,165000,170000,98332000,23925000,145
2018,FLORIDA,12,CORN,62000,95000,43511000,9734000,157
2018,GEORGIA,13,CORN,285000,325000,218196000,50160000,176
2018,IDAHO,16,CORN,125000,350000,117683000,26625000,213
2018,ILLINOIS,17,CORN,10800000,11000000,8210160000,2268000000,210
2018,INDIANA,18,CORN,5120000,5300000,3657830000,967680000,189
2018,IOWA,19,CORN,12750000,13200000,8971410000,2499000000,196
2018,KANSAS,20,CORN,4980000,5450000,2299864000,642420000,129
2018,KENTUCKY,21,CORN,1220000,1330000,819840000,213500000,175
2018,LOUISIANA,22,CORN,450000,460000,300501000,77850000,173
2018,MAINE,23,CORN,,30000,,,
2018,MARYLAND,24,CORN,380000,440000,228023000,55480000,146
2018,MASSACHUSETTS,25,CORN,,14000,,,
2018,MICHIGAN,26,CORN,1860000,2250000,1051718000,282720000,152
2018,MINNESOTA,27,CORN,7460000,7900000,4711288000,1357720000,182
2018,MISSISSIPPI,28,CORN,460000,480000,323380000,85100000,185
2018,MISSOURI,29,CORN,3300000,3500000,1700160000,462000000,140
2018,MONTANA,30,CORN,68000,115000,21906000,5780000,85
2018,NEBRASKA,31,CORN,9300000,9600000,6392448000,1785600000,192
2018,NEVADA,32,CORN,,13000,,,
2018,NEW HAMPSHIRE,33,CORN,,13000,,,
2018,NEW JERSEY,34,CORN,60000,70000,32994000,8460000,141
2018,NEW MEXICO,35,CORN,35000,135000,28144000,6545000,187
2018,NEW YORK,36,CORN,605000,1070000,400171000,96195000,159
2018,NORTH CAROLINA,37,CORN,830000,910000,411738000,93790000,113
2018,NORTH DAKOTA,38,CORN,2930000,3150000,1488323000,448290000,153
2018,OHIO,39,CORN,3300000,3500000,2307954000,617100000,187
2018,OKLAHOMA,40,CORN,270000,310000,139655000,36180000,134
2018,OREGON,41,CORN,40000,75000,32214000,7800000,195
2018,PENNSYLVANIA,42,CORN,855000,1250000,505134000,119700000,140
2018,RHODE ISLAND,44,CORN,,2000,,,
2018,SOUTH CAROLINA,45,CORN,310000,340000,177165000,39370000,127
2018,SOUTH DAKOTA,46,CORN,4860000,5300000,2628288000,777600000,160
2018,TENNESSEE,47,CORN,670000,720000,423226000,112560000,168
2018,TEXAS,48,CORN,1750000,2200000,780570000,189000000,108
2018,UTAH,49,CORN,22000,70000,17257000,4004000,182
2018,VERMONT,50,CORN,,85000,,,
2018,VIRGINIA,51,CORN,325000,485000,192647000,47450000,146
2018,WASHINGTON,53,CORN,84000,165000,75953000,18480000,220
2018,WEST VIRGINIA,54,CORN,33000,46000,20465000,5016000,152
2018,WISCONSIN,55,CORN,3170000,3900000,1919245000,545240000,172
2018,WYOMING,56,CORN,70000,95000,42361000,11480000,164
2018,ALABAMA,1,SOYBEANS,335000,345000,113900000,13400000,40
2018,ARKANSAS,5,SOYBEANS,3210000,3270000,1428145000,162105000,50.5
2018,DELAWARE,10,SOYBEANS,168000,170000,57519000,6972000,41.5
2018,FLORIDA,12,SOYBEANS,12000,18000,3596000,444000,37
2018,GEORGIA,13,SOYBEANS,130000,145000,40567000,5135000,39.5
2018,ILLINOIS,17,SOYBEANS,10500000,10800000,5827395000,666750000,63.5
2018,INDIANA,18,SOYBEANS,5960000,6000000,2991771000,342700000,57.5
2018,IOWA,19,SOYBEANS,9830000,9950000,4657061000,550480000,56
2018,KANSAS,20,SOYBEANS,4690000,4750000,1599243000,201670000,43
2018,KENTUCKY,21,SOYBEANS,1930000,1950000,865200000,98430000,51
2018,LOUISIANA,22,SOYBEANS,1190000,1340000,548501000,61285000,51.5
2018,MARYLAND,24,SOYBEANS,515000,530000,198640000,24463000,47.5
2018,MICHIGAN,26,SOYBEANS,2310000,2330000,935954000,109725000,47.5
2018,MINNESOTA,27,SOYBEANS,7650000,7750000,3148740000,374850000,49
2018,MISSISSIPPI,28,SOYBEANS,2190000,2230000,1046601000,118260000,54
2018,MISSOURI,29,SOYBEANS,5780000,5850000,2201718000,257210000,44.5
2018,NEBRASKA,31,SOYBEANS,5590000,5650000,2658604000,324220000,58
2018,NEW JERSEY,34,SOYBEANS,107000,110000,33731000,4227000,39.5
2018,NEW YORK,36,SOYBEANS,325000,335000,138580000,16900000,52
2018,NORTH CAROLINA,37,SOYBEANS,1570000,1650000,448675000,51810000,33
2018,NORTH DAKOTA,38,SOYBEANS,6840000,6900000,1910412000,239400000,35
2018,OHIO,39,SOYBEANS,5020000,5050000,2442933000,281120000,56
2018,OKLAHOMA,40,SOYBEANS,600000,640000,132552000,16800000,28
2018,PENNSYLVANIA,42,SOYBEANS,630000,640000,236055000,28035000,44.5
2018,SOUTH CAROLINA,45,SOYBEANS,330000,390000,87087000,9570000,29
2018,SOUTH DAKOTA,46,SOYBEANS,5580000,5650000,2001267000,251100000,45
2018,TENNESSEE,47,SOYBEANS,1670000,1700000,664869000,75985000,45.5
2018,TEXAS,48,SOYBEANS,135000,175000,32280000,4253000,31.5
2018,VIRGINIA,51,SOYBEANS,590000,600000,205674000,24780000,42
2018,WEST VIRGINIA,54,SOYBEANS,27000,29000,12164000,1431000,53
2018,WISCONSIN,55,SOYBEANS,2180000,2220000,888394000,104640000,48
2018,ALABAMA,1,WHEAT,"110,000","160,000","39,204,000","7,920,000",72
2018,ARIZONA,4,WHEAT,"77,000","96,000","55,038,000","7,898,000",102.6
2018,ARKANSAS,5,WHEAT,"95,000","175,000","25,498,000","5,225,000",55
2018,CALIFORNIA,6,WHEAT,"150,000","430,000","77,747,000","12,190,000",81.3
2018,COLORADO,8,WHEAT,"1,954,000","2,260,000","324,789,000","70,504,000",36.1
2018,DELAWARE,10,WHEAT,"45,000","75,000","15,656,000","3,195,000",71
2018,FLORIDA,12,WHEAT,"10,000","15,000","1,584,000","360,000",36
2018,GEORGIA,13,WHEAT,"70,000","200,000","18,144,000","3,780,000",54
2018,IDAHO,16,WHEAT,"1,136,000","1,191,000","539,010,000","104,410,000",91.9
2018,ILLINOIS,17,WHEAT,"560,000","600,000","176,299,000","36,960,000",66
2018,INDIANA,18,WHEAT,"260,000","310,000","90,454,000","18,460,000",71
2018,IOWA,19,WHEAT,"6,000","16,000","1,653,000","348,000",58
2018,KANSAS,20,WHEAT,"7,300,000","7,700,000","1,367,582,000","277,400,000",38
2018,KENTUCKY,21,WHEAT,"300,000","450,000","102,762,000","19,800,000",66
2018,LOUISIANA,22,WHEAT,"10,000","15,000","3,315,000","650,000",65
2018,MARYLAND,24,WHEAT,"200,000","360,000","61,740,000","12,600,000",63
2018,MICHIGAN,26,WHEAT,"470,000","510,000","181,458,000","35,720,000",76
2018,MINNESOTA,27,WHEAT,"1,575,000","1,621,000","487,796,000","92,930,000",59
2018,MISSISSIPPI,28,WHEAT,"30,000","55,000","7,174,000","1,470,000",49
2018,MISSOURI,29,WHEAT,"520,000","740,000","148,491,000","30,680,000",59
2018,MONTANA,30,WHEAT,"5,165,000","5,390,000","1,041,736,000","197,630,000",38.3
2018,NEBRASKA,31,WHEAT,"1,010,000","1,100,000","233,098,000","49,490,000",49
2018,NEVADA,32,WHEAT,"8,000","23,000","4,749,000","900,000",112.5
2018,NEW JERSEY,34,WHEAT,"15,000","18,000","4,557,000","930,000",62
2018,NEW MEXICO,35,WHEAT,"105,000","320,000","7,481,000","1,575,000",15
2018,NEW YORK,36,WHEAT,"95,000","110,000","34,807,000","6,555,000",69
2018,NORTH CAROLINA,37,WHEAT,"370,000","460,000","101,232,000","21,090,000",57
2018,NORTH DAKOTA,38,WHEAT,"7,635,000","7,735,000","1,848,508,000","363,483,000",47.6
2018,OHIO,39,WHEAT,"450,000","490,000","171,450,000","33,750,000",75
2018,OKLAHOMA,40,WHEAT,"2,500,000","4,400,000","357,000,000","70,000,000",28
2018,OREGON,41,WHEAT,"770,000","800,000","298,465,000","51,590,000",67
2018,PENNSYLVANIA,42,WHEAT,"145,000","195,000","49,953,000","9,425,000",65
2018,SOUTH CAROLINA,45,WHEAT,"65,000","80,000","16,497,000","3,510,000",54
2018,SOUTH DAKOTA,46,WHEAT,"1,628,000","1,883,000","378,573,000","72,294,000",44.4
2018,TENNESSEE,47,WHEAT,"285,000","380,000","97,071,000","18,525,000",65
2018,TEXAS,48,WHEAT,"1,750,000","4,500,000","289,520,000","56,000,000",32
2018,UTAH,49,WHEAT,"103,000","130,000","30,998,000","5,356,000",52
2018,VIRGINIA,51,WHEAT,"155,000","230,000","43,710,000","9,300,000",60
2018,WASHINGTON,53,WHEAT,"2,165,000","2,220,000","844,592,000","153,210,000",70.8
2018,WEST VIRGINIA,54,WHEAT,"3,000","7,000","676,000","138,000",46
2018,WISCONSIN,55,WHEAT,"200,000","240,000","64,610,000","14,200,000",71
2018,WYOMING,56,WHEAT,"115,000","130,000","18,573,000","3,910,000",34
2017,ALABAMA,1,CORN,235000,250000,158550000,39245000,167
2017,ARIZONA,4,CORN,32000,65000,28392000,6240000,195
2017,ARKANSAS,5,CORN,595000,620000,396341000,108885000,183
2017,CALIFORNIA,6,CORN,80000,430000,56112000,13360000,167
2017,COLORADO,8,CORN,1300000,1460000,626483000,185900000,143
2017,CONNECTICUT,9,CORN,,24000,,,
2017,DELAWARE,10,CORN,171000,180000,129922000,32319000,189
2017,FLORIDA,12,CORN,37000,75000,26628000,5957000,161
2017,GEORGIA,13,CORN,245000,290000,186710000,43120000,176
2017,IDAHO,16,CORN,115000,340000,98282000,23345000,203
2017,ILLINOIS,17,CORN,10950000,11200000,7505240000,2200950000,201
2017,INDIANA,18,CORN,5200000,5350000,3332160000,936000000,180
2017,IOWA,19,CORN,12900000,13300000,8625198000,2605800000,202
2017,KANSAS,20,CORN,5200000,5500000,2251392000,686400000,132
2017,KENTUCKY,21,CORN,1220000,1320000,801320000,217160000,178
2017,LOUISIANA,22,CORN,490000,500000,335395000,90160000,184
2017,MAINE,23,CORN,,31000,,,
2017,MARYLAND,24,CORN,420000,480000,290405000,72240000,172
2017,MASSACHUSETTS,25,CORN,,15000,,,
2017,MICHIGAN,26,CORN,1890000,2250000,1039765000,300510000,159
2017,MINNESOTA,27,CORN,7630000,8050000,4707100000,1480220000,194
2017,MISSISSIPPI,28,CORN,500000,520000,347760000,94500000,189
2017,MISSOURI,29,CORN,3250000,3400000,1884025000,552500000,170
2017,MONTANA,30,CORN,65000,115000,15516000,4550000,70
2017,NEBRASKA,31,CORN,9300000,9550000,5639055000,1683300000,181
2017,NEVADA,32,CORN,,12000,,,
2017,NEW HAMPSHIRE,33,CORN,,14000,,,
2017,NEW JERSEY,34,CORN,70000,77000,43838000,11690000,167
2017,NEW MEXICO,35,CORN,43000,125000,22472000,5762000,134
2017,NEW YORK,36,CORN,485000,1000000,317806000,78085000,161
2017,NORTH CAROLINA,37,CORN,840000,890000,505747000,119280000,142
2017,NORTH DAKOTA,38,CORN,3230000,3420000,1364869000,448970000,139
2017,OHIO,39,CORN,3150000,3400000,2012756000,557550000,177
2017,OKLAHOMA,40,CORN,305000,350000,137964000,38430000,126
2017,OREGON,41,CORN,44000,85000,35260000,9328000,212
2017,PENNSYLVANIA,42,CORN,920000,1350000,573224000,148120000,161
2017,RHODE ISLAND,44,CORN,,2000,,,
2017,SOUTH CAROLINA,45,CORN,325000,350000,194480000,44200000,136
2017,SOUTH DAKOTA,46,CORN,5080000,5700000,2276094000,736600000,145
2017,TENNESSEE,47,CORN,710000,750000,431006000,121410000,171
2017,TEXAS,48,CORN,2240000,2450000,1160320000,313600000,140
2017,UTAH,49,CORN,20000,80000,13939000,3520000,176
2017,VERMONT,50,CORN,,82000,,,
2017,VIRGINIA,51,CORN,340000,500000,188496000,47600000,140
2017,WASHINGTON,53,CORN,80000,170000,72900000,18000000,225
2017,WEST VIRGINIA,54,CORN,33000,50000,19813000,5016000,152
2017,WISCONSIN,55,CORN,2930000,3900000,1682406000,509820000,174
2017,WYOMING,56,CORN,63000,95000,32713000,9765000,155
2017,ALABAMA,1,SOYBEANS,345000,350000,149654000,15870000,46
2017,ARKANSAS,5,SOYBEANS,3500000,3530000,1743945000,178500000,51
2017,DELAWARE,10,SOYBEANS,158000,160000,74053000,8058000,51
2017,FLORIDA,12,SOYBEANS,14000,15000,4213000,476000,34
2017,GEORGIA,13,SOYBEANS,150000,155000,60606000,6300000,42
2017,ILLINOIS,17,SOYBEANS,10550000,10600000,5874240000,611900000,58
2017,INDIANA,18,SOYBEANS,5940000,5950000,3082504000,320760000,54
2017,IOWA,19,SOYBEANS,9940000,10000000,5240865000,566580000,57
2017,KANSAS,20,SOYBEANS,5110000,5150000,1724625000,191625000,37.5
2017,KENTUCKY,21,SOYBEANS,1940000,1950000,997354000,102820000,53
2017,LOUISIANA,22,SOYBEANS,1250000,1270000,652725000,67500000,54
2017,MARYLAND,24,SOYBEANS,495000,500000,232254000,25245000,51
2017,MICHIGAN,26,SOYBEANS,2270000,2280000,905900000,96475000,42.5
2017,MINNESOTA,27,SOYBEANS,8090000,8150000,3523802000,384275000,47.5
2017,MISSISSIPPI,28,SOYBEANS,2170000,2190000,1120197000,115010000,53
2017,MISSOURI,29,SOYBEANS,5910000,5950000,2773327000,292545000,49.5
2017,NEBRASKA,31,SOYBEANS,5670000,5700000,2960307000,326025000,57.5
2017,NEW JERSEY,34,SOYBEANS,99000,100000,41432000,4455000,45
2017,NEW YORK,36,SOYBEANS,265000,270000,110426000,11925000,45
2017,NORTH CAROLINA,37,SOYBEANS,1690000,1700000,642200000,67600000,40
2017,NORTH DAKOTA,38,SOYBEANS,7050000,7100000,2159838000,243225000,34.5
2017,OHIO,39,SOYBEANS,5090000,5100000,2423807000,251955000,49.5
2017,OKLAHOMA,40,SOYBEANS,640000,655000,168896000,18560000,29
2017,PENNSYLVANIA,42,SOYBEANS,605000,610000,271234000,29040000,48
2017,SOUTH CAROLINA,45,SOYBEANS,390000,400000,141086000,14820000,38
2017,SOUTH DAKOTA,46,SOYBEANS,5610000,5650000,2156596000,241230000,43
2017,TENNESSEE,47,SOYBEANS,1660000,1690000,805100000,83000000,50
2017,TEXAS,48,SOYBEANS,185000,210000,60921000,6845000,37
2017,VIRGINIA,51,SOYBEANS,590000,600000,244024000,25960000,44
2017,WEST VIRGINIA,54,SOYBEANS,26000,27000,13198000,1404000,54
2017,WISCONSIN,55,SOYBEANS,2140000,2150000,949411000,101650000,47.5
2017,ALABAMA,1,WHEAT,"100,000","150,000","35,420,000","7,700,000",77
2017,ARIZONA,4,WHEAT,"105,000","115,000","70,822,000","10,589,000",100.8
2017,ARKANSAS,5,WHEAT,"125,000","200,000","28,990,000","6,500,000",52
2017,CALIFORNIA,6,WHEAT,"182,000","420,000","67,730,000","12,404,000",68.2
2017,COLORADO,8,WHEAT,"2,029,000","2,260,000","339,873,000","87,598,000",43.2
2017,DELAWARE,10,WHEAT,"60,000","75,000","20,279,000","4,380,000",73
2017,FLORIDA,12,WHEAT,"10,000","20,000","1,480,000","370,000",37
2017,GEORGIA,13,WHEAT,"70,000","160,000","13,489,000","3,290,000",47
2017,IDAHO,16,WHEAT,"1,109,000","1,175,000","426,305,000","90,723,000",81.8
2017,ILLINOIS,17,WHEAT,"470,000","500,000","163,955,000","35,720,000",76
2017,INDIANA,18,WHEAT,"240,000","290,000","84,893,000","17,760,000",74
2017,IOWA,19,WHEAT,"8,000","16,000","2,122,000","544,000",68
2017,KANSAS,20,WHEAT,"6,950,000","7,600,000","1,357,752,000","333,600,000",48
2017,KENTUCKY,21,WHEAT,"310,000","480,000","111,712,000","23,870,000",77
2017,LOUISIANA,22,WHEAT,"13,000","20,000","2,512,000","598,000",46
2017,MARYLAND,24,WHEAT,"185,000","410,000","60,815,000","13,135,000",71
2017,MICHIGAN,26,WHEAT,"425,000","480,000","152,431,000","33,575,000",79
2017,MINNESOTA,27,WHEAT,"1,135,000","1,170,000","438,062,000","75,935,000",66.9
2017,MISSISSIPPI,28,WHEAT,"25,000","45,000","6,235,000","1,450,000",58
2017,MISSOURI,29,WHEAT,"540,000","640,000","164,138,000","36,720,000",68
2017,MONTANA,30,WHEAT,"4,665,000","5,140,000","695,891,000","127,430,000",27.3
2017,NEBRASKA,31,WHEAT,"1,020,000","1,120,000","189,088,000","46,920,000",46
2017,NEVADA,32,WHEAT,"14,000","29,000","7,233,000","1,480,000",105.7
2017,NEW JERSEY,34,WHEAT,"17,000","23,000","5,005,000","1,088,000",64
2017,NEW MEXICO,35,WHEAT,"135,000","330,000","17,010,000","4,050,000",30
2017,NEW YORK,36,WHEAT,"125,000","140,000","40,870,000","8,375,000",67
2017,NORTH CAROLINA,37,WHEAT,"375,000","450,000","96,938,000","20,625,000",55
2017,NORTH DAKOTA,38,WHEAT,"6,260,000","6,680,000","1,362,415,000","237,133,000",37.9
2017,OHIO,39,WHEAT,"460,000","490,000","166,796,000","34,040,000",74
2017,OKLAHOMA,40,WHEAT,"2,900,000","4,500,000","392,428,000","98,600,000",34
2017,OREGON,41,WHEAT,"763,000","775,000","245,537,000","48,069,000",63
2017,PENNSYLVANIA,42,WHEAT,"150,000","210,000","56,268,000","10,800,000",72
2017,SOUTH CAROLINA,45,WHEAT,"75,000","90,000","15,435,000","3,675,000",49
2017,SOUTH DAKOTA,46,WHEAT,"1,196,000","1,887,000","233,427,000","41,678,000",34.8
2017,TENNESSEE,47,WHEAT,"275,000","370,000","88,550,000","19,250,000",70
2017,TEXAS,48,WHEAT,"2,350,000","4,700,000","265,104,000","68,150,000",29
2017,UTAH,49,WHEAT,"120,000","134,000","32,448,000","6,240,000",52
2017,VIRGINIA,51,WHEAT,"145,000","210,000","44,022,000","9,570,000",66
2017,WASHINGTON,53,WHEAT,"2,140,000","2,195,000","690,902,000","142,500,000",66.6
2017,WEST VIRGINIA,54,WHEAT,"4,000","8,000","1,297,000","276,000",69
2017,WISCONSIN,55,WHEAT,"170,000","210,000","47,974,000","11,560,000",68
2017,WYOMING,56,WHEAT,"105,000","135,000","11,466,000","2,940,000",28
2016,ALABAMA,1,CORN,315000,330000,137214000,37800000,120
2016,ARIZONA,4,CORN,50000,95000,50848000,10750000,215
2016,ARKANSAS,5,CORN,745000,760000,470088000,127395000,171
2016,CALIFORNIA,6,CORN,100000,420000,86765000,18500000,185
2016,COLORADO,8,CORN,1170000,1340000,548192000,160290000,137
2016,CONNECTICUT,9,CORN,,25000,,,
2016,DELAWARE,10,CORN,164000,170000,114029000,27880000,170
2016,FLORIDA,12,CORN,40000,80000,22794000,5800000,145
2016,GEORGIA,13,CORN,340000,410000,217668000,56100000,165
2016,IDAHO,16,CORN,100000,340000,83472000,18800000,188
2016,ILLINOIS,17,CORN,11450000,11600000,7736880000,2255650000,197
2016,INDIANA,18,CORN,5470000,5600000,3435105000,946310000,173
2016,IOWA,19,CORN,13500000,13900000,9043650000,2740500000,203
2016,KANSAS,20,CORN,4920000,5100000,2235648000,698640000,142
2016,KENTUCKY,21,CORN,1400000,1500000,832524000,222600000,159
2016,LOUISIANA,22,CORN,550000,620000,335775000,90750000,165
2016,MAINE,23,CORN,,31000,,,
2016,MARYLAND,24,CORN,400000,460000,246240000,60800000,152
2016,MASSACHUSETTS,25,CORN,,16000,,,
2016,MICHIGAN,26,CORN,2040000,2400000,1101763000,320280000,157
2016,MINNESOTA,27,CORN,8000000,8450000,4956240000,1544000000,193
2016,MISSISSIPPI,28,CORN,720000,750000,447005000,119520000,166
2016,MISSOURI,29,CORN,3500000,3650000,1939700000,570500000,163
2016,MONTANA,30,CORN,55000,115000,22825000,5500000,100
2016,NEBRASKA,31,CORN,9550000,9850000,5643668000,1699900000,178
2016,NEVADA,32,CORN,,11000,,,
2016,NEW HAMPSHIRE,33,CORN,,15000,,,
2016,NEW JERSEY,34,CORN,71000,80000,40151000,10295000,145
2016,NEW MEXICO,35,CORN,41000,120000,24170000,6150000,150
2016,NEW YORK,36,CORN,570000,1100000,286767000,73530000,129
2016,NORTH CAROLINA,37,CORN,940000,1000000,493528000,121260000,129
2016,NORTH DAKOTA,38,CORN,3270000,3450000,1555147000,516660000,158
2016,OHIO,39,CORN,3300000,3550000,1894167000,524700000,159
2016,OKLAHOMA,40,CORN,350000,400000,143567000,42350000,121
2016,OREGON,41,CORN,39000,80000,38123000,8970000,230
2016,PENNSYLVANIA,42,CORN,950000,1400000,495102000,122550000,129
2016,RHODE ISLAND,44,CORN,,2000,,,
2016,SOUTH CAROLINA,45,CORN,350000,375000,164021000,44450000,127
2016,SOUTH DAKOTA,46,CORN,5130000,5600000,2552124000,825930000,161
2016,TENNESSEE,47,CORN,830000,880000,458708000,125330000,151
2016,TEXAS,48,CORN,2550000,2900000,1201484000,323850000,127
2016,UTAH,49,CORN,29000,80000,19640000,5075000,175
2016,VERMONT,50,CORN,,90000,,,
2016,VIRGINIA,51,CORN,340000,490000,201280000,50320000,148
2016,WASHINGTON,53,CORN,85000,170000,94082000,19975000,235
2016,WEST VIRGINIA,54,CORN,35000,49000,19793000,5075000,145
2016,WISCONSIN,55,CORN,3220000,4050000,1879965000,573160000,178
2016,WYOMING,56,CORN,69000,100000,34385000,10143000,147
2016,ALABAMA,1,SOYBEANS,410000,420000,128970000,13120000,32
2016,ARKANSAS,5,SOYBEANS,3090000,3130000,1427611000,145230000,47
2016,DELAWARE,10,SOYBEANS,163000,165000,63862000,6765000,41.5
2016,FLORIDA,12,SOYBEANS,29000,31000,9135000,1044000,36
2016,GEORGIA,13,SOYBEANS,240000,260000,72720000,7200000,30
2016,ILLINOIS,17,SOYBEANS,10050000,10100000,5799051000,592950000,59
2016,INDIANA,18,SOYBEANS,5630000,5650000,3136895000,323725000,57.5
2016,IOWA,19,SOYBEANS,9440000,9500000,5290176000,566400000,60
2016,KANSAS,20,SOYBEANS,4010000,4050000,1782365000,192480000,48
2016,KENTUCKY,21,SOYBEANS,1780000,1790000,878430000,89000000,50
2016,LOUISIANA,22,SOYBEANS,1190000,1230000,573110000,57715000,48.5
2016,MARYLAND,24,SOYBEANS,515000,520000,199410000,21373000,41.5
2016,MICHIGAN,26,SOYBEANS,2060000,2070000,989325000,104030000,50.5
2016,MINNESOTA,27,SOYBEANS,7490000,7550000,3594900000,389480000,52
2016,MISSISSIPPI,28,SOYBEANS,2020000,2040000,963782000,96960000,48
2016,MISSOURI,29,SOYBEANS,5540000,5600000,2606016000,271460000,49
2016,NEBRASKA,31,SOYBEANS,5150000,5200000,2883897000,314150000,61
2016,NEW JERSEY,34,SOYBEANS,98000,100000,33834000,3528000,36
2016,NEW YORK,36,SOYBEANS,320000,330000,125558000,13120000,41
2016,NORTH CAROLINA,37,SOYBEANS,1660000,1690000,569380000,58100000,35
2016,NORTH DAKOTA,38,SOYBEANS,5990000,6050000,2229807000,248585000,41.5
2016,OHIO,39,SOYBEANS,4840000,4850000,2548115000,263780000,54.5
2016,OKLAHOMA,40,SOYBEANS,470000,485000,128122000,13630000,29
2016,PENNSYLVANIA,42,SOYBEANS,595000,600000,249757000,26180000,44
2016,SOUTH CAROLINA,45,SOYBEANS,405000,420000,121532000,12555000,31
2016,SOUTH DAKOTA,46,SOYBEANS,5170000,5200000,2310912000,255915000,49.5
2016,TENNESSEE,47,SOYBEANS,1630000,1660000,717363000,73350000,45
2016,TEXAS,48,SOYBEANS,145000,165000,41174000,4495000,31
2016,VIRGINIA,51,SOYBEANS,600000,610000,203040000,21600000,36
2016,WEST VIRGINIA,54,SOYBEANS,26000,27000,12464000,1326000,51
2016,WISCONSIN,55,SOYBEANS,1950000,1960000,1003860000,107250000,55
2016,ALABAMA,1,WHEAT,"170,000","230,000","52,955,000","11,900,000",70
2016,ARIZONA,4,WHEAT,"103,000","111,000","66,459,000","10,073,000",97.8
2016,ARKANSAS,5,WHEAT,"115,000","195,000","28,939,000","6,210,000",54
2016,CALIFORNIA,6,WHEAT,"217,000","480,000","88,401,000","17,302,000",79.7
2016,COLORADO,8,WHEAT,"2,200,000","2,361,000","326,674,000","106,000,000",48.2
2016,DELAWARE,10,WHEAT,"65,000","70,000","17,594,000","4,355,000",67
2016,FLORIDA,12,WHEAT,"15,000","22,000","1,755,000","450,000",30
2016,GEORGIA,13,WHEAT,"110,000","180,000","20,493,000","5,060,000",46
2016,IDAHO,16,WHEAT,"1,125,000","1,190,000","421,527,000","102,795,000",91.4
2016,ILLINOIS,17,WHEAT,"470,000","520,000","142,250,000","34,780,000",74
2016,INDIANA,18,WHEAT,"280,000","330,000","91,627,000","22,680,000",81
2016,IOWA,19,WHEAT,"17,000","25,000","3,877,000","1,071,000",63
2016,KANSAS,20,WHEAT,"8,200,000","8,500,000","1,495,680,000","467,400,000",57
2016,KENTUCKY,21,WHEAT,"400,000","510,000","144,640,000","32,000,000",80
2016,LOUISIANA,22,WHEAT,"20,000","25,000","3,825,000","900,000",45
2016,MARYLAND,24,WHEAT,"260,000","360,000","67,226,000","16,640,000",64
2016,MICHIGAN,26,WHEAT,"570,000","610,000","210,530,000","50,730,000",89
2016,MINNESOTA,27,WHEAT,"1,268,000","1,321,000","351,326,000","74,828,000",59
2016,MISSISSIPPI,28,WHEAT,"50,000","65,000","10,728,000","2,400,000",48
2016,MISSOURI,29,WHEAT,"570,000","690,000","159,201,000","39,900,000",70
2016,MONTANA,30,WHEAT,"4,975,000","5,130,000","947,754,000","210,875,000",42.4
2016,NEBRASKA,31,WHEAT,"1,310,000","1,370,000","222,124,000","70,740,000",54
2016,NEVADA,32,WHEAT,"9,000","15,000","2,637,000","651,000",72.3
2016,NEW JERSEY,34,WHEAT,"21,000","25,000","5,578,000","1,344,000",64
2016,NEW MEXICO,35,WHEAT,"210,000","345,000","15,246,000","4,620,000",22
2016,NEW YORK,36,WHEAT,"115,000","120,000","36,508,000","8,510,000",74
2016,NORTH CAROLINA,37,WHEAT,"355,000","420,000","67,099,000","14,555,000",41
2016,NORTH DAKOTA,38,WHEAT,"7,405,000","7,590,000","1,578,377,000","332,978,000",45
2016,OHIO,39,WHEAT,"560,000","580,000","190,400,000","44,800,000",80
2016,OKLAHOMA,40,WHEAT,"3,500,000","5,000,000","469,560,000","136,500,000",39
2016,OREGON,41,WHEAT,"797,000","810,000","180,160,000","39,937,000",50.1
2016,PENNSYLVANIA,42,WHEAT,"150,000","190,000","47,328,000","10,200,000",68
2016,SOUTH CAROLINA,45,WHEAT,"50,000","60,000","9,331,000","2,150,000",43
2016,SOUTH DAKOTA,46,WHEAT,"2,157,000","2,270,000","456,411,000","111,281,000",51.6
2016,TENNESSEE,47,WHEAT,"335,000","400,000","113,471,000","24,455,000",73
2016,TEXAS,48,WHEAT,"2,800,000","5,000,000","317,184,000","89,600,000",32
2016,UTAH,49,WHEAT,"120,000","129,000","29,298,000","7,184,000",59.9
2016,VIRGINIA,51,WHEAT,"175,000","210,000","44,056,000","9,275,000",53
2016,WASHINGTON,53,WHEAT,"2,200,000","2,240,000","656,782,000","157,290,000",71.5
2016,WEST VIRGINIA,54,WHEAT,"4,000","7,000","1,171,000","244,000",61
2016,WISCONSIN,55,WHEAT,"250,000","270,000","69,323,000","19,750,000",79
2016,WYOMING,56,WHEAT,"125,000","140,000","13,685,000","4,250,000",34
2015,ALABAMA,1,CORN,245000,260000,134696000,36015000,147
2015,ARIZONA,4,CORN,36000,75000,37649000,7560000,210
2015,ARKANSAS,5,CORN,445000,460000,331040000,80545000,181
2015,CALIFORNIA,6,CORN,60000,440000,41354000,9420000,157
2015,COLORADO,8,CORN,950000,1100000,497781000,134900000,142
2015,CONNECTICUT,9,CORN,,26000,,,
2015,DELAWARE,10,CORN,164000,170000,122173000,31488000,192
2015,FLORIDA,12,CORN,50000,80000,26790000,7050000,141
2015,GEORGIA,13,CORN,285000,330000,190067000,48735000,171
2015,IDAHO,16,CORN,70000,280000,68248000,14490000,207
2015,ILLINOIS,17,CORN,11500000,11700000,7426125000,2012500000,175
2015,INDIANA,18,CORN,5480000,5650000,3222240000,822000000,150
2015,IOWA,19,CORN,13050000,13500000,8819712000,2505600000,192
2015,KANSAS,20,CORN,3920000,4150000,2140790000,580160000,148
2015,KENTUCKY,21,CORN,1310000,1400000,874242000,225320000,172
2015,LOUISIANA,22,CORN,390000,400000,266760000,66690000,171
2015,MAINE,23,CORN,,31000,,,
2015,MARYLAND,24,CORN,380000,440000,241802000,62320000,164
2015,MASSACHUSETTS,25,CORN,,16000,,,
2015,MICHIGAN,26,CORN,2070000,2350000,1217284000,335340000,162
2015,MINNESOTA,27,CORN,7600000,8100000,4815056000,1428800000,188
2015,MISSISSIPPI,28,CORN,490000,510000,343858000,85750000,175
2015,MISSOURI,29,CORN,3080000,3250000,1613858000,437360000,142
2015,MONTANA,30,CORN,50000,105000,22055000,5500000,110
2015,NEBRASKA,31,CORN,9150000,9400000,6043118000,1692750000,185
2015,NEVADA,32,CORN,,2000,,,
2015,NEW HAMPSHIRE,33,CORN,,15000,,,
2015,NEW JERSEY,34,CORN,72000,80000,40748000,10584000,147
2015,NEW MEXICO,35,CORN,40000,125000,32976000,7200000,180
2015,NEW YORK,36,CORN,590000,1080000,338324000,84370000,143
2015,NORTH CAROLINA,37,CORN,730000,790000,356357000,82490000,113
2015,NORTH DAKOTA,38,CORN,2560000,2750000,1074790000,327680000,128
2015,OHIO,39,CORN,3260000,3550000,1940254000,498780000,153
2015,OKLAHOMA,40,CORN,280000,310000,141952000,36120000,129
2015,OREGON,41,CORN,30000,65000,22560000,5640000,188
2015,PENNSYLVANIA,42,CORN,940000,1340000,548575000,138180000,147
2015,RHODE ISLAND,44,CORN,,2000,,,
2015,SOUTH CAROLINA,45,CORN,260000,295000,98171000,24180000,93
2015,SOUTH DAKOTA,46,CORN,5030000,5400000,2639241000,799770000,159
2015,TENNESSEE,47,CORN,730000,780000,457856000,116800000,160
2015,TEXAS,48,CORN,1970000,2300000,1116990000,265950000,135
2015,UTAH,49,CORN,17000,65000,13764000,2941000,173
2015,VERMONT,50,CORN,,92000,,,
2015,VIRGINIA,51,CORN,300000,450000,195615000,48300000,161
2015,WASHINGTON,53,CORN,75000,170000,69338000,16125000,215
2015,WEST VIRGINIA,54,CORN,35000,50000,20461000,5180000,148
2015,WISCONSIN,55,CORN,3000000,4000000,1702320000,492000000,164
2015,WYOMING,56,CORN,59000,85000,32271000,9381000,159
2015,ALABAMA,1,SOYBEANS,490000,500000,179806000,20090000,41
2015,ARKANSAS,5,SOYBEANS,3170000,3200000,1469422000,155330000,49
2015,DELAWARE,10,SOYBEANS,173000,175000,63456000,6920000,40
2015,FLORIDA,12,SOYBEANS,29000,33000,8816000,1102000,38
2015,GEORGIA,13,SOYBEANS,310000,325000,123303000,13330000,43
2015,ILLINOIS,17,SOYBEANS,9720000,9800000,5002301000,544320000,56
2015,INDIANA,18,SOYBEANS,5500000,5550000,2519000000,275000000,50
2015,IOWA,19,SOYBEANS,9800000,9850000,4933467000,553700000,56.5
2015,KANSAS,20,SOYBEANS,3860000,3900000,1272102000,148610000,38.5
2015,KENTUCKY,21,SOYBEANS,1810000,1840000,819496000,88690000,49
2015,LOUISIANA,22,SOYBEANS,1390000,1430000,555083000,56990000,41
2015,MARYLAND,24,SOYBEANS,515000,520000,187666000,20600000,40
2015,MICHIGAN,26,SOYBEANS,2020000,2030000,873004000,98980000,49
2015,MINNESOTA,27,SOYBEANS,7550000,7600000,3303125000,377500000,50
2015,MISSISSIPPI,28,SOYBEANS,2270000,2300000,1014962000,104420000,46
2015,MISSOURI,29,SOYBEANS,4470000,4550000,1658281000,181035000,40.5
2015,NEBRASKA,31,SOYBEANS,5270000,5300000,2647016000,305660000,58
2015,NEW JERSEY,34,SOYBEANS,103000,105000,28477000,3296000,32
2015,NEW YORK,36,SOYBEANS,301000,305000,117781000,12943000,43
2015,NORTH CAROLINA,37,SOYBEANS,1730000,1820000,480525000,55360000,32
2015,NORTH DAKOTA,38,SOYBEANS,5720000,5750000,1578291000,185900000,32.5
2015,OHIO,39,SOYBEANS,4740000,4750000,2170920000,237000000,50
2015,OKLAHOMA,40,SOYBEANS,375000,395000,102300000,11625000,31
2015,PENNSYLVANIA,42,SOYBEANS,585000,590000,223681000,25740000,44
2015,SOUTH CAROLINA,45,SOYBEANS,370000,475000,84813000,9805000,26.5
2015,SOUTH DAKOTA,46,SOYBEANS,5120000,5150000,2011341000,235520000,46
2015,TENNESSEE,47,SOYBEANS,1720000,1750000,735025000,79120000,46
2015,TEXAS,48,SOYBEANS,115000,130000,25116000,2990000,26
2015,VIRGINIA,51,SOYBEANS,620000,630000,188232000,21390000,34.5
2015,WEST VIRGINIA,54,SOYBEANS,26000,27000,10982000,1248000,48
2015,WISCONSIN,55,SOYBEANS,1870000,1880000,808092000,92565000,49.5
2015,ALABAMA,1,WHEAT,"220,000","260,000","77,044,000","14,960,000",68
2015,ARIZONA,4,WHEAT,"152,000","160,000","139,604,000","15,356,000",101
2015,ARKANSAS,5,WHEAT,"240,000","350,000","69,485,000","13,440,000",56
2015,CALIFORNIA,6,WHEAT,"235,000","520,000","130,346,000","18,595,000",79.1
2015,COLORADO,8,WHEAT,"2,197,000","2,458,000","350,235,000","81,485,000",37.1
2015,DELAWARE,10,WHEAT,"65,000","70,000","19,435,000","4,225,000",65
2015,FLORIDA,12,WHEAT,"15,000","25,000","2,677,000","645,000",43
2015,GEORGIA,13,WHEAT,"145,000","215,000","28,681,000","6,235,000",43
2015,IDAHO,16,WHEAT,"1,155,000","1,220,000","449,467,000","89,370,000",77.4
2015,ILLINOIS,17,WHEAT,"520,000","540,000","130,130,000","33,800,000",65
2015,INDIANA,18,WHEAT,"260,000","290,000","86,278,000","17,680,000",68
2015,IOWA,19,WHEAT,"15,000","20,000","2,878,000","780,000",52
2015,KANSAS,20,WHEAT,"8,700,000","9,200,000","1,525,806,000","321,900,000",37
2015,KENTUCKY,21,WHEAT,"440,000","560,000","170,878,000","32,120,000",73
2015,LOUISIANA,22,WHEAT,"92,000","110,000","16,146,000","3,588,000",39
2015,MARYLAND,24,WHEAT,"270,000","355,000","79,488,000","17,280,000",64
2015,MICHIGAN,26,WHEAT,"475,000","510,000","215,845,000","38,475,000",81
2015,MINNESOTA,27,WHEAT,"1,473,000","1,532,000","413,934,000","88,294,000",59.9
2015,MISSISSIPPI,28,WHEAT,"120,000","150,000","29,146,000","5,760,000",48
2015,MISSOURI,29,WHEAT,"610,000","760,000","133,200,000","32,330,000",53
2015,MONTANA,30,WHEAT,"5,365,000","5,620,000","924,768,000","188,515,000",35.1
2015,NEBRASKA,31,WHEAT,"1,210,000","1,490,000","204,611,000","45,980,000",38
2015,NEVADA,32,WHEAT,"8,000","12,000","3,402,000","650,000",81.3
2015,NEW JERSEY,34,WHEAT,"20,000","27,000","4,700,000","1,000,000",50
2015,NEW MEXICO,35,WHEAT,"190,000","385,000","22,990,000","4,750,000",25
2015,NEW YORK,36,WHEAT,"110,000","120,000","36,868,000","6,930,000",63
2015,NORTH CAROLINA,37,WHEAT,"570,000","650,000","148,029,000","30,210,000",53
2015,NORTH DAKOTA,38,WHEAT,"7,915,000","7,990,000","1,777,081,000","370,023,000",46.7
2015,OHIO,39,WHEAT,"480,000","520,000","146,971,000","32,160,000",67
2015,OKLAHOMA,40,WHEAT,"3,800,000","5,300,000","471,276,000","98,800,000",26
2015,OREGON,41,WHEAT,"828,000","835,000","211,182,000","39,195,000",47.3
2015,PENNSYLVANIA,42,WHEAT,"175,000","195,000","60,629,000","11,375,000",65
2015,SOUTH CAROLINA,45,WHEAT,"160,000","170,000","33,120,000","7,360,000",46
2015,SOUTH DAKOTA,46,WHEAT,"2,236,000","2,756,000","466,707,000","103,406,000",46.2
2015,TENNESSEE,47,WHEAT,"395,000","455,000","140,209,000","26,860,000",68
2015,TEXAS,48,WHEAT,"3,550,000","6,100,000","501,615,000","106,500,000",30
2015,UTAH,49,WHEAT,"128,000","135,000","30,711,000","6,207,000",48.5
2015,VIRGINIA,51,WHEAT,"210,000","260,000","75,537,000","13,860,000",66
2015,WASHINGTON,53,WHEAT,"2,225,000","2,290,000","599,904,000","111,900,000",50.3
2015,WEST VIRGINIA,54,WHEAT,"4,000","9,000","1,296,000","240,000",60
2015,WISCONSIN,55,WHEAT,"210,000","230,000","68,376,000","15,540,000",74
2015,WYOMING,56,WHEAT,"130,000","145,000","17,638,000","4,160,000",32
2014,ALABAMA,1,CORN,285000,300000,169931000,45315000,159
2014,ARIZONA,4,CORN,28000,75000,31517000,5880000,210
2014,ARKANSAS,5,CORN,530000,540000,409324000,99110000,187
2014,CALIFORNIA,6,CORN,95000,520000,75397000,15675000,165
2014,COLORADO,8,CORN,1010000,1150000,582467000,147460000,146
2014,CONNECTICUT,9,CORN,,26000,,,
2014,DELAWARE,10,CORN,168000,175000,128688000,33600000,200
2014,FLORIDA,12,CORN,40000,75000,19710000,5400000,135
2014,GEORGIA,13,CORN,310000,350000,219759000,52700000,170
2014,IDAHO,16,CORN,80000,320000,66560000,16000000,200
2014,ILLINOIS,17,CORN,11750000,11900000,8718500000,2350000000,200
2014,INDIANA,18,CORN,5770000,5900000,4067850000,1084760000,188
2014,IOWA,19,CORN,13300000,13700000,8783054000,2367400000,178
2014,KANSAS,20,CORN,3800000,4050000,2140236000,566200000,149
2014,KENTUCKY,21,CORN,1430000,1520000,890204000,225940000,158
2014,LOUISIANA,22,CORN,390000,400000,296186000,71370000,183
2014,MAINE,23,CORN,,31000,,,
2014,MARYLAND,24,CORN,430000,500000,285198000,75250000,175
2014,MASSACHUSETTS,25,CORN,,16000,,,
2014,MICHIGAN,26,CORN,2210000,2550000,1298707000,355810000,161
2014,MINNESOTA,27,CORN,7550000,8200000,4216524000,1177800000,156
2014,MISSISSIPPI,28,CORN,485000,510000,380434000,89725000,185
2014,MISSOURI,29,CORN,3380000,3500000,2225527000,628680000,186
2014,MONTANA,30,CORN,75000,130000,28275000,7500000,100
2014,NEBRASKA,31,CORN,8950000,9300000,6039729000,1602050000,179
2014,NEVADA,32,CORN,,4000,,,
2014,NEW HAMPSHIRE,33,CORN,,15000,,,
2014,NEW JERSEY,34,CORN,79000,85000,47131000,12403000,157
2014,NEW MEXICO,35,CORN,48000,125000,40716000,9360000,195
2014,NEW YORK,36,CORN,680000,1140000,413630000,100640000,148
2014,NORTH CAROLINA,37,CORN,780000,840000,431402000,102960000,132
2014,NORTH DAKOTA,38,CORN,2530000,2800000,1047825000,313720000,124
2014,OHIO,39,CORN,3480000,3700000,2315174000,612480000,176
2014,OKLAHOMA,40,CORN,290000,320000,175209000,42630000,147
2014,OREGON,41,CORN,39000,80000,32975000,7410000,190
2014,PENNSYLVANIA,42,CORN,1030000,1460000,618618000,158620000,154
2014,RHODE ISLAND,44,CORN,,2000,,,
2014,SOUTH CAROLINA,45,CORN,280000,295000,127764000,32760000,117
2014,SOUTH DAKOTA,46,CORN,5320000,5800000,2629782000,787360000,148
2014,TENNESSEE,47,CORN,840000,920000,537667000,141120000,168
2014,TEXAS,48,CORN,1990000,2250000,1301778000,294520000,148
2014,UTAH,49,CORN,28000,75000,18502000,4480000,160
2014,VERMONT,50,CORN,,92000,,,
2014,VIRGINIA,51,CORN,350000,500000,197925000,50750000,145
2014,WASHINGTON,53,CORN,110000,215000,115885000,23650000,215
2014,WEST VIRGINIA,54,CORN,36000,51000,20651000,5364000,149
2014,WISCONSIN,55,CORN,3110000,4000000,1780537000,485160000,156
2014,WYOMING,56,CORN,60000,90000,31464000,8280000,138
2014,ALABAMA,1,SOYBEANS,470000,480000,188000000,18800000,40
2014,ARKANSAS,5,SOYBEANS,3200000,3230000,1679040000,158400000,49.5
2014,DELAWARE,10,SOYBEANS,183000,185000,83453000,8693000,47.5
2014,FLORIDA,12,SOYBEANS,37000,39000,14160000,1591000,43
2014,GEORGIA,13,SOYBEANS,290000,300000,121800000,11600000,40
2014,ILLINOIS,17,SOYBEANS,9770000,9800000,5580624000,547120000,56
2014,INDIANA,18,SOYBEANS,5440000,5450000,3079584000,301920000,55.5
2014,IOWA,19,SOYBEANS,9770000,9850000,4962769000,498270000,51
2014,KANSAS,20,SOYBEANS,3960000,4000000,1353785000,140580000,35.5
2014,KENTUCKY,21,SOYBEANS,1750000,1760000,872813000,83125000,47.5
2014,LOUISIANA,22,SOYBEANS,1395000,1410000,859116000,78818000,56.5
2014,MARYLAND,24,SOYBEANS,505000,510000,228119000,23230000,46
2014,MICHIGAN,26,SOYBEANS,2040000,2050000,875670000,86700000,42.5
2014,MINNESOTA,27,SOYBEANS,7270000,7350000,3004982000,301705000,41.5
2014,MISSISSIPPI,28,SOYBEANS,2190000,2210000,1252680000,113880000,52
2014,MISSOURI,29,SOYBEANS,5590000,5650000,2596751000,259935000,46.5
2014,NEBRASKA,31,SOYBEANS,5330000,5400000,2800489000,287820000,54
2014,NEW JERSEY,34,SOYBEANS,103000,105000,44640000,4532000,44
2014,NEW YORK,36,SOYBEANS,327000,330000,141009000,14552000,44.5
2014,NORTH CAROLINA,37,SOYBEANS,1730000,1750000,705840000,69200000,40
2014,NORTH DAKOTA,38,SOYBEANS,5870000,5900000,1921867000,202515000,34.5
2014,OHIO,39,SOYBEANS,4690000,4700000,2536118000,246225000,52.5
2014,OKLAHOMA,40,SOYBEANS,365000,375000,101178000,10220000,28
2014,PENNSYLVANIA,42,SOYBEANS,585000,590000,280917000,28665000,49
2014,SOUTH CAROLINA,45,SOYBEANS,440000,450000,158620000,15400000,35
2014,SOUTH DAKOTA,46,SOYBEANS,5110000,5150000,2154632000,229950000,45
2014,TENNESSEE,47,SOYBEANS,1610000,1640000,785036000,74060000,46
2014,TEXAS,48,SOYBEANS,135000,155000,49641000,5198000,38.5
2014,VIRGINIA,51,SOYBEANS,640000,650000,250272000,25280000,39.5
2014,WEST VIRGINIA,54,SOYBEANS,26000,27000,13260000,1326000,51
2014,WISCONSIN,55,SOYBEANS,1790000,1800000,787600000,78760000,44
2014,ALABAMA,1,WHEAT,"225,000","255,000","92,374,000","15,525,000",69
2014,ARIZONA,4,WHEAT,"83,000","85,000","75,600,000","9,136,000",110.1
2014,ARKANSAS,5,WHEAT,"395,000","465,000","139,854,000","24,885,000",63
2014,CALIFORNIA,6,WHEAT,"220,000","530,000","138,392,000","18,350,000",83.4
2014,COLORADO,8,WHEAT,"2,358,000","2,759,000","528,491,000","89,812,000",38.1
2014,DELAWARE,10,WHEAT,"75,000","80,000","26,460,000","5,400,000",72
2014,FLORIDA,12,WHEAT,"10,000","15,000","1,989,000","390,000",39
2014,GEORGIA,13,WHEAT,"230,000","300,000","60,295,000","11,270,000",49
2014,IDAHO,16,WHEAT,"1,196,000","1,271,000","582,170,000","93,717,000",78.4
2014,ILLINOIS,17,WHEAT,"670,000","740,000","223,552,000","44,890,000",67
2014,INDIANA,18,WHEAT,"335,000","390,000","132,901,000","25,460,000",76
2014,IOWA,19,WHEAT,"15,000","26,000","4,270,000","735,000",49
2014,KANSAS,20,WHEAT,"8,800,000","9,600,000","1,495,648,000","246,400,000",28
2014,KENTUCKY,21,WHEAT,"510,000","630,000","203,500,000","36,210,000",71
2014,LOUISIANA,22,WHEAT,"150,000","160,000","56,730,000","9,300,000",62
2014,MARYLAND,24,WHEAT,"250,000","340,000","85,750,000","17,500,000",70
2014,MICHIGAN,26,WHEAT,"470,000","550,000","199,637,000","34,780,000",74
2014,MINNESOTA,27,WHEAT,"1,212,000","1,262,000","363,900,000","66,468,000",54.8
2014,MISSISSIPPI,28,WHEAT,"215,000","230,000","71,703,000","12,470,000",58
2014,MISSOURI,29,WHEAT,"740,000","880,000","230,051,000","42,920,000",58
2014,MONTANA,30,WHEAT,"5,650,000","5,985,000","1,298,295,000","209,470,000",37.1
2014,NEBRASKA,31,WHEAT,"1,450,000","1,550,000","409,959,000","71,050,000",49
2014,NEVADA,32,WHEAT,"10,000","21,000","6,426,000","1,050,000",105
2014,NEW JERSEY,34,WHEAT,"25,000","33,000","6,360,000","1,325,000",53
2014,NEW MEXICO,35,WHEAT,"105,000","380,000","18,581,000","2,940,000",28
2014,NEW YORK,36,WHEAT,"95,000","120,000","33,576,000","5,985,000",63
2014,NORTH CAROLINA,37,WHEAT,"770,000","830,000","230,446,000","44,660,000",58
2014,NORTH DAKOTA,38,WHEAT,"7,490,000","7,960,000","1,956,030,000","347,068,000",46.3
2014,OHIO,39,WHEAT,"545,000","620,000","225,848,000","40,330,000",74
2014,OKLAHOMA,40,WHEAT,"2,800,000","5,300,000","301,784,000","47,600,000",17
2014,OREGON,41,WHEAT,"818,000","830,000","300,311,000","44,444,000",54.3
2014,PENNSYLVANIA,42,WHEAT,"150,000","185,000","59,085,000","9,750,000",65
2014,SOUTH CAROLINA,45,WHEAT,"220,000","230,000","54,912,000","11,440,000",52
2014,SOUTH DAKOTA,46,WHEAT,"2,364,000","2,514,000","727,517,000","131,260,000",55.5
2014,TENNESSEE,47,WHEAT,"475,000","530,000","176,501,000","31,350,000",66
2014,TEXAS,48,WHEAT,"2,250,000","6,000,000","432,000,000","67,500,000",30
2014,UTAH,49,WHEAT,"117,000","130,000","41,040,000","5,882,000",50.3
2014,VIRGINIA,51,WHEAT,"260,000","290,000","101,483,000","17,680,000",68
2014,WASHINGTON,53,WHEAT,"2,250,000","2,320,000","714,858,000","108,460,000",48.2
2014,WEST VIRGINIA,54,WHEAT,"7,000","10,000","2,554,000","448,000",64
2014,WISCONSIN,55,WHEAT,"250,000","295,000","77,188,000","16,250,000",65
2014,WYOMING,56,WHEAT,"125,000","140,000","26,933,000","4,750,000",38
2013,ALABAMA,1,CORN,295000,320000,204249000,43365000,147
2013,ARIZONA,4,CORN,51000,85000,53169000,9027000,177
2013,ARKANSAS,5,CORN,870000,880000,828518000,161820000,186
2013,CALIFORNIA,6,CORN,180000,600000,183245000,34380000,191
2013,COLORADO,8,CORN,980000,1220000,591832000,128380000,131
2013,CONNECTICUT,9,CORN,,27000,,,
2013,DELAWARE,10,CORN,174000,180000,142687000,28884000,166
2013,FLORIDA,12,CORN,78000,115000,46787000,10374000,133
2013,GEORGIA,13,CORN,465000,510000,420709000,81375000,175
2013,IDAHO,16,CORN,115000,350000,102202000,20815000,181
2013,ILLINOIS,17,CORN,11800000,12000000,9493808000,2100400000,178
2013,INDIANA,18,CORN,5830000,6000000,4612638000,1031910000,177
2013,IOWA,19,CORN,13050000,13600000,9609498000,2140200000,164
2013,KANSAS,20,CORN,4000000,4300000,2262960000,504000000,126
2013,KENTUCKY,21,CORN,1430000,1530000,1135277000,243100000,170
2013,LOUISIANA,22,CORN,670000,680000,591141000,115910000,173
2013,MAINE,23,CORN,,31000,,,
2013,MARYLAND,24,CORN,420000,480000,321182000,66360000,158
2013,MASSACHUSETTS,25,CORN,,16000,,,
2013,MICHIGAN,26,CORN,2230000,2600000,1444817000,345650000,155
2013,MINNESOTA,27,CORN,8140000,8600000,5565318000,1294260000,159
2013,MISSISSIPPI,28,CORN,830000,860000,737704000,146080000,176
2013,MISSOURI,29,CORN,3200000,3350000,1988864000,435200000,136
2013,MONTANA,30,CORN,75000,120000,36829000,8625000,115
2013,NEBRASKA,31,CORN,9550000,9950000,7214357000,1613950000,169
2013,NEVADA,32,CORN,,7000,,,
2013,NEW HAMPSHIRE,33,CORN,,14000,,,
2013,NEW JERSEY,34,CORN,80000,90000,51819000,11120000,139
2013,NEW MEXICO,35,CORN,38000,120000,37400000,7220000,190
2013,NEW YORK,36,CORN,690000,1200000,427276000,94530000,137
2013,NORTH CAROLINA,37,CORN,860000,930000,605715000,122120000,142
2013,NORTH DAKOTA,38,CORN,3600000,3850000,1548360000,396000000,110
2013,OHIO,39,CORN,3740000,3900000,2869852000,650760000,174
2013,OKLAHOMA,40,CORN,310000,370000,228796000,44950000,145
2013,OREGON,41,CORN,36000,80000,36818000,6768000,188
2013,PENNSYLVANIA,42,CORN,1090000,1480000,711356000,159140000,146
2013,RHODE ISLAND,44,CORN,,2000,,,
2013,SOUTH CAROLINA,45,CORN,335000,350000,201814000,43215000,129
2013,SOUTH DAKOTA,46,CORN,5860000,6200000,3251421000,802820000,137
2013,TENNESSEE,47,CORN,810000,890000,615373000,126360000,156
2013,TEXAS,48,CORN,1950000,2350000,1363128000,265200000,136
2013,UTAH,49,CORN,31000,83000,28827000,5270000,170
2013,VERMONT,50,CORN,,92000,,,
2013,VIRGINIA,51,CORN,360000,510000,266112000,55440000,154
2013,WASHINGTON,53,CORN,105000,190000,119422000,22575000,215
2013,WEST VIRGINIA,54,CORN,36000,53000,24872000,5292000,147
2013,WISCONSIN,55,CORN,3030000,4100000,1924353000,439350000,145
2013,WYOMING,56,CORN,67000,100000,34717000,8509000,127
2013,ALABAMA,1,SOYBEANS,430000,440000,241295000,18705000,43.5
2013,ARKANSAS,5,SOYBEANS,3240000,3270000,1846314000,140940000,43.5
2013,DELAWARE,10,SOYBEANS,163000,165000,81865000,6602000,40.5
2013,FLORIDA,12,SOYBEANS,30000,32000,14514000,1230000,41
2013,GEORGIA,13,SOYBEANS,230000,235000,123890000,9315000,40.5
2013,ILLINOIS,17,SOYBEANS,9480000,9500000,6256800000,474000000,50
2013,INDIANA,18,SOYBEANS,5190000,5200000,3528162000,267285000,51.5
2013,IOWA,19,SOYBEANS,9250000,9300000,5513463000,420875000,45.5
2013,KANSAS,20,SOYBEANS,3540000,3600000,1676544000,130980000,37
2013,KENTUCKY,21,SOYBEANS,1660000,1670000,1087300000,83000000,50
2013,LOUISIANA,22,SOYBEANS,1120000,1130000,727888000,54320000,48.5
2013,MARYLAND,24,SOYBEANS,480000,485000,235104000,18960000,39.5
2013,MICHIGAN,26,SOYBEANS,1920000,1930000,1102176000,85440000,44.5
2013,MINNESOTA,27,SOYBEANS,6620000,6700000,3586716000,278040000,42
2013,MISSISSIPPI,28,SOYBEANS,1990000,2010000,1208328000,91540000,46
2013,MISSOURI,29,SOYBEANS,5610000,5650000,2645676000,201960000,36
2013,NEBRASKA,31,SOYBEANS,4770000,4800000,3240977000,255195000,53.5
2013,NEW JERSEY,34,SOYBEANS,88000,90000,43102000,3476000,39.5
2013,NEW YORK,36,SOYBEANS,278000,280000,170803000,13344000,48
2013,NORTH CAROLINA,37,SOYBEANS,1450000,1480000,636333000,48575000,33.5
2013,NORTH DAKOTA,38,SOYBEANS,4630000,4650000,1751066000,141215000,30.5
2013,OHIO,39,SOYBEANS,4490000,4500000,2889315000,222255000,49.5
2013,OKLAHOMA,40,SOYBEANS,335000,345000,131812000,10218000,30.5
2013,PENNSYLVANIA,42,SOYBEANS,535000,540000,340795000,26215000,49
2013,SOUTH CAROLINA,45,SOYBEANS,310000,320000,117506000,8835000,28.5
2013,SOUTH DAKOTA,46,SOYBEANS,4580000,4600000,2318625000,185490000,40.5
2013,TENNESSEE,47,SOYBEANS,1550000,1580000,936975000,72075000,46.5
2013,TEXAS,48,SOYBEANS,92000,105000,29560000,2346000,25.5
2013,VIRGINIA,51,SOYBEANS,600000,610000,300300000,23100000,38.5
2013,WEST VIRGINIA,54,SOYBEANS,22000,23000,13197000,1023000,46.5
2013,WISCONSIN,55,SOYBEANS,1550000,1580000,773760000,60450000,39
2013,ALABAMA,1,WHEAT,"285,000","310,000","134,705,000","19,665,000",69
2013,ARIZONA,4,WHEAT,"84,000","87,000","71,970,000","8,348,000",99.4
2013,ARKANSAS,5,WHEAT,"610,000","680,000","266,253,000","37,820,000",62
2013,CALIFORNIA,6,WHEAT,"394,000","690,000","258,563,000","32,500,000",82.5
2013,COLORADO,8,WHEAT,"1,639,000","2,310,000","289,581,000","41,488,000",25.3
2013,DELAWARE,10,WHEAT,"78,000","85,000","33,946,000","4,992,000",64
2013,FLORIDA,12,WHEAT,"19,000","25,000","6,446,000","1,121,000",59
2013,GEORGIA,13,WHEAT,"360,000","430,000","140,400,000","21,600,000",60
2013,IDAHO,16,WHEAT,"1,261,000","1,321,000","731,620,000","103,592,000",82.2
2013,ILLINOIS,17,WHEAT,"840,000","880,000","366,946,000","56,280,000",67
2013,INDIANA,18,WHEAT,"435,000","460,000","203,867,000","31,755,000",73
2013,IOWA,19,WHEAT,"21,000","30,000","6,934,000","1,092,000",52
2013,KANSAS,20,WHEAT,"8,450,000","9,500,000","2,244,489,000","321,100,000",38
2013,KENTUCKY,21,WHEAT,"610,000","700,000","300,578,000","45,750,000",75
2013,LOUISIANA,22,WHEAT,"255,000","265,000","105,009,000","14,790,000",58
2013,MARYLAND,24,WHEAT,"260,000","345,000","119,327,000","17,420,000",67
2013,MICHIGAN,26,WHEAT,"590,000","620,000","296,918,000","44,250,000",75
2013,MINNESOTA,27,WHEAT,"1,184,000","1,227,000","448,576,000","67,152,000",56.7
2013,MISSISSIPPI,28,WHEAT,"385,000","400,000","154,524,000","22,330,000",58
2013,MISSOURI,29,WHEAT,"985,000","1,080,000","367,750,000","56,145,000",57
2013,MONTANA,30,WHEAT,"5,165,000","5,400,000","1,386,401,000","201,635,000",39
2013,NEBRASKA,31,WHEAT,"1,140,000","1,470,000","277,305,000","39,900,000",35
2013,NEVADA,32,WHEAT,"15,000","31,000","9,022,000","1,305,000",87
2013,NEW JERSEY,34,WHEAT,"29,000","34,000","10,336,000","1,566,000",54
2013,NEW MEXICO,35,WHEAT,"100,000","440,000","29,920,000","4,400,000",44
2013,NEW YORK,36,WHEAT,"115,000","125,000","51,612,000","7,820,000",68
2013,NORTH CAROLINA,37,WHEAT,"925,000","990,000","331,113,000","52,725,000",57
2013,NORTH DAKOTA,38,WHEAT,"6,025,000","6,105,000","1,795,566,000","273,343,000",45.4
2013,OHIO,39,WHEAT,"640,000","660,000","292,992,000","44,800,000",70
2013,OKLAHOMA,40,WHEAT,"3,400,000","5,600,000","736,746,000","105,400,000",31
2013,OREGON,41,WHEAT,"868,000","880,000","378,452,000","53,904,000",62.1
2013,PENNSYLVANIA,42,WHEAT,"155,000","185,000","71,988,000","10,540,000",68
2013,SOUTH CAROLINA,45,WHEAT,"265,000","280,000","85,860,000","14,310,000",54
2013,SOUTH DAKOTA,46,WHEAT,"1,839,000","2,494,000","530,269,000","77,558,000",42.2
2013,TENNESSEE,47,WHEAT,"575,000","640,000","285,775,000","40,825,000",71
2013,TEXAS,48,WHEAT,"2,350,000","6,300,000","484,547,000","68,150,000",29
2013,UTAH,49,WHEAT,"124,000","138,000","42,893,000","5,484,000",44.2
2013,VIRGINIA,51,WHEAT,"290,000","335,000","124,242,000","17,980,000",62
2013,WASHINGTON,53,WHEAT,"2,175,000","2,210,000","1,014,032,000","145,530,000",66.9
2013,WEST VIRGINIA,54,WHEAT,"7,000","9,000","2,457,000","364,000",52
2013,WISCONSIN,55,WHEAT,"265,000","315,000","94,064,000","15,370,000",58
2013,WYOMING,56,WHEAT,"120,000","150,000","20,448,000","2,880,000",24
2012,ALABAMA,1,CORN,295000,310000,207574000,28910000,98
2012,ARIZONA,4,CORN,32000,70000,48922000,6240000,195
2012,ARKANSAS,5,CORN,695000,710000,842465000,123710000,178
2012,CALIFORNIA,6,CORN,180000,640000,216432000,32400000,180
2012,COLORADO,8,CORN,1010000,1420000,921504000,134330000,133
2012,CONNECTICUT,9,CORN,,27000,,,
2012,DELAWARE,10,CORN,178000,185000,181427000,24030000,135
2012,FLORIDA,12,CORN,40000,75000,34500000,4600000,115
2012,GEORGIA,13,CORN,310000,345000,440820000,55800000,180
2012,IDAHO,16,CORN,135000,360000,186908000,26325000,195
2012,ILLINOIS,17,CORN,12250000,12800000,8836538000,1286250000,105
2012,INDIANA,18,CORN,6030000,6250000,4316093000,596970000,99
2012,IOWA,19,CORN,13700000,14200000,12988148000,1876900000,137
2012,KANSAS,20,CORN,3950000,4700000,2641760000,375250000,95
2012,KENTUCKY,21,CORN,1530000,1650000,724118000,104040000,68
2012,LOUISIANA,22,CORN,530000,540000,632661000,91690000,173
2012,MAINE,23,CORN,,30000,,,
2012,MARYLAND,24,CORN,435000,495000,387411000,53070000,122
2012,MASSACHUSETTS,25,CORN,,16000,,,
2012,MICHIGAN,26,CORN,2380000,2700000,2101730000,314160000,132
2012,MINNESOTA,27,CORN,8330000,8750000,9167582000,1374450000,165
2012,MISSISSIPPI,28,CORN,795000,820000,910355000,131175000,165
2012,MISSOURI,29,CORN,3300000,3600000,1816650000,247500000,75
2012,MONTANA,30,CORN,60000,105000,44990000,6240000,104
2012,NEBRASKA,31,CORN,9100000,10000000,8851570000,1292200000,142
2012,NEVADA,32,CORN,,8000,,,
2012,NEW HAMPSHIRE,33,CORN,,14000,,,
2012,NEW JERSEY,34,CORN,86000,95000,75095000,10148000,118
2012,NEW MEXICO,35,CORN,43000,125000,53363000,7310000,170
2012,NEW YORK,36,CORN,680000,1170000,617794000,91120000,134
2012,NORTH CAROLINA,37,CORN,820000,870000,717631000,95940000,117
2012,NORTH DAKOTA,38,CORN,3460000,3640000,2726895000,422120000,122
2012,OHIO,39,CORN,3650000,3900000,3105420000,438000000,120
2012,OKLAHOMA,40,CORN,295000,360000,228448000,32450000,110
2012,OREGON,41,CORN,52000,85000,74194000,10660000,205
2012,PENNSYLVANIA,42,CORN,1000000,1460000,944510000,131000000,131
2012,RHODE ISLAND,44,CORN,,2000,,,
2012,SOUTH CAROLINA,45,CORN,310000,330000,283650000,37820000,122
2012,SOUTH DAKOTA,46,CORN,5300000,6150000,3597216000,535300000,101
2012,TENNESSEE,47,CORN,960000,1040000,594048000,81600000,85
2012,TEXAS,48,CORN,1550000,1850000,1423644000,199950000,129
2012,UTAH,49,CORN,34000,92000,43096000,5678000,167
2012,VERMONT,50,CORN,,91000,,,
2012,VIRGINIA,51,CORN,350000,510000,263165000,36050000,103
2012,WASHINGTON,53,CORN,115000,195000,165410000,24725000,215
2012,WEST VIRGINIA,54,CORN,35000,51000,32256000,4480000,128
2012,WISCONSIN,55,CORN,3300000,4350000,2649240000,396000000,120
2012,WYOMING,56,CORN,60000,105000,60066000,8520000,142
2012,ALABAMA,1,SOYBEANS,335000,340000,220095000,15075000,45
2012,ARKANSAS,5,SOYBEANS,3150000,3200000,1959458000,137025000,43.5
2012,DELAWARE,10,SOYBEANS,168000,170000,102816000,7140000,42.5
2012,FLORIDA,12,SOYBEANS,20000,21000,10920000,780000,39
2012,GEORGIA,13,SOYBEANS,215000,220000,117720000,8063000,37.5
2012,ILLINOIS,17,SOYBEANS,8930000,9050000,5606254000,383990000,43
2012,INDIANA,18,SOYBEANS,5120000,5150000,3311616000,225280000,44
2012,IOWA,19,SOYBEANS,9310000,9350000,6032880000,418950000,45
2012,KANSAS,20,SOYBEANS,3820000,4000000,1256398000,87860000,23
2012,KENTUCKY,21,SOYBEANS,1470000,1480000,852600000,58800000,40
2012,LOUISIANA,22,SOYBEANS,1115000,1130000,762166000,51848000,46.5
2012,MARYLAND,24,SOYBEANS,475000,480000,317015000,22325000,47
2012,MICHIGAN,26,SOYBEANS,1990000,2000000,1197980000,85570000,43
2012,MINNESOTA,27,SOYBEANS,7000000,7050000,4354350000,304500000,43.5
2012,MISSISSIPPI,28,SOYBEANS,1950000,1970000,1272375000,87750000,45
2012,MISSOURI,29,SOYBEANS,5270000,5400000,2292450000,158100000,30
2012,NEBRASKA,31,SOYBEANS,4990000,5050000,2919899000,207085000,41.5
2012,NEW JERSEY,34,SOYBEANS,94000,96000,50957000,3666000,39
2012,NEW YORK,36,SOYBEANS,312000,315000,195187000,14352000,46
2012,NORTH CAROLINA,37,SOYBEANS,1580000,1590000,873740000,62410000,39.5
2012,NORTH DAKOTA,38,SOYBEANS,4730000,4750000,2284590000,163185000,34.5
2012,OHIO,39,SOYBEANS,4590000,4600000,3015630000,206550000,45
2012,OKLAHOMA,40,SOYBEANS,260000,420000,56160000,3900000,15
2012,PENNSYLVANIA,42,SOYBEANS,520000,530000,354432000,24960000,48
2012,SOUTH CAROLINA,45,SOYBEANS,370000,380000,182410000,12580000,34
2012,SOUTH DAKOTA,46,SOYBEANS,4720000,4750000,2044232000,143960000,30.5
2012,TENNESSEE,47,SOYBEANS,1230000,1260000,682404000,46740000,38
2012,TEXAS,48,SOYBEANS,110000,125000,41756000,2860000,26
2012,VIRGINIA,51,SOYBEANS,580000,590000,341040000,24360000,42
2012,WEST VIRGINIA,54,SOYBEANS,20000,21000,14014000,980000,49
2012,WISCONSIN,55,SOYBEANS,1700000,1710000,999600000,71400000,42
2012,ALABAMA,1,WHEAT,"185,000","220,000","72,585,000","10,915,000",59
2012,ARIZONA,4,WHEAT,"110,000","114,000","97,217,000","10,360,000",94.2
2012,ARKANSAS,5,WHEAT,"445,000","550,000","167,409,000","24,475,000",55
2012,CALIFORNIA,6,WHEAT,"425,000","715,000","318,506,000","38,645,000",90.9
2012,COLORADO,8,WHEAT,"2,212,000","2,363,000","536,539,000","69,268,000",31.3
2012,DELAWARE,10,WHEAT,"76,000","80,000","44,430,000","5,624,000",74
2012,FLORIDA,12,WHEAT,"15,000","20,000","3,969,000","630,000",42
2012,GEORGIA,13,WHEAT,"230,000","290,000","83,950,000","11,500,000",50
2012,IDAHO,16,WHEAT,"1,243,000","1,303,000","772,673,000","97,246,000",78.2
2012,ILLINOIS,17,WHEAT,"640,000","650,000","292,045,000","40,960,000",64
2012,INDIANA,18,WHEAT,"285,000","330,000","139,012,000","19,095,000",67
2012,IOWA,19,WHEAT,"13,000","18,000","4,550,000","650,000",50
2012,KANSAS,20,WHEAT,"9,100,000","9,400,000","2,858,856,000","382,200,000",42
2012,KENTUCKY,21,WHEAT,"440,000","550,000","200,970,000","27,720,000",63
2012,LOUISIANA,22,WHEAT,"275,000","285,000","92,978,000","13,475,000",49
2012,MARYLAND,24,WHEAT,"210,000","310,000","113,526,000","14,280,000",68
2012,MICHIGAN,26,WHEAT,"535,000","560,000","321,621,000","40,660,000",76
2012,MINNESOTA,27,WHEAT,"1,342,000","1,385,000","621,278,000","76,430,000",57
2012,MISSISSIPPI,28,WHEAT,"320,000","345,000","124,944,000","18,240,000",57
2012,MISSOURI,29,WHEAT,"680,000","780,000","271,742,000","39,440,000",58
2012,MONTANA,30,WHEAT,"5,615,000","5,800,000","1,600,489,000","195,590,000",34.8
2012,NEBRASKA,31,WHEAT,"1,300,000","1,370,000","419,471,000","53,300,000",41
2012,NEVADA,32,WHEAT,"15,000","26,000","9,255,000","1,167,000",77.8
2012,NEW JERSEY,34,WHEAT,"23,000","27,000","9,209,000","1,288,000",56
2012,NEW MEXICO,35,WHEAT,"105,000","440,000","21,263,000","2,835,000",27
2012,NEW YORK,36,WHEAT,"85,000","100,000","44,714,000","5,355,000",63
2012,NORTH CAROLINA,37,WHEAT,"740,000","810,000","285,980,000","42,180,000",57
2012,NORTH DAKOTA,38,WHEAT,"7,765,000","7,840,000","2,745,158,000","340,100,000",43.8
2012,OHIO,39,WHEAT,"450,000","500,000","242,964,000","30,600,000",68
2012,OKLAHOMA,40,WHEAT,"4,300,000","5,400,000","1,153,260,000","154,800,000",36
2012,OREGON,41,WHEAT,"878,000","885,000","465,217,000","57,576,000",65.6
2012,PENNSYLVANIA,42,WHEAT,"135,000","155,000","69,937,000","8,775,000",65
2012,SOUTH CAROLINA,45,WHEAT,"220,000","235,000","77,539,000","11,660,000",53
2012,SOUTH DAKOTA,46,WHEAT,"2,225,000","2,395,000","821,336,000","102,025,000",45.9
2012,TENNESSEE,47,WHEAT,"330,000","405,000","144,491,000","20,790,000",63
2012,TEXAS,48,WHEAT,"2,900,000","5,600,000","643,104,000","95,700,000",33
2012,UTAH,49,WHEAT,"122,000","140,000","51,933,000","5,643,000",46.3
2012,VIRGINIA,51,WHEAT,"240,000","280,000","113,510,000","15,360,000",64
2012,WASHINGTON,53,WHEAT,"2,165,000","2,200,000","1,162,209,000","144,125,000",66.6
2012,WEST VIRGINIA,54,WHEAT,"4,000","8,000","1,885,000","260,000",65
2012,WISCONSIN,55,WHEAT,"245,000","265,000","138,731,000","18,375,000",75
2012,WYOMING,56,WHEAT,"115,000","145,000","22,694,000","2,990,000",26
2011,ALABAMA,1,CORN,250000,270000,180120000,28500000,114
2011,ARIZONA,4,CORN,35000,60000,42239000,6230000,178
2011,ARKANSAS,5,CORN,520000,560000,459716000,73320000,141
2011,CALIFORNIA,6,CORN,150000,630000,174032000,27150000,181
2011,COLORADO,8,CORN,1300000,1500000,1063335000,172900000,133
2011,CONNECTICUT,9,CORN,,27000,,,
2011,DELAWARE,10,CORN,182000,190000,163964000,23660000,130
2011,FLORIDA,12,CORN,33000,70000,22823000,3432000,104
2011,GEORGIA,13,CORN,270000,345000,313389000,42930000,159
2011,IDAHO,16,CORN,120000,350000,157853000,22680000,189
2011,ILLINOIS,17,CORN,12350000,12600000,12118438000,1938950000,157
2011,INDIANA,18,CORN,5750000,5900000,5297245000,839500000,146
2011,IOWA,19,CORN,13700000,14100000,14609680000,2356400000,172
2011,KANSAS,20,CORN,4200000,4900000,2822232000,449400000,107
2011,KENTUCKY,21,CORN,1300000,1380000,1138410000,180700000,139
2011,LOUISIANA,22,CORN,570000,580000,469395000,76950000,135
2011,MAINE,23,CORN,,29000,,,
2011,MARYLAND,24,CORN,420000,500000,306726000,45780000,109
2011,MASSACHUSETTS,25,CORN,,17000,,,
2011,MICHIGAN,26,CORN,2190000,2500000,2057330000,335070000,153
2011,MINNESOTA,27,CORN,7700000,8100000,7268415000,1193500000,155
2011,MISSISSIPPI,28,CORN,730000,810000,582131000,93440000,128
2011,MISSOURI,29,CORN,3050000,3300000,2225280000,347700000,114
2011,MONTANA,30,CORN,36000,77000,29581000,4572000,127
2011,NEBRASKA,31,CORN,9600000,9850000,9384960000,1536000000,160
2011,NEVADA,32,CORN,,8000,,,
2011,NEW HAMPSHIRE,33,CORN,,15000,,,
2011,NEW JERSEY,34,CORN,81000,90000,67748000,9963000,123
2011,NEW MEXICO,35,CORN,45000,130000,51435000,8100000,180
2011,NEW YORK,36,CORN,620000,1100000,568974000,82460000,133
2011,NORTH CAROLINA,37,CORN,815000,870000,481958000,68460000,84
2011,NORTH DAKOTA,38,CORN,2060000,2230000,1256703000,216300000,105
2011,OHIO,39,CORN,3200000,3400000,3153024000,489600000,153
2011,OKLAHOMA,40,CORN,190000,380000,108726000,17480000,92
2011,OREGON,41,CORN,51000,83000,76207000,10965000,215
2011,PENNSYLVANIA,42,CORN,960000,1420000,751248000,106560000,111
2011,RHODE ISLAND,44,CORN,,2000,,,
2011,SOUTH CAROLINA,45,CORN,330000,360000,141570000,21450000,65
2011,SOUTH DAKOTA,46,CORN,4950000,5200000,3940002000,653400000,132
2011,TENNESSEE,47,CORN,735000,790000,631630000,96285000,131
2011,TEXAS,48,CORN,1470000,2050000,884220000,133770000,91
2011,UTAH,49,CORN,30000,85000,34292000,4920000,164
2011,VERMONT,50,CORN,,90000,,,
2011,VIRGINIA,51,CORN,340000,490000,263990000,40120000,118
2011,WASHINGTON,53,CORN,125000,195000,174938000,28125000,225
2011,WEST VIRGINIA,54,CORN,31000,48000,22971000,3534000,114
2011,WISCONSIN,55,CORN,3320000,4150000,3097892000,514600000,155
2011,WYOMING,56,CORN,70000,105000,56420000,9100000,130
2011,ALABAMA,1,SOYBEANS,295000,300000,116820000,9735000,33
2011,ARKANSAS,5,SOYBEANS,3280000,3330000,1553244000,126280000,38.5
2011,DELAWARE,10,SOYBEANS,168000,170000,80959000,6636000,39.5
2011,FLORIDA,12,SOYBEANS,16000,18000,4752000,432000,27
2011,GEORGIA,13,SOYBEANS,135000,155000,35937000,2970000,22
2011,ILLINOIS,17,SOYBEANS,8910000,8950000,5417280000,423225000,47.5
2011,INDIANA,18,SOYBEANS,5290000,5300000,3056827000,240695000,45.5
2011,IOWA,19,SOYBEANS,9230000,9350000,5989347000,475345000,51.5
2011,KANSAS,20,SOYBEANS,3760000,4000000,1251140000,103400000,27.5
2011,KENTUCKY,21,SOYBEANS,1480000,1490000,715728000,57720000,39
2011,LOUISIANA,22,SOYBEANS,980000,1020000,423360000,35280000,36
2011,MARYLAND,24,SOYBEANS,465000,470000,219434000,18135000,39
2011,MICHIGAN,26,SOYBEANS,1940000,1950000,1044593000,86330000,44.5
2011,MINNESOTA,27,SOYBEANS,7040000,7100000,3404544000,274560000,39
2011,MISSISSIPPI,28,SOYBEANS,1800000,1830000,842400000,70200000,39
2011,MISSOURI,29,SOYBEANS,5210000,5350000,2377063000,190165000,36.5
2011,NEBRASKA,31,SOYBEANS,4840000,4900000,3136320000,261360000,54
2011,NEW JERSEY,34,SOYBEANS,86000,88000,39543000,3268000,38
2011,NEW YORK,36,SOYBEANS,277000,280000,146505000,11911000,43
2011,NORTH CAROLINA,37,SOYBEANS,1360000,1380000,501908000,41480000,30.5
2011,NORTH DAKOTA,38,SOYBEANS,3960000,4000000,1366596000,114840000,29
2011,OHIO,39,SOYBEANS,4540000,4550000,2832960000,217920000,48
2011,OKLAHOMA,40,SOYBEANS,265000,440000,40996000,3445000,13
2011,PENNSYLVANIA,42,SOYBEANS,490000,500000,269500000,21560000,44
2011,SOUTH CAROLINA,45,SOYBEANS,360000,370000,110160000,9180000,25.5
2011,SOUTH DAKOTA,46,SOYBEANS,4070000,4100000,1837198000,150590000,37
2011,TENNESSEE,47,SOYBEANS,1260000,1290000,491904000,40320000,32
2011,TEXAS,48,SOYBEANS,90000,165000,20520000,1710000,19
2011,VIRGINIA,51,SOYBEANS,550000,560000,266200000,22000000,40
2011,WEST VIRGINIA,54,SOYBEANS,19000,20000,10131000,817000,43
2011,WISCONSIN,55,SOYBEANS,1610000,1620000,938308000,75670000,47
2011,ALABAMA,1,WHEAT,"190,000","220,000","95,980,000","13,870,000",73
2011,ARIZONA,4,WHEAT,"77,000","80,000","64,164,000","7,622,000",99
2011,ARKANSAS,5,WHEAT,"520,000","620,000","216,850,000","30,160,000",58
2011,CALIFORNIA,6,WHEAT,"530,000","775,000","353,755,000","48,530,000",91.6
2011,COLORADO,8,WHEAT,"2,044,000","2,295,000","513,358,000","77,828,000",38.1
2011,DELAWARE,10,WHEAT,"75,000","80,000","31,309,000","5,175,000",69
2011,FLORIDA,12,WHEAT,"8,000","12,000","2,429,000","368,000",46
2011,GEORGIA,13,WHEAT,"200,000","250,000","84,896,000","11,200,000",56
2011,IDAHO,16,WHEAT,"1,411,000","1,491,000","823,952,000","117,579,000",83.3
2011,ILLINOIS,17,WHEAT,"770,000","800,000","307,654,000","46,970,000",61
2011,INDIANA,18,WHEAT,"405,000","430,000","163,968,000","25,110,000",62
2011,IOWA,19,WHEAT,"16,000","22,000","4,615,000","720,000",45
2011,KANSAS,20,WHEAT,"7,950,000","8,800,000","1,956,098,000","278,250,000",35
2011,KENTUCKY,21,WHEAT,"440,000","540,000","208,516,000","30,800,000",70
2011,LOUISIANA,22,WHEAT,"240,000","250,000","106,596,000","15,120,000",63
2011,MARYLAND,24,WHEAT,"180,000","260,000","73,928,000","12,060,000",67
2011,MICHIGAN,26,WHEAT,"675,000","700,000","339,694,000","50,625,000",75
2011,MINNESOTA,27,WHEAT,"1,521,000","1,575,000","565,180,000","70,176,000",46.1
2011,MISSISSIPPI,28,WHEAT,"310,000","335,000","142,848,000","19,840,000",64
2011,MISSOURI,29,WHEAT,"690,000","790,000","230,460,000","34,500,000",50
2011,MONTANA,30,WHEAT,"4,975,000","5,100,000","1,338,203,000","174,970,000",35.2
2011,NEBRASKA,31,WHEAT,"1,480,000","1,550,000","446,220,000","66,600,000",45
2011,NEVADA,32,WHEAT,"12,000","23,000","8,848,000","1,323,000",110.3
2011,NEW JERSEY,34,WHEAT,"31,000","35,000","9,342,000","1,519,000",49
2011,NEW MEXICO,35,WHEAT,"90,000","435,000","13,419,000","1,890,000",21
2011,NEW YORK,36,WHEAT,"93,000","120,000","36,470,000","5,115,000",55
2011,NORTH CAROLINA,37,WHEAT,"590,000","670,000","291,672,000","40,120,000",68
2011,NORTH DAKOTA,38,WHEAT,"6,590,000","6,800,000","1,633,979,000","199,858,000",30.3
2011,OHIO,39,WHEAT,"850,000","880,000","326,069,000","48,450,000",57
2011,OKLAHOMA,40,WHEAT,"3,200,000","5,100,000","518,880,000","73,600,000",23
2011,OREGON,41,WHEAT,"992,000","1,000,000","506,541,000","75,355,000",76
2011,PENNSYLVANIA,42,WHEAT,"170,000","185,000","56,615,000","8,670,000",51
2011,SOUTH CAROLINA,45,WHEAT,"180,000","190,000","75,492,000","10,800,000",60
2011,SOUTH DAKOTA,46,WHEAT,"2,787,000","2,878,000","775,904,000","103,859,000",37.3
2011,TENNESSEE,47,WHEAT,"305,000","400,000","142,069,000","20,740,000",68
2011,TEXAS,48,WHEAT,"1,900,000","5,300,000","348,650,000","47,500,000",25
2011,UTAH,49,WHEAT,"144,000","151,000","57,272,000","7,120,000",49.4
2011,VIRGINIA,51,WHEAT,"240,000","270,000","109,567,000","17,040,000",71
2011,WASHINGTON,53,WHEAT,"2,335,000","2,360,000","1,122,409,000","165,530,000",70.9
2011,WEST VIRGINIA,54,WHEAT,"6,000","10,000","2,319,000","354,000",59
2011,WISCONSIN,55,WHEAT,"335,000","345,000","134,570,000","21,775,000",65
2011,WYOMING,56,WHEAT,"130,000","150,000","28,465,000","4,420,000",34
2010,ALABAMA,1,CORN,250000,270000,145763000,28750000,115
2010,ARIZONA,4,CORN,22000,45000,26796000,4620000,210
2010,ARKANSAS,5,CORN,380000,390000,259350000,57000000,150
2010,CALIFORNIA,6,CORN,180000,610000,175565000,34560000,192
2010,COLORADO,8,CORN,1210000,1330000,909896000,182710000,151
2010,CONNECTICUT,9,CORN,,26000,,,
2010,DELAWARE,10,CORN,173000,180000,122474000,19722000,114
2010,FLORIDA,12,CORN,25000,60000,12808000,2725000,109
2010,GEORGIA,13,CORN,245000,295000,212832000,35770000,146
2010,IDAHO,16,CORN,110000,320000,110143000,20900000,190
2010,ILLINOIS,17,CORN,12400000,12600000,10201232000,1946800000,157
2010,INDIANA,18,CORN,5720000,5900000,4831455000,898040000,157
2010,IOWA,19,CORN,13050000,13400000,11261498000,2153250000,165
2010,KANSAS,20,CORN,4650000,4850000,2854170000,576600000,124
2010,KENTUCKY,21,CORN,1230000,1340000,785478000,152520000,124
2010,LOUISIANA,22,CORN,500000,510000,343000000,70000000,140
2010,MAINE,23,CORN,,28000,,,
2010,MARYLAND,24,CORN,430000,500000,275759000,45580000,106
2010,MASSACHUSETTS,25,CORN,,17000,,,
2010,MICHIGAN,26,CORN,2100000,2400000,1739724000,312900000,149
2010,MINNESOTA,27,CORN,7300000,7700000,6473421000,1292100000,177
2010,MISSISSIPPI,28,CORN,670000,750000,398194000,91120000,136
2010,MISSOURI,29,CORN,3000000,3150000,1974150000,369000000,123
2010,MONTANA,30,CORN,34000,80000,27540000,4590000,135
2010,NEBRASKA,31,CORN,8850000,9150000,7477719000,1469100000,166
2010,NEVADA,32,CORN,,4000,,,
2010,NEW HAMPSHIRE,33,CORN,,15000,,,
2010,NEW JERSEY,34,CORN,71000,80000,48969000,8094000,114
2010,NEW MEXICO,35,CORN,66000,140000,59756000,11880000,180
2010,NEW YORK,36,CORN,590000,1050000,553833000,87910000,149
2010,NORTH CAROLINA,37,CORN,840000,910000,395959000,76440000,91
2010,NORTH DAKOTA,38,CORN,1880000,2050000,1243282000,248160000,132
2010,OHIO,39,CORN,3270000,3450000,2851440000,523200000,160
2010,OKLAHOMA,40,CORN,340000,370000,202803000,43520000,128
2010,OREGON,41,CORN,38000,70000,45144000,7600000,200
2010,PENNSYLVANIA,42,CORN,910000,1350000,712858000,116480000,128
2010,RHODE ISLAND,44,CORN,,2000,,,
2010,SOUTH CAROLINA,45,CORN,335000,350000,154489000,28140000,84
2010,SOUTH DAKOTA,46,CORN,4220000,4550000,2899773000,569700000,135
2010,TENNESSEE,47,CORN,640000,710000,354931000,74880000,117
2010,TEXAS,48,CORN,2080000,2300000,1398758000,299520000,144
2010,UTAH,49,CORN,23000,70000,23541000,4094000,178
2010,VERMONT,50,CORN,,92000,,,
2010,VIRGINIA,51,CORN,310000,490000,115066000,20770000,67
2010,WASHINGTON,53,CORN,125000,200000,155800000,25625000,205
2010,WEST VIRGINIA,54,CORN,29000,48000,15008000,2610000,90
2010,WISCONSIN,55,CORN,3100000,3900000,2646594000,502200000,162
2010,WYOMING,56,CORN,50000,90000,32657000,6150000,123
2010,ALABAMA,1,SOYBEANS,345000,350000,99567000,8970000,26
2010,ARKANSAS,5,SOYBEANS,3150000,3190000,1201725000,110250000,35
2010,DELAWARE,10,SOYBEANS,173000,175000,67539000,5536000,32
2010,FLORIDA,12,SOYBEANS,23000,25000,7590000,690000,30
2010,GEORGIA,13,SOYBEANS,255000,270000,77571000,6630000,26
2010,ILLINOIS,17,SOYBEANS,9050000,9100000,5499685000,466075000,51.5
2010,INDIANA,18,SOYBEANS,5330000,5350000,2972808000,258505000,48.5
2010,IOWA,19,SOYBEANS,9730000,9800000,5557776000,496230000,51
2010,KANSAS,20,SOYBEANS,4250000,4300000,1612875000,140250000,33
2010,KENTUCKY,21,SOYBEANS,1390000,1400000,538764000,47260000,34
2010,LOUISIANA,22,SOYBEANS,1020000,1030000,439110000,41820000,41
2010,MARYLAND,24,SOYBEANS,465000,470000,189720000,15810000,34
2010,MICHIGAN,26,SOYBEANS,2040000,2050000,985014000,88740000,43.5
2010,MINNESOTA,27,SOYBEANS,7310000,7400000,3585555000,328950000,45
2010,MISSISSIPPI,28,SOYBEANS,1980000,2000000,792792000,76230000,38.5
2010,MISSOURI,29,SOYBEANS,5070000,5150000,2461739000,210405000,41.5
2010,NEBRASKA,31,SOYBEANS,5100000,5150000,2945250000,267750000,52.5
2010,NEW JERSEY,34,SOYBEANS,92000,94000,25834000,2208000,24
2010,NEW YORK,36,SOYBEANS,279000,280000,152669000,13392000,48
2010,NORTH CAROLINA,37,SOYBEANS,1550000,1580000,483600000,40300000,26
2010,NORTH DAKOTA,38,SOYBEANS,4070000,4100000,1508342000,138380000,34
2010,OHIO,39,SOYBEANS,4590000,4600000,2533680000,220320000,48
2010,OKLAHOMA,40,SOYBEANS,475000,500000,135375000,11875000,25
2010,PENNSYLVANIA,42,SOYBEANS,495000,500000,251559000,20790000,42
2010,SOUTH CAROLINA,45,SOYBEANS,455000,465000,123487000,10465000,23
2010,SOUTH DAKOTA,46,SOYBEANS,4140000,4200000,1714788000,157320000,38
2010,TENNESSEE,47,SOYBEANS,1410000,1450000,485181000,43710000,31
2010,TEXAS,48,SOYBEANS,185000,205000,57720000,5550000,30
2010,VIRGINIA,51,SOYBEANS,540000,560000,168480000,14040000,26
2010,WEST VIRGINIA,54,SOYBEANS,18000,20000,6480000,540000,30
2010,WISCONSIN,55,SOYBEANS,1630000,1640000,889002000,82315000,50.5
2010,ALABAMA,1,WHEAT,"80,000","110,000","22,000,000","4,400,000",55
2010,ARIZONA,4,WHEAT,"71,000","75,000","44,300,000","7,895,000",111.2
2010,ARKANSAS,5,WHEAT,"135,000","185,000","38,345,000","7,290,000",54
2010,CALIFORNIA,6,WHEAT,"425,000","765,000","195,717,000","36,325,000",85.5
2010,COLORADO,8,WHEAT,"2,375,000","2,426,000","573,501,000","103,350,000",43.5
2010,DELAWARE,10,WHEAT,"47,000","50,000","14,230,000","2,726,000",58
2010,FLORIDA,12,WHEAT,"7,000","12,000","1,435,000","287,000",41
2010,GEORGIA,13,WHEAT,"102,000","150,000","20,400,000","4,080,000",40
2010,IDAHO,16,WHEAT,"1,342,000","1,397,000","645,098,000","107,842,000",80.4
2010,ILLINOIS,17,WHEAT,"270,000","300,000","84,953,000","15,390,000",57
2010,INDIANA,18,WHEAT,"235,000","250,000","72,192,000","14,100,000",60
2010,IOWA,19,WHEAT,"10,000","15,000","2,484,000","460,000",46
2010,KANSAS,20,WHEAT,"8,000,000","8,300,000","1,850,400,000","360,000,000",45
2010,KENTUCKY,21,WHEAT,"195,000","320,000","73,745,000","12,870,000",66
2010,LOUISIANA,22,WHEAT,"105,000","120,000","25,704,000","5,355,000",51
2010,MARYLAND,24,WHEAT,"130,000","185,000","41,496,000","7,800,000",60
2010,MICHIGAN,26,WHEAT,"495,000","520,000","198,198,000","34,650,000",70
2010,MINNESOTA,27,WHEAT,"1,605,000","1,660,000","535,017,000","87,835,000",54.7
2010,MISSISSIPPI,28,WHEAT,"90,000","115,000","19,881,000","4,230,000",47
2010,MISSOURI,29,WHEAT,"260,000","340,000","59,082,000","11,960,000",46
2010,MONTANA,30,WHEAT,"5,140,000","5,370,000","1,361,460,000","214,180,000",41.7
2010,NEBRASKA,31,WHEAT,"1,490,000","1,600,000","337,649,000","64,070,000",43
2010,NEVADA,32,WHEAT,"6,000","17,000","3,500,000","616,000",102.7
2010,NEW JERSEY,34,WHEAT,"20,000","25,000","4,939,000","980,000",49
2010,NEW MEXICO,35,WHEAT,"290,000","470,000","38,164,000","8,120,000",28
2010,NEW YORK,36,WHEAT,"95,000","105,000","40,354,000","6,365,000",67
2010,NORTH CAROLINA,37,WHEAT,"330,000","430,000","60,317,000","12,540,000",38
2010,NORTH DAKOTA,38,WHEAT,"8,290,000","8,420,000","2,358,370,000","356,600,000",43
2010,OHIO,39,WHEAT,"700,000","720,000","222,467,000","42,700,000",61
2010,OKLAHOMA,40,WHEAT,"3,850,000","5,200,000","603,911,000","119,350,000",31
2010,OREGON,41,WHEAT,"912,000","925,000","393,227,000","61,348,000",67.3
2010,PENNSYLVANIA,42,WHEAT,"130,000","150,000","38,350,000","7,670,000",59
2010,SOUTH CAROLINA,45,WHEAT,"120,000","135,000","21,600,000","4,320,000",36
2010,SOUTH DAKOTA,46,WHEAT,"2,705,000","2,795,000","771,850,000","122,635,000",45.3
2010,TENNESSEE,47,WHEAT,"155,000","225,000","43,047,000","8,215,000",53
2010,TEXAS,48,WHEAT,"3,750,000","5,700,000","649,688,000","123,750,000",33
2010,UTAH,49,WHEAT,"131,000","151,000","47,409,000","6,379,000",48.7
2010,VIRGINIA,51,WHEAT,"150,000","180,000","39,780,000","7,650,000",51
2010,WASHINGTON,53,WHEAT,"2,275,000","2,310,000","921,989,000","147,540,000",64.9
2010,WEST VIRGINIA,54,WHEAT,"5,000","7,000","1,439,000","270,000",54
2010,WISCONSIN,55,WHEAT,"230,000","240,000","78,016,000","14,720,000",64
2010,WYOMING,56,WHEAT,"130,000","150,000","23,421,000","4,160,000",32
2009,ALABAMA,1,CORN,250000,280000,105030000,27000000,108
2009,ARIZONA,4,CORN,20000,50000,14490000,3500000,175
2009,ARKANSAS,5,CORN,410000,430000,229977000,60680000,148
2009,CALIFORNIA,6,CORN,160000,550000,123264000,28800000,180
2009,COLORADO,8,CORN,990000,1100000,557410000,151470000,153
2009,CONNECTICUT,9,CORN,,26000,,,
2009,DELAWARE,10,CORN,163000,170000,89813000,23635000,145
2009,FLORIDA,12,CORN,37000,70000,14356000,3589000,97
2009,GEORGIA,13,CORN,370000,420000,212380000,51800000,140
2009,IDAHO,16,CORN,80000,300000,62604000,14800000,185
2009,ILLINOIS,17,CORN,11800000,12000000,7247796000,2053200000,174
2009,INDIANA,18,CORN,5460000,5600000,3417196000,933660000,171
2009,IOWA,19,CORN,13300000,13600000,8642207000,2407300000,181
2009,KANSAS,20,CORN,3860000,4100000,2088067000,598300000,155
2009,KENTUCKY,21,CORN,1150000,1220000,709665000,189750000,165
2009,LOUISIANA,22,CORN,610000,630000,285846000,80520000,132
2009,MAINE,23,CORN,,28000,,,
2009,MARYLAND,24,CORN,425000,470000,228629000,61625000,145
2009,MASSACHUSETTS,25,CORN,,17000,,,
2009,MICHIGAN,26,CORN,2090000,2350000,1091900000,309320000,148
2009,MINNESOTA,27,CORN,7150000,7600000,4317027000,1244100000,174
2009,MISSISSIPPI,28,CORN,695000,730000,330931000,88960000,128
2009,MISSOURI,29,CORN,2920000,3000000,1599401000,446760000,153
2009,MONTANA,30,CORN,26000,72000,16717000,3952000,152
2009,NEBRASKA,31,CORN,8850000,9150000,5671257000,1584150000,179
2009,NEVADA,32,CORN,,4000,,,
2009,NEW HAMPSHIRE,33,CORN,,15000,,,
2009,NEW JERSEY,34,CORN,70000,80000,37337000,10010000,143
2009,NEW MEXICO,35,CORN,50000,130000,39140000,9500000,190
2009,NEW YORK,36,CORN,595000,1070000,320515000,79730000,134
2009,NORTH CAROLINA,37,CORN,800000,870000,365040000,93600000,117
2009,NORTH DAKOTA,38,CORN,1740000,1950000,636318000,200100000,115
2009,OHIO,39,CORN,3140000,3350000,1906137000,536940000,171
2009,OKLAHOMA,40,CORN,320000,390000,124656000,33600000,105
2009,OREGON,41,CORN,32000,60000,28346000,6880000,215
2009,PENNSYLVANIA,42,CORN,920000,1350000,501658000,130640000,142
2009,RHODE ISLAND,44,CORN,,2000,,,
2009,SOUTH CAROLINA,45,CORN,320000,335000,137107000,35520000,111
2009,SOUTH DAKOTA,46,CORN,4680000,5000000,2282576000,706680000,151
2009,TENNESSEE,47,CORN,590000,670000,318718000,87320000,148
2009,TEXAS,48,CORN,1960000,2350000,974590000,243040000,124
2009,UTAH,49,CORN,17000,65000,11526000,2550000,150
2009,VERMONT,50,CORN,,91000,,,
2009,VIRGINIA,51,CORN,330000,480000,158222000,43230000,131
2009,WASHINGTON,53,CORN,105000,170000,103619000,22575000,215
2009,WEST VIRGINIA,54,CORN,30000,47000,13495000,3780000,126
2009,WISCONSIN,55,CORN,2930000,3850000,1600395000,448290000,153
2009,WYOMING,56,CORN,45000,90000,25578000,6300000,140
2009,ALABAMA,1,SOYBEANS,430000,440000,172000000,17200000,40
2009,ARKANSAS,5,SOYBEANS,3270000,3420000,1184558000,122625000,37.5
2009,DELAWARE,10,SOYBEANS,183000,185000,73786000,7686000,42
2009,FLORIDA,12,SOYBEANS,34000,37000,12274000,1292000,38
2009,GEORGIA,13,SOYBEANS,440000,470000,155232000,15840000,36
2009,ILLINOIS,17,SOYBEANS,9350000,9400000,4214980000,430100000,46
2009,INDIANA,18,SOYBEANS,5440000,5450000,2612288000,266560000,49
2009,IOWA,19,SOYBEANS,9530000,9600000,4627006000,486030000,51
2009,KANSAS,20,SOYBEANS,3650000,3700000,1523547000,162425000,44.5
2009,KENTUCKY,21,SOYBEANS,1420000,1430000,674784000,68160000,48
2009,LOUISIANA,22,SOYBEANS,940000,1020000,354136000,36660000,39
2009,MARYLAND,24,SOYBEANS,475000,485000,189525000,19950000,42
2009,MICHIGAN,26,SOYBEANS,1990000,2000000,759384000,79600000,40
2009,MINNESOTA,27,SOYBEANS,7120000,7200000,2674272000,284800000,40
2009,MISSISSIPPI,28,SOYBEANS,2030000,2160000,712774000,77140000,38
2009,MISSOURI,29,SOYBEANS,5300000,5350000,2215586000,230550000,43.5
2009,NEBRASKA,31,SOYBEANS,4760000,4800000,2459302000,259420000,54.5
2009,NEW JERSEY,34,SOYBEANS,87000,89000,34238000,3654000,42
2009,NEW YORK,36,SOYBEANS,254000,255000,99390000,10922000,43
2009,NORTH CAROLINA,37,SOYBEANS,1750000,1800000,570605000,59500000,34
2009,NORTH DAKOTA,38,SOYBEANS,3870000,3900000,1075086000,116100000,30
2009,OHIO,39,SOYBEANS,4530000,4550000,2170867000,221970000,49
2009,OKLAHOMA,40,SOYBEANS,390000,405000,113646000,12090000,31
2009,PENNSYLVANIA,42,SOYBEANS,445000,450000,192418000,20470000,46
2009,SOUTH CAROLINA,45,SOYBEANS,565000,590000,131509000,13843000,24.5
2009,SOUTH DAKOTA,46,SOYBEANS,4190000,4250000,1615496000,175980000,42
2009,TENNESSEE,47,SOYBEANS,1530000,1570000,670599000,68850000,45
2009,TEXAS,48,SOYBEANS,190000,215000,44816000,4845000,25.5
2009,VIRGINIA,51,SOYBEANS,570000,580000,198246000,21090000,37
2009,WEST VIRGINIA,54,SOYBEANS,19000,20000,7478000,779000,41
2009,WISCONSIN,55,SOYBEANS,1620000,1630000,623376000,64800000,40
2009,ALABAMA,1,WHEAT,"160,000","220,000","36,720,000","8,640,000",54
2009,ARIZONA,4,WHEAT,"119,000","122,000","100,800,000","11,825,000",99.4
2009,ARKANSAS,5,WHEAT,"375,000","420,000","80,190,000","16,500,000",44
2009,CALIFORNIA,6,WHEAT,"490,000","810,000","234,689,000","41,300,000",84.3
2009,COLORADO,8,WHEAT,"2,499,000","2,630,000","463,440,000","101,410,000",40.6
2009,DELAWARE,10,WHEAT,"63,000","65,000","13,258,000","3,843,000",61
2009,FLORIDA,12,WHEAT,"14,000","17,000","2,649,000","616,000",44
2009,GEORGIA,13,WHEAT,"245,000","335,000","44,247,000","10,290,000",42
2009,IDAHO,16,WHEAT,"1,269,000","1,329,000","487,952,000","100,669,000",79.3
2009,ILLINOIS,17,WHEAT,"820,000","850,000","185,517,000","45,920,000",56
2009,INDIANA,18,WHEAT,"450,000","470,000","128,741,000","30,150,000",67
2009,IOWA,19,WHEAT,"22,000","28,000","3,911,000","990,000",45
2009,KANSAS,20,WHEAT,"8,950,000","9,300,000","1,800,561,000","375,900,000",42
2009,KENTUCKY,21,WHEAT,"365,000","480,000","95,703,000","20,805,000",57
2009,LOUISIANA,22,WHEAT,"170,000","185,000","44,744,000","9,520,000",56
2009,MARYLAND,24,WHEAT,"170,000","245,000","36,008,000","10,030,000",59
2009,MICHIGAN,26,WHEAT,"580,000","630,000","167,620,000","39,440,000",68
2009,MINNESOTA,27,WHEAT,"1,585,000","1,645,000","394,615,000","83,725,000",52.8
2009,MISSISSIPPI,28,WHEAT,"150,000","165,000","33,750,000","7,500,000",50
2009,MISSOURI,29,WHEAT,"715,000","760,000","144,165,000","33,605,000",47
2009,MONTANA,30,WHEAT,"5,255,000","5,470,000","908,990,000","175,125,000",33.3
2009,NEBRASKA,31,WHEAT,"1,610,000","1,700,000","365,534,000","77,280,000",48
2009,NEVADA,32,WHEAT,"9,000","16,000","4,064,000","864,000",96
2009,NEW JERSEY,34,WHEAT,"29,000","34,000","5,679,000","1,479,000",51
2009,NEW MEXICO,35,WHEAT,"150,000","460,000","13,800,000","3,000,000",20
2009,NEW YORK,36,WHEAT,"100,000","110,000","31,460,000","6,500,000",65
2009,NORTH CAROLINA,37,WHEAT,"575,000","660,000","126,224,000","28,175,000",49
2009,NORTH DAKOTA,38,WHEAT,"8,415,000","8,680,000","1,816,026,000","377,190,000",44.8
2009,OHIO,39,WHEAT,"950,000","980,000","297,455,000","67,450,000",71
2009,OKLAHOMA,40,WHEAT,"3,400,000","5,600,000","365,772,000","74,800,000",22
2009,OREGON,41,WHEAT,"917,000","930,000","240,593,000","51,098,000",55.7
2009,PENNSYLVANIA,42,WHEAT,"150,000","180,000","34,440,000","8,400,000",56
2009,SOUTH CAROLINA,45,WHEAT,"160,000","175,000","31,960,000","7,520,000",47
2009,SOUTH DAKOTA,46,WHEAT,"3,058,000","3,258,000","664,955,000","129,636,000",42.4
2009,TENNESSEE,47,WHEAT,"325,000","410,000","75,400,000","16,250,000",50
2009,TEXAS,48,WHEAT,"2,450,000","6,400,000","322,788,000","61,250,000",25
2009,UTAH,49,WHEAT,"147,000","154,000","43,063,000","7,278,000",49.5
2009,VIRGINIA,51,WHEAT,"220,000","260,000","51,933,000","12,760,000",58
2009,WASHINGTON,53,WHEAT,"2,265,000","2,340,000","597,381,000","123,765,000",54.6
2009,WEST VIRGINIA,54,WHEAT,"5,000","9,000","1,033,000","250,000",50
2009,WISCONSIN,55,WHEAT,"315,000","335,000","88,250,000","21,420,000",68
2009,WYOMING,56,WHEAT,"125,000","150,000","21,138,000","4,750,000",38
2008,ALABAMA,1,CORN,235000,260000,128554000,24440000,104
2008,ARIZONA,4,CORN,15000,50000,14355000,2475000,165
2008,ARKANSAS,5,CORN,430000,440000,288891000,65360000,152
2008,CALIFORNIA,6,CORN,170000,670000,158126000,33150000,195
2008,COLORADO,8,CORN,1010000,1250000,572852000,138370000,137
2008,CONNECTICUT,9,CORN,,27000,,,
2008,DELAWARE,10,CORN,152000,160000,86830000,19000000,125
2008,FLORIDA,12,CORN,35000,70000,17325000,3850000,110
2008,GEORGIA,13,CORN,310000,370000,195300000,43400000,140
2008,IDAHO,16,CORN,80000,300000,58752000,13600000,170
2008,ILLINOIS,17,CORN,11900000,12100000,8541701000,2130100000,179
2008,INDIANA,18,CORN,5460000,5700000,3581760000,873600000,160
2008,IOWA,19,CORN,12800000,13300000,8974080000,2188800000,171
2008,KANSAS,20,CORN,3630000,3850000,1989095000,482790000,133
2008,KENTUCKY,21,CORN,1120000,1210000,664115000,152320000,136
2008,LOUISIANA,22,CORN,510000,520000,326808000,73440000,144
2008,MAINE,23,CORN,,29000,,,
2008,MARYLAND,24,CORN,400000,460000,213928000,48400000,121
2008,MASSACHUSETTS,25,CORN,,19000,,,
2008,MICHIGAN,26,CORN,2140000,2400000,1134029000,295320000,138
2008,MINNESOTA,27,CORN,7200000,7700000,4572288000,1166400000,162
2008,MISSISSIPPI,28,CORN,700000,720000,453740000,98000000,140
2008,MISSOURI,29,CORN,2650000,2800000,1568376000,381600000,144
2008,MONTANA,30,CORN,35000,78000,16226000,4270000,122
2008,NEBRASKA,31,CORN,8550000,8800000,5644283000,1393650000,163
2008,NEVADA,32,CORN,,5000,,,
2008,NEW HAMPSHIRE,33,CORN,,15000,,,
2008,NEW JERSEY,34,CORN,74000,85000,35624000,8584000,116
2008,NEW MEXICO,35,CORN,55000,140000,53928000,10175000,185
2008,NEW YORK,36,CORN,640000,1090000,398131000,92160000,144
2008,NORTH CAROLINA,37,CORN,830000,900000,317873000,64740000,78
2008,NORTH DAKOTA,38,CORN,2300000,2550000,1066648000,285200000,124
2008,OHIO,39,CORN,3120000,3300000,1720711000,408720000,131
2008,OKLAHOMA,40,CORN,320000,370000,156992000,35200000,110
2008,OREGON,41,CORN,33000,60000,26705000,6435000,195
2008,PENNSYLVANIA,42,CORN,880000,1350000,486886000,117040000,133
2008,RHODE ISLAND,44,CORN,,2000,,,
2008,SOUTH CAROLINA,45,CORN,315000,355000,91089000,19845000,63
2008,SOUTH DAKOTA,46,CORN,4400000,4750000,2212056000,585200000,133
2008,TENNESSEE,47,CORN,630000,690000,336760000,74340000,118
2008,TEXAS,48,CORN,2030000,2300000,1154583000,239540000,118
2008,UTAH,49,CORN,23000,70000,15888000,3611000,157
2008,VERMONT,50,CORN,,94000,,,
2008,VIRGINIA,51,CORN,340000,470000,165607000,36720000,108
2008,WASHINGTON,53,CORN,90000,165000,84132000,18450000,205
2008,WEST VIRGINIA,54,CORN,26000,43000,14669000,3380000,130
2008,WISCONSIN,55,CORN,2880000,3800000,1534838000,394560000,137
2008,WYOMING,56,CORN,52000,95000,29614000,6968000,134
2008,ALABAMA,1,SOYBEANS,350000,360000,126175000,12250000,35
2008,ARKANSAS,5,SOYBEANS,3250000,3300000,1190540000,123500000,38
2008,DELAWARE,10,SOYBEANS,193000,195000,49895000,5308000,27.5
2008,FLORIDA,12,SOYBEANS,29000,32000,9367000,1102000,38
2008,GEORGIA,13,SOYBEANS,415000,430000,122218000,12865000,31
2008,ILLINOIS,17,SOYBEANS,9120000,9200000,4372128000,428640000,47
2008,INDIANA,18,SOYBEANS,5430000,5450000,2492370000,244350000,45
2008,IOWA,19,SOYBEANS,9670000,9750000,4586481000,449655000,46.5
2008,KANSAS,20,SOYBEANS,3250000,3300000,1129148000,120250000,37
2008,KENTUCKY,21,SOYBEANS,1380000,1390000,476100000,47610000,34.5
2008,LOUISIANA,22,SOYBEANS,950000,1050000,298452000,31350000,33
2008,MARYLAND,24,SOYBEANS,485000,495000,133860000,14550000,30
2008,MICHIGAN,26,SOYBEANS,1890000,1900000,686713000,69930000,37
2008,MINNESOTA,27,SOYBEANS,6970000,7050000,2675086000,264860000,38
2008,MISSISSIPPI,28,SOYBEANS,1960000,2000000,728336000,78400000,40
2008,MISSOURI,29,SOYBEANS,5030000,5200000,1861704000,191140000,38
2008,NEBRASKA,31,SOYBEANS,4860000,4900000,2212442000,225990000,46.5
2008,NEW JERSEY,34,SOYBEANS,90000,92000,26325000,2700000,30
2008,NEW YORK,36,SOYBEANS,226000,230000,107079000,10396000,46
2008,NORTH CAROLINA,37,SOYBEANS,1670000,1690000,514176000,55110000,33
2008,NORTH DAKOTA,38,SOYBEANS,3760000,3800000,1022269000,105280000,28
2008,OHIO,39,SOYBEANS,4480000,4500000,1661184000,161280000,36
2008,OKLAHOMA,40,SOYBEANS,360000,400000,81900000,9000000,25
2008,PENNSYLVANIA,42,SOYBEANS,430000,435000,175440000,17200000,40
2008,SOUTH CAROLINA,45,SOYBEANS,530000,540000,152640000,16960000,32
2008,SOUTH DAKOTA,46,SOYBEANS,4060000,4100000,1332086000,138040000,34
2008,TENNESSEE,47,SOYBEANS,1460000,1490000,469098000,49640000,34
2008,TEXAS,48,SOYBEANS,205000,230000,46463000,5023000,24.5
2008,VIRGINIA,51,SOYBEANS,570000,580000,165984000,18240000,32
2008,WEST VIRGINIA,54,SOYBEANS,18000,19000,7196000,738000,41
2008,WISCONSIN,55,SOYBEANS,1590000,1610000,545370000,55650000,35
2008,ALABAMA,1,WHEAT,"210,000","265,000","88,715,000","14,910,000",71
2008,ARIZONA,4,WHEAT,"155,000","159,000","125,993,000","15,172,000",97.9
2008,ARKANSAS,5,WHEAT,"1,000,000","1,070,000","329,280,000","56,000,000",56
2008,CALIFORNIA,6,WHEAT,"545,000","880,000","348,731,000","48,825,000",89.6
2008,COLORADO,8,WHEAT,"1,936,000","2,190,000","409,433,000","61,600,000",31.8
2008,DELAWARE,10,WHEAT,"79,000","85,000","36,255,000","6,083,000",77
2008,FLORIDA,12,WHEAT,"23,000","25,000","6,831,000","1,242,000",54
2008,GEORGIA,13,WHEAT,"410,000","490,000","134,173,000","22,550,000",55
2008,IDAHO,16,WHEAT,"1,350,000","1,420,000","635,784,000","99,670,000",73.8
2008,ILLINOIS,17,WHEAT,"1,150,000","1,200,000","433,504,000","73,600,000",64
2008,INDIANA,18,WHEAT,"570,000","590,000","232,440,000","39,330,000",69
2008,IOWA,19,WHEAT,"30,000","40,000","8,496,000","1,440,000",48
2008,KANSAS,20,WHEAT,"9,000,000","9,700,000","2,498,400,000","360,000,000",40
2008,KENTUCKY,21,WHEAT,"440,000","580,000","174,944,000","31,240,000",71
2008,LOUISIANA,22,WHEAT,"385,000","400,000","120,698,000","21,945,000",57
2008,MARYLAND,24,WHEAT,"180,000","255,000","77,395,000","13,140,000",73
2008,MICHIGAN,26,WHEAT,"710,000","730,000","271,816,000","48,280,000",68
2008,MINNESOTA,27,WHEAT,"1,870,000","1,925,000","739,133,000","104,440,000",55.9
2008,MISSISSIPPI,28,WHEAT,"500,000","520,000","166,160,000","31,000,000",62
2008,MISSOURI,29,WHEAT,"1,190,000","1,280,000","305,592,000","57,120,000",48
2008,MONTANA,30,WHEAT,"5,480,000","5,750,000","1,140,389,000","164,920,000",30.1
2008,NEBRASKA,31,WHEAT,"1,670,000","1,750,000","490,846,000","73,480,000",44
2008,NEVADA,32,WHEAT,"11,000","21,000","7,524,000","1,108,000",100.7
2008,NEW JERSEY,34,WHEAT,"37,000","39,000","13,881,000","2,257,000",61
2008,NEW MEXICO,35,WHEAT,"140,000","430,000","33,418,000","4,340,000",31
2008,NEW YORK,36,WHEAT,"130,000","140,000","50,450,000","8,190,000",63
2008,NORTH CAROLINA,37,WHEAT,"740,000","850,000","258,408,000","44,400,000",60
2008,NORTH DAKOTA,38,WHEAT,"8,590,000","9,170,000","2,266,975,000","307,415,000",35.8
2008,OHIO,39,WHEAT,"1,090,000","1,120,000","425,035,000","73,030,000",67
2008,OKLAHOMA,40,WHEAT,"4,600,000","5,700,000","1,179,486,000","170,200,000",37
2008,OREGON,41,WHEAT,"930,000","950,000","332,867,000","51,030,000",54.9
2008,PENNSYLVANIA,42,WHEAT,"185,000","195,000","64,173,000","11,840,000",64
2008,SOUTH CAROLINA,45,WHEAT,"215,000","230,000","69,080,000","11,610,000",54
2008,SOUTH DAKOTA,46,WHEAT,"3,420,000","3,661,000","1,199,255,000","172,540,000",50.5
2008,TENNESSEE,47,WHEAT,"530,000","650,000","190,657,000","33,390,000",63
2008,TEXAS,48,WHEAT,"3,300,000","5,800,000","750,420,000","99,000,000",30
2008,UTAH,49,WHEAT,"139,000","150,000","45,855,000","5,756,000",41.4
2008,VIRGINIA,51,WHEAT,"290,000","320,000","121,069,000","20,590,000",71
2008,WASHINGTON,53,WHEAT,"2,305,000","2,340,000","762,187,000","121,590,000",52.8
2008,WEST VIRGINIA,54,WHEAT,"8,000","11,000","2,808,000","480,000",60
2008,WISCONSIN,55,WHEAT,"357,000","373,000","125,803,000","23,012,000",64.5
2008,WYOMING,56,WHEAT,"136,000","163,000","26,926,000","4,131,000",30.4
2007,ALABAMA,1,CORN,280000,340000,99154000,21840000,78
2007,ARIZONA,4,CORN,22000,55000,20472000,4070000,185
2007,ARKANSAS,5,CORN,590000,610000,378898000,99710000,169
2007,CALIFORNIA,6,CORN,190000,650000,148002000,34580000,182
2007,COLORADO,8,CORN,1060000,1200000,587664000,148400000,140
2007,CONNECTICUT,9,CORN,,26000,,,
2007,DELAWARE,10,CORN,185000,195000,87179000,18315000,99
2007,FLORIDA,12,CORN,35000,70000,12600000,3150000,90
2007,GEORGIA,13,CORN,450000,510000,257175000,57150000,127
2007,IDAHO,16,CORN,105000,320000,88536000,17850000,170
2007,ILLINOIS,17,CORN,13050000,13200000,9340538000,2283750000,175
2007,INDIANA,18,CORN,6370000,6500000,4306502000,980980000,154
2007,IOWA,19,CORN,13900000,14200000,10196901000,2376900000,171
2007,KANSAS,20,CORN,3680000,3900000,2097379000,507840000,138
2007,KENTUCKY,21,CORN,1340000,1440000,710093000,171520000,128
2007,LOUISIANA,22,CORN,730000,740000,452162000,118990000,163
2007,MAINE,23,CORN,,28000,,,
2007,MARYLAND,24,CORN,465000,540000,217918000,46965000,101
2007,MASSACHUSETTS,25,CORN,,18000,,,
2007,MICHIGAN,26,CORN,2340000,2650000,1257773000,287820000,123
2007,MINNESOTA,27,CORN,7850000,8400000,4733393000,1146100000,146
2007,MISSISSIPPI,28,CORN,910000,930000,495622000,134680000,148
2007,MISSOURI,29,CORN,3270000,3450000,1909026000,457800000,140
2007,MONTANA,30,CORN,38000,84000,25323000,5320000,140
2007,NEBRASKA,31,CORN,9200000,9400000,6094080000,1472000000,160
2007,NEVADA,32,CORN,,5000,,,
2007,NEW HAMPSHIRE,33,CORN,,14000,,,
2007,NEW JERSEY,34,CORN,82000,95000,47281000,10168000,124
2007,NEW MEXICO,35,CORN,54000,135000,50544000,9720000,180
2007,NEW YORK,36,CORN,550000,1060000,355520000,70400000,128
2007,NORTH CAROLINA,37,CORN,1010000,1090000,404000000,101000000,100
2007,NORTH DAKOTA,38,CORN,2350000,2560000,1106756000,272600000,116
2007,OHIO,39,CORN,3610000,3850000,2323035000,541500000,150
2007,OKLAHOMA,40,CORN,270000,320000,159341000,39150000,145
2007,OREGON,41,CORN,35000,60000,30520000,7000000,200
2007,PENNSYLVANIA,42,CORN,980000,1430000,554131000,121520000,124
2007,RHODE ISLAND,44,CORN,,2000,,,
2007,SOUTH CAROLINA,45,CORN,370000,400000,139253000,35890000,97
2007,SOUTH DAKOTA,46,CORN,4480000,4950000,2260474000,542080000,121
2007,TENNESSEE,47,CORN,790000,860000,318212000,83740000,106
2007,TEXAS,48,CORN,1970000,2150000,1268286000,291560000,148
2007,UTAH,49,CORN,22000,70000,13794000,3300000,150
2007,VERMONT,50,CORN,,92000,,,
2007,VIRGINIA,51,CORN,405000,540000,152904000,34830000,86
2007,WASHINGTON,53,CORN,115000,195000,108675000,24150000,210
2007,WEST VIRGINIA,54,CORN,27000,48000,13786000,2997000,111
2007,WISCONSIN,55,CORN,3280000,4050000,1819908000,442800000,135
2007,WYOMING,56,CORN,60000,95000,24149000,7740000,129
2007,ALABAMA,1,SOYBEANS,185000,190000,44289000,3885000,21
2007,ARKANSAS,5,SOYBEANS,2820000,2850000,915710000,101520000,36
2007,DELAWARE,10,SOYBEANS,155000,160000,46345000,4030000,26
2007,FLORIDA,12,SOYBEANS,12000,14000,2563000,288000,24
2007,GEORGIA,13,SOYBEANS,285000,295000,101745000,8550000,30
2007,ILLINOIS,17,SOYBEANS,8280000,8300000,3745872000,360180000,43.5
2007,INDIANA,18,SOYBEANS,4790000,4800000,2247468000,220340000,46
2007,IOWA,19,SOYBEANS,8630000,8650000,4711980000,448760000,52
2007,KANSAS,20,SOYBEANS,2610000,2650000,869913000,86130000,33
2007,KENTUCKY,21,SOYBEANS,1100000,1120000,305525000,30250000,27.5
2007,LOUISIANA,22,SOYBEANS,600000,615000,217494000,25800000,43
2007,MARYLAND,24,SOYBEANS,390000,405000,120120000,10725000,27.5
2007,MICHIGAN,26,SOYBEANS,1790000,1800000,693804000,71600000,40
2007,MINNESOTA,27,SOYBEANS,6290000,6350000,2726715000,267325000,42.5
2007,MISSISSIPPI,28,SOYBEANS,1440000,1460000,487555000,58320000,40.5
2007,MISSOURI,29,SOYBEANS,4670000,4700000,1768763000,175125000,37.5
2007,NEBRASKA,31,SOYBEANS,3850000,3870000,1947792000,196350000,51
2007,NEW JERSEY,34,SOYBEANS,80000,82000,25048000,2480000,31
2007,NEW YORK,36,SOYBEANS,203000,205000,88670000,7917000,39
2007,NORTH CAROLINA,37,SOYBEANS,1380000,1440000,306636000,30360000,22
2007,NORTH DAKOTA,38,SOYBEANS,3060000,3100000,1046107000,108630000,35.5
2007,OHIO,39,SOYBEANS,4240000,4250000,1978850000,199280000,47
2007,OKLAHOMA,40,SOYBEANS,180000,190000,46800000,4680000,26
2007,PENNSYLVANIA,42,SOYBEANS,430000,435000,188641000,17630000,41
2007,SOUTH CAROLINA,45,SOYBEANS,440000,460000,88726000,8140000,18.5
2007,SOUTH DAKOTA,46,SOYBEANS,3240000,3250000,1306368000,136080000,42
2007,TENNESSEE,47,SOYBEANS,1010000,1080000,197657000,19190000,19
2007,TEXAS,48,SOYBEANS,92000,95000,35880000,3450000,37.5
2007,VIRGINIA,51,SOYBEANS,500000,510000,156750000,13750000,27.5
2007,WEST VIRGINIA,54,SOYBEANS,14000,15000,5221000,462000,33
2007,WISCONSIN,55,SOYBEANS,1380000,1400000,549399000,55890000,40.5
2007,ALABAMA,1,WHEAT,"76,000","120,000","16,918,000","3,192,000",42
2007,ARIZONA,4,WHEAT,"86,000","89,000","61,329,000","8,724,000",101.4
2007,ARKANSAS,5,WHEAT,"700,000","820,000","135,464,000","28,700,000",41
2007,CALIFORNIA,6,WHEAT,"345,000","640,000","159,583,000","29,465,000",85.4
2007,COLORADO,8,WHEAT,"2,369,000","2,520,000","561,326,000","92,980,000",39.2
2007,DELAWARE,10,WHEAT,"55,000","57,000","20,794,000","3,740,000",68
2007,FLORIDA,12,WHEAT,"9,000","13,000","1,980,000","495,000",55
2007,GEORGIA,13,WHEAT,"230,000","360,000","59,800,000","9,200,000",40
2007,IDAHO,16,WHEAT,"1,175,000","1,235,000","549,000,000","83,645,000",71.2
2007,ILLINOIS,17,WHEAT,"890,000","1,000,000","262,862,000","48,950,000",55
2007,INDIANA,18,WHEAT,"370,000","420,000","107,744,000","20,720,000",56
2007,IOWA,19,WHEAT,"28,000","35,000","7,056,000","1,344,000",48
2007,KANSAS,20,WHEAT,"8,600,000","10,400,000","1,682,934,000","283,800,000",33
2007,KENTUCKY,21,WHEAT,"250,000","440,000","63,360,000","12,000,000",48
2007,LOUISIANA,22,WHEAT,"220,000","235,000","61,776,000","11,880,000",54
2007,MARYLAND,24,WHEAT,"160,000","220,000","63,043,000","10,560,000",66
2007,MICHIGAN,26,WHEAT,"530,000","550,000","172,595,000","34,450,000",65
2007,MINNESOTA,27,WHEAT,"1,710,000","1,765,000","595,467,000","81,900,000",47.9
2007,MISSISSIPPI,28,WHEAT,"330,000","370,000","79,464,000","18,480,000",56
2007,MISSOURI,29,WHEAT,"880,000","1,050,000","195,633,000","37,840,000",43
2007,MONTANA,30,WHEAT,"5,065,000","5,170,000","1,075,754,000","149,820,000",29.6
2007,NEBRASKA,31,WHEAT,"1,960,000","2,050,000","490,510,000","84,280,000",43
2007,NEVADA,32,WHEAT,"13,000","23,000","8,363,000","1,290,000",99.2
2007,NEW JERSEY,34,WHEAT,"28,000","31,000","8,282,000","1,428,000",51
2007,NEW MEXICO,35,WHEAT,"300,000","490,000","46,200,000","8,400,000",28
2007,NEW YORK,36,WHEAT,"85,000","100,000","31,175,000","4,505,000",53
2007,NORTH CAROLINA,37,WHEAT,"500,000","630,000","98,000,000","20,000,000",40
2007,NORTH DAKOTA,38,WHEAT,"8,405,000","8,595,000","2,339,614,000","298,875,000",35.6
2007,OHIO,39,WHEAT,"730,000","820,000","239,126,000","44,530,000",61
2007,OKLAHOMA,40,WHEAT,"3,500,000","5,900,000","609,560,000","98,000,000",28
2007,OREGON,41,WHEAT,"835,000","855,000","358,968,000","43,680,000",52.3
2007,PENNSYLVANIA,42,WHEAT,"155,000","170,000","59,334,000","8,990,000",58
2007,SOUTH CAROLINA,45,WHEAT,"135,000","160,000","18,428,000","4,050,000",30
2007,SOUTH DAKOTA,46,WHEAT,"3,327,000","3,508,000","899,263,000","143,515,000",43.1
2007,TENNESSEE,47,WHEAT,"260,000","420,000","53,833,000","10,660,000",41
2007,TEXAS,48,WHEAT,"3,800,000","6,200,000","899,840,000","140,600,000",37
2007,UTAH,49,WHEAT,"132,000","146,000","46,822,000","5,656,000",42.8
2007,VIRGINIA,51,WHEAT,"205,000","230,000","75,834,000","13,120,000",64
2007,WASHINGTON,53,WHEAT,"2,137,000","2,170,000","949,132,000","125,342,000",58.7
2007,WEST VIRGINIA,54,WHEAT,"6,000","8,000","2,110,000","342,000",57
2007,WISCONSIN,55,WHEAT,"278,000","299,000","99,002,000","18,640,000",67.1
2007,WYOMING,56,WHEAT,"130,000","146,000","22,048,000","3,300,000",25.4
2006,ALABAMA,1,CORN,165000,200000,34571000,11880000,72
2006,ARIZONA,4,CORN,18000,50000,13372000,3060000,170
2006,ARKANSAS,5,CORN,180000,190000,71744000,26280000,146
2006,CALIFORNIA,6,CORN,110000,520000,60803000,18150000,165
2006,COLORADO,8,CORN,860000,1000000,405163000,134160000,156
2006,CONNECTICUT,9,CORN,,27000,,,
2006,DELAWARE,10,CORN,161000,170000,84275000,23345000,145
2006,FLORIDA,12,CORN,30000,60000,6888000,2460000,82
2006,GEORGIA,13,CORN,225000,280000,74250000,24750000,110
2006,IDAHO,16,CORN,65000,270000,42985000,11050000,170
2006,ILLINOIS,17,CORN,11150000,11300000,5579572000,1817450000,163
2006,INDIANA,18,CORN,5380000,5500000,2677572000,844660000,157
2006,IOWA,19,CORN,12350000,12600000,6211803000,2050100000,166
2006,KANSAS,20,CORN,3000000,3350000,1062600000,345000000,115
2006,KENTUCKY,21,CORN,1040000,1120000,482851000,151840000,146
2006,LOUISIANA,22,CORN,290000,300000,113680000,40600000,140
2006,MAINE,23,CORN,,26000,,,
2006,MARYLAND,24,CORN,425000,490000,202895000,59500000,140
2006,MASSACHUSETTS,25,CORN,,18000,,,
2006,MICHIGAN,26,CORN,1950000,2200000,888615000,286650000,147
2006,MINNESOTA,27,CORN,6850000,7300000,3187237000,1102850000,161
2006,MISSISSIPPI,28,CORN,325000,340000,98761000,34775000,107
2006,MISSOURI,29,CORN,2630000,2700000,1110596000,362940000,138
2006,MONTANA,30,CORN,18000,65000,10328000,2628000,146
2006,NEBRASKA,31,CORN,7750000,8100000,3534000000,1178000000,152
2006,NEVADA,32,CORN,,4000,,,
2006,NEW HAMPSHIRE,33,CORN,,14000,,,
2006,NEW JERSEY,34,CORN,64000,80000,27823000,8256000,129
2006,NEW MEXICO,35,CORN,45000,130000,30803000,8325000,185
2006,NEW YORK,36,CORN,480000,950000,211766000,61920000,129
2006,NORTH CAROLINA,37,CORN,740000,790000,295970000,97680000,132
2006,NORTH DAKOTA,38,CORN,1400000,1690000,430458000,155400000,111
2006,OHIO,39,CORN,2960000,3150000,1449571000,470640000,159
2006,OKLAHOMA,40,CORN,220000,270000,73227000,23100000,105
2006,OREGON,41,CORN,29000,51000,16913000,5220000,180
2006,PENNSYLVANIA,42,CORN,960000,1350000,414605000,117120000,122
2006,RHODE ISLAND,44,CORN,,2000,,,
2006,SOUTH CAROLINA,45,CORN,290000,310000,95062000,31900000,110
2006,SOUTH DAKOTA,46,CORN,3220000,4500000,899539000,312340000,97
2006,TENNESSEE,47,CORN,500000,550000,183125000,62500000,125
2006,TEXAS,48,CORN,1450000,1760000,561440000,175450000,121
2006,UTAH,49,CORN,17000,65000,8781000,2669000,157
2006,VERMONT,50,CORN,,85000,,,
2006,VIRGINIA,51,CORN,345000,480000,127098000,41400000,120
2006,WASHINGTON,53,CORN,75000,140000,58590000,15750000,210
2006,WEST VIRGINIA,54,CORN,26000,45000,11138000,3120000,120
2006,WISCONSIN,55,CORN,2800000,3650000,1217216000,400400000,143
2006,WYOMING,56,CORN,45000,85000,15325000,5805000,129
2006,ALABAMA,1,SOYBEANS,150000,160000,20550000,3000000,20
2006,ARKANSAS,5,SOYBEANS,3070000,3110000,688755000,107450000,35
2006,DELAWARE,10,SOYBEANS,177000,180000,36802000,5576000,31.5
2006,FLORIDA,12,SOYBEANS,5000,7000,844000,135000,27
2006,GEORGIA,13,SOYBEANS,140000,155000,23975000,3500000,25
2006,ILLINOIS,17,SOYBEANS,10050000,10100000,3222432000,482400000,48
2006,INDIANA,18,SOYBEANS,5680000,5700000,1854520000,284000000,50
2006,IOWA,19,SOYBEANS,10100000,10150000,3356129000,510050000,50.5
2006,KANSAS,20,SOYBEANS,3080000,3150000,627827000,98560000,32
2006,KENTUCKY,21,SOYBEANS,1370000,1380000,402670000,60280000,44
2006,LOUISIANA,22,SOYBEANS,840000,870000,179626000,30240000,36
2006,MARYLAND,24,SOYBEANS,465000,470000,101184000,15810000,34
2006,MICHIGAN,26,SOYBEANS,1990000,2000000,573956000,91540000,46
2006,MINNESOTA,27,SOYBEANS,7250000,7350000,2019633000,322625000,44.5
2006,MISSISSIPPI,28,SOYBEANS,1650000,1670000,267267000,42900000,26
2006,MISSOURI,29,SOYBEANS,5110000,5150000,1256345000,194180000,38
2006,NEBRASKA,31,SOYBEANS,5010000,5050000,1515525000,250500000,50
2006,NEW JERSEY,34,SOYBEANS,86000,88000,18813000,3010000,35
2006,NEW YORK,36,SOYBEANS,198000,200000,56379000,9108000,46
2006,NORTH CAROLINA,37,SOYBEANS,1360000,1370000,276352000,43520000,32
2006,NORTH DAKOTA,38,SOYBEANS,3870000,3900000,728992000,121905000,31.5
2006,OHIO,39,SOYBEANS,4620000,4650000,1402724000,217140000,47
2006,OKLAHOMA,40,SOYBEANS,215000,310000,23209000,3655000,17
2006,PENNSYLVANIA,42,SOYBEANS,425000,430000,106250000,17000000,40
2006,SOUTH CAROLINA,45,SOYBEANS,390000,400000,76908000,11310000,29
2006,SOUTH DAKOTA,46,SOYBEANS,3850000,3950000,789327000,130900000,34
2006,TENNESSEE,47,SOYBEANS,1130000,1160000,277641000,44070000,39
2006,TEXAS,48,SOYBEANS,155000,225000,20088000,3720000,24
2006,VIRGINIA,51,SOYBEANS,510000,520000,103397000,15810000,31
2006,WEST VIRGINIA,54,SOYBEANS,16000,17000,4301000,672000,42
2006,WISCONSIN,55,SOYBEANS,1640000,1650000,435846000,72160000,44
2006,ALABAMA,1,WHEAT,"45,000","100,000","10,132,000","2,565,000",57
2006,ARIZONA,4,WHEAT,"76,000","79,000","36,774,000","7,580,000",99.7
2006,ARKANSAS,5,WHEAT,"305,000","365,000","65,490,000","18,605,000",61
2006,CALIFORNIA,6,WHEAT,"315,000","520,000","86,686,000","20,935,000",66.5
2006,COLORADO,8,WHEAT,"1,919,000","2,170,000","189,027,000","41,515,000",21.6
2006,DELAWARE,10,WHEAT,"45,000","48,000","9,859,000","3,015,000",67
2006,FLORIDA,12,WHEAT,"5,000","8,000","662,000","210,000",42
2006,GEORGIA,13,WHEAT,"120,000","230,000","21,756,000","5,880,000",49
2006,IDAHO,16,WHEAT,"1,195,000","1,255,000","375,608,000","90,315,000",75.6
2006,ILLINOIS,17,WHEAT,"910,000","930,000","207,298,000","60,970,000",67
2006,INDIANA,18,WHEAT,"460,000","470,000","106,665,000","31,280,000",68
2006,IOWA,19,WHEAT,"18,000","25,000","3,980,000","1,188,000",66
2006,KANSAS,20,WHEAT,"9,100,000","9,800,000","1,327,872,000","291,200,000",32
2006,KENTUCKY,21,WHEAT,"320,000","430,000","78,384,000","22,720,000",71
2006,LOUISIANA,22,WHEAT,"105,000","115,000","20,034,000","5,565,000",53
2006,MARYLAND,24,WHEAT,"125,000","210,000","28,726,000","8,375,000",67
2006,MICHIGAN,26,WHEAT,"650,000","660,000","161,805,000","47,450,000",73
2006,MINNESOTA,27,WHEAT,"1,695,000","1,750,000","364,404,000","80,340,000",47.4
2006,MISSISSIPPI,28,WHEAT,"73,000","85,000","15,161,000","4,307,000",59
2006,MISSOURI,29,WHEAT,"910,000","1,000,000","172,973,000","49,140,000",54
2006,MONTANA,30,WHEAT,"5,215,000","5,300,000","693,854,000","153,075,000",29.4
2006,NEBRASKA,31,WHEAT,"1,700,000","1,800,000","279,684,000","61,200,000",36
2006,NEVADA,32,WHEAT,"10,000","23,000","4,356,000","1,056,000",105.6
2006,NEW JERSEY,34,WHEAT,"22,000","25,000","5,016,000","1,320,000",60
2006,NEW MEXICO,35,WHEAT,"120,000","440,000","18,564,000","4,080,000",34
2006,NEW YORK,36,WHEAT,"95,000","105,000","23,354,000","5,795,000",61
2006,NORTH CAROLINA,37,WHEAT,"420,000","560,000","80,783,000","24,780,000",59
2006,NORTH DAKOTA,38,WHEAT,"8,290,000","8,800,000","1,129,611,000","251,590,000",30.3
2006,OHIO,39,WHEAT,"960,000","990,000","218,688,000","65,280,000",68
2006,OKLAHOMA,40,WHEAT,"3,400,000","5,700,000","383,520,000","81,600,000",24
2006,OREGON,41,WHEAT,"835,000","870,000","192,911,000","43,190,000",51.7
2006,PENNSYLVANIA,42,WHEAT,"150,000","160,000","31,152,000","8,850,000",59
2006,SOUTH CAROLINA,45,WHEAT,"123,000","130,000","18,758,000","6,150,000",50
2006,SOUTH DAKOTA,46,WHEAT,"2,576,000","3,310,000","374,316,000","84,090,000",32.6
2006,TENNESSEE,47,WHEAT,"190,000","280,000","42,925,000","12,160,000",64
2006,TEXAS,48,WHEAT,"1,400,000","5,550,000","150,192,000","33,600,000",24
2006,UTAH,49,WHEAT,"136,000","144,000","29,385,000","6,120,000",45
2006,VIRGINIA,51,WHEAT,"155,000","190,000","34,150,000","10,540,000",68
2006,WASHINGTON,53,WHEAT,"2,225,000","2,280,000","617,865,000","138,250,000",62.1
2006,WEST VIRGINIA,54,WHEAT,"6,000","8,000","1,281,000","366,000",61
2006,WISCONSIN,55,WHEAT,"240,000","261,000","63,490,000","18,290,000",76.2
2006,WYOMING,56,WHEAT,"141,000","158,000","17,583,000","3,879,000",27.5
2005,ALABAMA,1,CORN,200000,220000,59500000,23800000,119
2005,ARIZONA,4,CORN,22000,50000,13642000,4290000,195
2005,ARKANSAS,5,CORN,230000,240000,64780000,30130000,131
2005,CALIFORNIA,6,CORN,130000,560000,60372000,22360000,172
2005,COLORADO,8,CORN,950000,1100000,313538000,140600000,148
2005,CONNECTICUT,9,CORN,,28000,,,
2005,DELAWARE,10,CORN,154000,160000,49550000,22022000,143
2005,FLORIDA,12,CORN,28000,65000,5264000,2632000,94
2005,GEORGIA,13,CORN,230000,270000,64768000,29440000,128
2005,IDAHO,16,CORN,60000,235000,27336000,10200000,170
2005,ILLINOIS,17,CORN,11950000,12100000,3554408000,1708850000,143
2005,INDIANA,18,CORN,5770000,5900000,1777160000,888580000,154
2005,IOWA,19,CORN,12500000,12800000,4195250000,2162500000,173
2005,KANSAS,20,CORN,3450000,3650000,964103000,465750000,135
2005,KENTUCKY,21,CORN,1180000,1250000,344230000,155760000,132
2005,LOUISIANA,22,CORN,330000,340000,100980000,44880000,136
2005,MAINE,23,CORN,,26000,,,
2005,MARYLAND,24,CORN,400000,470000,118260000,54000000,135
2005,MASSACHUSETTS,25,CORN,,20000,,,
2005,MICHIGAN,26,CORN,2010000,2250000,540368000,287430000,143
2005,MINNESOTA,27,CORN,6850000,7300000,2216934000,1191900000,174
2005,MISSISSIPPI,28,CORN,365000,380000,102098000,45990000,126
2005,MISSOURI,29,CORN,2970000,3100000,669230000,329670000,111
2005,MONTANA,30,CORN,17000,65000,6391000,2516000,148
2005,NEBRASKA,31,CORN,8250000,8500000,2439360000,1270500000,154
2005,NEVADA,32,CORN,,5000,,,
2005,NEW HAMPSHIRE,33,CORN,,15000,,,
2005,NEW JERSEY,34,CORN,62000,80000,16036000,7564000,122
2005,NEW MEXICO,35,CORN,55000,140000,25025000,9625000,175
2005,NEW YORK,36,CORN,460000,990000,130622000,57040000,124
2005,NORTH CAROLINA,37,CORN,700000,750000,195720000,84000000,120
2005,NORTH DAKOTA,38,CORN,1200000,1410000,278640000,154800000,129
2005,OHIO,39,CORN,3250000,3450000,920205000,464750000,143
2005,OKLAHOMA,40,CORN,250000,290000,68713000,28750000,115
2005,OREGON,41,CORN,25000,53000,10360000,4000000,160
2005,PENNSYLVANIA,42,CORN,960000,1350000,269376000,117120000,122
2005,RHODE ISLAND,44,CORN,,2000,,,
2005,SOUTH CAROLINA,45,CORN,285000,300000,71153000,32490000,114
2005,SOUTH DAKOTA,46,CORN,3950000,4450000,841390000,470050000,119
2005,TENNESSEE,47,CORN,595000,650000,160115000,77350000,130
2005,TEXAS,48,CORN,1850000,2050000,520923000,210900000,114
2005,UTAH,49,CORN,12000,55000,5418000,1956000,163
2005,VERMONT,50,CORN,,95000,,,
2005,VIRGINIA,51,CORN,360000,490000,90907000,42480000,118
2005,WASHINGTON,53,CORN,80000,150000,46084000,16400000,205
2005,WEST VIRGINIA,54,CORN,28000,45000,6623000,3052000,109
2005,WISCONSIN,55,CORN,2900000,3800000,832648000,429200000,148
2005,WYOMING,56,CORN,49000,80000,16807000,6860000,140
2005,ALABAMA,1,SOYBEANS,145000,150000,28471000,4785000,33
2005,ARKANSAS,5,SOYBEANS,3000000,3030000,603840000,102000000,34
2005,DELAWARE,10,SOYBEANS,182000,185000,26736000,4732000,26
2005,FLORIDA,12,SOYBEANS,8000,9000,1382000,256000,32
2005,GEORGIA,13,SOYBEANS,175000,180000,25025000,4550000,26
2005,ILLINOIS,17,SOYBEANS,9450000,9500000,2531088000,439425000,46.5
2005,INDIANA,18,SOYBEANS,5380000,5400000,1523724000,263620000,49
2005,IOWA,19,SOYBEANS,10000000,10050000,2908500000,525000000,52.5
2005,KANSAS,20,SOYBEANS,2850000,2900000,574703000,105450000,37
2005,KENTUCKY,21,SOYBEANS,1240000,1250000,312455000,53320000,43
2005,LOUISIANA,22,SOYBEANS,850000,880000,172533000,28900000,34
2005,MARYLAND,24,SOYBEANS,470000,480000,88369000,15980000,34
2005,MICHIGAN,26,SOYBEANS,1990000,2000000,439004000,76615000,38.5
2005,MINNESOTA,27,SOYBEANS,6800000,6900000,1710982000,309400000,45.5
2005,MISSISSIPPI,28,SOYBEANS,1590000,1610000,343567000,58035000,36.5
2005,MISSOURI,29,SOYBEANS,4910000,4950000,1030069000,181670000,37
2005,NEBRASKA,31,SOYBEANS,4660000,4700000,1306082000,235330000,50.5
2005,NEW JERSEY,34,SOYBEANS,91000,95000,14396000,2548000,28
2005,NEW YORK,36,SOYBEANS,188000,190000,41059000,7896000,42
2005,NORTH CAROLINA,37,SOYBEANS,1460000,1490000,222329000,39420000,27
2005,NORTH DAKOTA,38,SOYBEANS,2900000,2950000,568415000,105850000,36.5
2005,OHIO,39,SOYBEANS,4480000,4500000,1157184000,201600000,45
2005,OKLAHOMA,40,SOYBEANS,305000,325000,43219000,7930000,26
2005,PENNSYLVANIA,42,SOYBEANS,420000,430000,96432000,17220000,41
2005,SOUTH CAROLINA,45,SOYBEANS,420000,430000,47786000,8610000,20.5
2005,SOUTH DAKOTA,46,SOYBEANS,3850000,3900000,726303000,134750000,35
2005,TENNESSEE,47,SOYBEANS,1100000,1130000,239514000,41800000,38
2005,TEXAS,48,SOYBEANS,230000,260000,32591000,5980000,26
2005,VIRGINIA,51,SOYBEANS,510000,530000,86019000,15555000,30.5
2005,WEST VIRGINIA,54,SOYBEANS,17000,18000,3267000,595000,35
2005,WISCONSIN,55,SOYBEANS,1580000,1610000,392093000,69520000,44
2005,ALABAMA,1,WHEAT,"45,000","100,000","6,975,000","2,250,000",50
2005,ARIZONA,4,WHEAT,"81,000","85,000","33,756,000","8,060,000",99.5
2005,ARKANSAS,5,WHEAT,"160,000","220,000","27,622,000","8,320,000",52
2005,CALIFORNIA,6,WHEAT,"369,000","570,000","104,458,000","28,155,000",76.3
2005,COLORADO,8,WHEAT,"2,219,000","2,570,000","185,921,000","54,035,000",24.4
2005,DELAWARE,10,WHEAT,"51,000","52,000","10,746,000","3,570,000",70
2005,FLORIDA,12,WHEAT,"8,000","18,000","1,116,000","360,000",45
2005,GEORGIA,13,WHEAT,"140,000","280,000","22,204,000","7,280,000",52
2005,IDAHO,16,WHEAT,"1,200,000","1,260,000","330,372,000","100,590,000",83.8
2005,ILLINOIS,17,WHEAT,"600,000","630,000","118,584,000","36,600,000",61
2005,INDIANA,18,WHEAT,"340,000","360,000","77,112,000","24,480,000",72
2005,IOWA,19,WHEAT,"15,000","20,000","2,325,000","750,000",50
2005,KANSAS,20,WHEAT,"9,500,000","10,000,000","1,257,800,000","380,000,000",40
2005,KENTUCKY,21,WHEAT,"300,000","390,000","67,524,000","20,400,000",68
2005,LOUISIANA,22,WHEAT,"100,000","110,000","15,360,000","4,800,000",48
2005,MARYLAND,24,WHEAT,"140,000","155,000","28,829,000","9,240,000",66
2005,MICHIGAN,26,WHEAT,"590,000","600,000","121,882,000","38,940,000",66
2005,MINNESOTA,27,WHEAT,"1,745,000","1,820,000","261,440,000","71,470,000",41
2005,MISSISSIPPI,28,WHEAT,"65,000","70,000","10,725,000","3,250,000",50
2005,MISSOURI,29,WHEAT,"540,000","590,000","95,877,000","28,620,000",53
2005,MONTANA,30,WHEAT,"5,235,000","5,340,000","698,286,000","192,480,000",36.8
2005,NEBRASKA,31,WHEAT,"1,760,000","1,850,000","230,630,000","68,640,000",39
2005,NEVADA,32,WHEAT,"8,000","14,000","2,638,000","805,000",100.6
2005,NEW JERSEY,34,WHEAT,"23,000","28,000","3,962,000","1,219,000",53
2005,NEW MEXICO,35,WHEAT,"270,000","450,000","33,345,000","10,260,000",38
2005,NEW YORK,36,WHEAT,"95,000","100,000","17,134,000","5,130,000",54
2005,NORTH CAROLINA,37,WHEAT,"435,000","560,000","76,121,000","24,795,000",57
2005,NORTH DAKOTA,38,WHEAT,"8,835,000","9,090,000","1,076,352,000","303,480,000",34.3
2005,OHIO,39,WHEAT,"830,000","860,000","186,219,000","58,930,000",71
2005,OKLAHOMA,40,WHEAT,"4,000,000","5,700,000","433,920,000","128,000,000",32
2005,OREGON,41,WHEAT,"880,000","940,000","174,397,000","52,645,000",59.8
2005,PENNSYLVANIA,42,WHEAT,"145,000","150,000","27,405,000","7,830,000",54
2005,SOUTH CAROLINA,45,WHEAT,"165,000","170,000","23,562,000","8,415,000",51
2005,SOUTH DAKOTA,46,WHEAT,"3,193,000","3,315,000","484,694,000","133,420,000",41.8
2005,TENNESSEE,47,WHEAT,"150,000","240,000","28,056,000","8,400,000",56
2005,TEXAS,48,WHEAT,"3,000,000","5,500,000","330,240,000","96,000,000",32
2005,UTAH,49,WHEAT,"148,000","163,000","27,002,000","7,099,000",48
2005,VIRGINIA,51,WHEAT,"160,000","180,000","29,333,000","10,080,000",63
2005,WASHINGTON,53,WHEAT,"2,225,000","2,280,000","456,316,000","139,300,000",62.6
2005,WEST VIRGINIA,54,WHEAT,"5,000","7,000","921,000","300,000",60
2005,WISCONSIN,55,WHEAT,"182,000","208,000","29,775,000","10,262,000",56.4
2005,WYOMING,56,WHEAT,"152,000","169,000","16,230,000","4,665,000",30.7
2004,ALABAMA,1,CORN,195000,220000,59483000,23985000,123
2004,ARIZONA,4,CORN,27000,53000,14726000,4860000,180
2004,ARKANSAS,5,CORN,305000,320000,102053000,42700000,140
2004,CALIFORNIA,6,CORN,150000,540000,69563000,26250000,175
2004,COLORADO,8,CORN,1040000,1200000,313092000,140400000,135
2004,CONNECTICUT,9,CORN,,30000,,,
2004,DELAWARE,10,CORN,153000,160000,50931000,23256000,152
2004,FLORIDA,12,CORN,32000,70000,6624000,2880000,90
2004,GEORGIA,13,CORN,280000,335000,78848000,35840000,128
2004,IDAHO,16,CORN,75000,230000,37013000,13125000,175
2004,ILLINOIS,17,CORN,11600000,11750000,4468320000,2088000000,180
2004,INDIANA,18,CORN,5530000,5700000,1848790000,929040000,168
2004,IOWA,19,CORN,12400000,12700000,4466356000,2244400000,181
2004,KANSAS,20,CORN,2880000,3100000,915840000,432000000,150
2004,KENTUCKY,21,CORN,1140000,1210000,388147000,173280000,152
2004,LOUISIANA,22,CORN,410000,420000,135608000,55350000,135
2004,MAINE,23,CORN,,28000,,,
2004,MARYLAND,24,CORN,425000,490000,141104000,65025000,153
2004,MASSACHUSETTS,25,CORN,,20000,,,
2004,MICHIGAN,26,CORN,1920000,2200000,506842000,257280000,134
2004,MINNESOTA,27,CORN,7050000,7500000,2174643000,1120950000,159
2004,MISSISSIPPI,28,CORN,440000,460000,142204000,58520000,133
2004,MISSOURI,29,CORN,2880000,2950000,947117000,466560000,162
2004,MONTANA,30,CORN,15000,70000,5191000,2145000,143
2004,NEBRASKA,31,CORN,7950000,8250000,2665794000,1319700000,166
2004,NEVADA,32,CORN,,4000,,,
2004,NEW HAMPSHIRE,33,CORN,,15000,,,
2004,NEW JERSEY,34,CORN,72000,86000,22651000,10296000,143
2004,NEW MEXICO,35,CORN,58000,125000,25056000,10440000,180
2004,NEW YORK,36,CORN,500000,980000,144570000,61000000,122
2004,NORTH CAROLINA,37,CORN,740000,820000,211255000,86580000,117
2004,NORTH DAKOTA,38,CORN,1150000,1800000,227010000,120750000,105
2004,OHIO,39,CORN,3110000,3350000,1002415000,491380000,158
2004,OKLAHOMA,40,CORN,200000,250000,75900000,30000000,150
2004,OREGON,41,CORN,28000,58000,13090000,4760000,170
2004,PENNSYLVANIA,42,CORN,980000,1400000,308700000,137200000,140
2004,RHODE ISLAND,44,CORN,,2000,,,
2004,SOUTH CAROLINA,45,CORN,295000,315000,67850000,29500000,100
2004,SOUTH DAKOTA,46,CORN,4150000,4650000,981890000,539500000,130
2004,TENNESSEE,47,CORN,615000,680000,186837000,86100000,140
2004,TEXAS,48,CORN,1680000,1830000,607152000,233520000,139
2004,UTAH,49,CORN,12000,55000,4762000,1860000,155
2004,VERMONT,50,CORN,,95000,,,
2004,VIRGINIA,51,CORN,360000,500000,113274000,52200000,145
2004,WASHINGTON,53,CORN,105000,170000,62370000,21000000,200
2004,WEST VIRGINIA,54,CORN,29000,48000,8358000,3799000,131
2004,WISCONSIN,55,CORN,2600000,3600000,760240000,353600000,136
2004,WYOMING,56,CORN,50000,90000,16244000,6550000,131
2004,ALABAMA,1,SOYBEANS,190000,210000,41563000,6650000,35
2004,ARKANSAS,5,SOYBEANS,3150000,3200000,722358000,122850000,39
2004,DELAWARE,10,SOYBEANS,208000,210000,47736000,8840000,42.5
2004,FLORIDA,12,SOYBEANS,17000,19000,3237000,578000,34
2004,GEORGIA,13,SOYBEANS,270000,280000,47709000,8370000,31
2004,ILLINOIS,17,SOYBEANS,9900000,9950000,2890800000,495000000,50
2004,INDIANA,18,SOYBEANS,5520000,5550000,1609025000,284280000,51.5
2004,IOWA,19,SOYBEANS,10150000,10200000,2864736000,497350000,49
2004,KANSAS,20,SOYBEANS,2710000,2800000,598883000,111110000,41
2004,KENTUCKY,21,SOYBEANS,1300000,1310000,335764000,57200000,44
2004,LOUISIANA,22,SOYBEANS,990000,1100000,205494000,32670000,33
2004,MARYLAND,24,SOYBEANS,495000,500000,113875000,21285000,43
2004,MICHIGAN,26,SOYBEANS,1980000,2000000,430373000,75240000,38
2004,MINNESOTA,27,SOYBEANS,7050000,7300000,1372635000,232650000,33
2004,MISSISSIPPI,28,SOYBEANS,1640000,1670000,381300000,61500000,37.5
2004,MISSOURI,29,SOYBEANS,4960000,5000000,1254384000,223200000,45
2004,NEBRASKA,31,SOYBEANS,4750000,4800000,1210490000,218500000,46
2004,NEW JERSEY,34,SOYBEANS,103000,105000,23577000,4326000,42
2004,NEW YORK,36,SOYBEANS,172000,175000,36223000,6708000,39
2004,NORTH CAROLINA,37,SOYBEANS,1500000,1530000,283560000,51000000,34
2004,NORTH DAKOTA,38,SOYBEANS,3570000,3750000,472133000,82110000,23
2004,OHIO,39,SOYBEANS,4420000,4450000,1192428000,207740000,47
2004,OKLAHOMA,40,SOYBEANS,290000,320000,49590000,8700000,30
2004,PENNSYLVANIA,42,SOYBEANS,425000,430000,106157000,19550000,46
2004,SOUTH CAROLINA,45,SOYBEANS,530000,540000,80136000,14310000,27
2004,SOUTH DAKOTA,46,SOYBEANS,4120000,4150000,781646000,140080000,34
2004,TENNESSEE,47,SOYBEANS,1180000,1210000,269960000,48380000,41
2004,TEXAS,48,SOYBEANS,270000,290000,50544000,8640000,32
2004,VIRGINIA,51,SOYBEANS,530000,540000,109964000,20670000,39
2004,WEST VIRGINIA,54,SOYBEANS,18000,19000,4422000,828000,46
2004,WISCONSIN,55,SOYBEANS,1550000,1600000,304808000,53475000,34.5
2004,ALABAMA,1,WHEAT,"60,000","120,000","10,224,000","2,880,000",48
2004,ARIZONA,4,WHEAT,"103,000","105,000","42,073,000","9,963,000",96.7
2004,ARKANSAS,5,WHEAT,"620,000","670,000","114,681,000","32,860,000",53
2004,CALIFORNIA,6,WHEAT,"420,000","680,000","135,618,000","36,200,000",86.2
2004,COLORADO,8,WHEAT,"1,714,000","2,315,000","152,399,000","46,880,000",27.4
2004,DELAWARE,10,WHEAT,"47,000","50,000","8,314,000","2,726,000",58
2004,FLORIDA,12,WHEAT,"15,000","18,000","2,329,000","675,000",45
2004,GEORGIA,13,WHEAT,"190,000","330,000","29,498,000","8,550,000",45
2004,IDAHO,16,WHEAT,"1,190,000","1,250,000","365,222,000","101,710,000",85.5
2004,ILLINOIS,17,WHEAT,"900,000","920,000","169,389,000","53,100,000",59
2004,INDIANA,18,WHEAT,"440,000","450,000","88,387,000","27,280,000",62
2004,IOWA,19,WHEAT,"24,000","28,000","4,026,000","1,320,000",55
2004,KANSAS,20,WHEAT,"8,500,000","10,000,000","1,022,125,000","314,500,000",37
2004,KENTUCKY,21,WHEAT,"380,000","530,000","60,739,000","20,520,000",54
2004,LOUISIANA,22,WHEAT,"165,000","180,000","28,050,000","8,250,000",50
2004,MARYLAND,24,WHEAT,"145,000","160,000","26,521,000","8,555,000",59
2004,MICHIGAN,26,WHEAT,"640,000","660,000","123,290,000","40,960,000",64
2004,MINNESOTA,27,WHEAT,"1,636,000","1,728,000","298,045,000","89,605,000",54.8
2004,MISSISSIPPI,28,WHEAT,"135,000","160,000","24,112,000","7,155,000",53
2004,MISSOURI,29,WHEAT,"930,000","1,050,000","156,686,000","48,360,000",52
2004,MONTANA,30,WHEAT,"5,025,000","5,470,000","623,324,000","173,165,000",34.5
2004,NEBRASKA,31,WHEAT,"1,650,000","1,850,000","197,192,000","61,050,000",37
2004,NEVADA,32,WHEAT,"9,000","14,000","3,533,000","960,000",106.7
2004,NEW JERSEY,34,WHEAT,"24,000","28,000","3,722,000","1,128,000",47
2004,NEW MEXICO,35,WHEAT,"300,000","490,000","26,460,000","8,400,000",28
2004,NEW YORK,36,WHEAT,"100,000","105,000","14,840,000","5,300,000",53
2004,NORTH CAROLINA,37,WHEAT,"460,000","600,000","71,300,000","23,000,000",50
2004,NORTH DAKOTA,38,WHEAT,"7,775,000","8,195,000","1,042,263,000","306,425,000",39.4
2004,OHIO,39,WHEAT,"890,000","920,000","174,369,000","55,180,000",62
2004,OKLAHOMA,40,WHEAT,"4,700,000","6,200,000","546,140,000","164,500,000",35
2004,OREGON,41,WHEAT,"925,000","970,000","199,878,000","54,150,000",58.5
2004,PENNSYLVANIA,42,WHEAT,"135,000","140,000","22,491,000","6,615,000",49
2004,SOUTH CAROLINA,45,WHEAT,"180,000","190,000","25,344,000","7,920,000",44
2004,SOUTH DAKOTA,46,WHEAT,"2,798,000","3,270,000","432,114,000","128,610,000",46
2004,TENNESSEE,47,WHEAT,"280,000","400,000","47,746,000","13,720,000",49
2004,TEXAS,48,WHEAT,"3,500,000","6,300,000","362,390,000","108,500,000",31
2004,UTAH,49,WHEAT,"132,000","143,000","22,427,000","5,856,000",44.4
2004,VIRGINIA,51,WHEAT,"180,000","210,000","29,205,000","9,900,000",55
2004,WASHINGTON,53,WHEAT,"2,275,000","2,330,000","524,493,000","143,500,000",63.1
2004,WEST VIRGINIA,54,WHEAT,"5,000","8,000","790,000","260,000",52
2004,WISCONSIN,55,WHEAT,"231,000","247,000","34,171,000","12,852,000",55.6
2004,WYOMING,56,WHEAT,"141,000","160,000","12,012,000","3,750,000",26.6
2003,ALABAMA,1,CORN,190000,220000,54705000,23180000,122
2003,ARIZONA,4,CORN,22000,47000,13710000,4180000,190
2003,ARKANSAS,5,CORN,350000,365000,116130000,49000000,140
2003,CALIFORNIA,6,CORN,140000,530000,64960000,22400000,160
2003,COLORADO,8,CORN,890000,1080000,299174000,120150000,135
2003,CONNECTICUT,9,CORN,,30000,,,
2003,DELAWARE,10,CORN,162000,170000,57188000,19926000,123
2003,FLORIDA,12,CORN,39000,75000,8155000,3198000,82
2003,GEORGIA,13,CORN,290000,340000,89523000,36540000,126
2003,IDAHO,16,CORN,50000,190000,20580000,7000000,140
2003,ILLINOIS,17,CORN,11050000,11200000,4385524000,1812200000,164
2003,INDIANA,18,CORN,5390000,5600000,1990958000,786940000,146
2003,IOWA,19,CORN,11900000,12300000,4427871000,1868300000,157
2003,KANSAS,20,CORN,2500000,2900000,753000000,300000000,120
2003,KENTUCKY,21,CORN,1080000,1170000,374339000,147960000,137
2003,LOUISIANA,22,CORN,500000,520000,160800000,67000000,134
2003,MAINE,23,CORN,,28000,,,
2003,MARYLAND,24,CORN,410000,480000,142717000,50430000,123
2003,MASSACHUSETTS,25,CORN,,20000,,,
2003,MICHIGAN,26,CORN,2030000,2250000,615821000,259840000,128
2003,MINNESOTA,27,CORN,6650000,7200000,2281615000,970900000,146
2003,MISSISSIPPI,28,CORN,530000,550000,160717000,70490000,133
2003,MISSOURI,29,CORN,2800000,2900000,743904000,302400000,108
2003,MONTANA,30,CORN,17000,68000,6307000,2380000,140
2003,NEBRASKA,31,CORN,7700000,8100000,2686838000,1124200000,146
2003,NEVADA,32,CORN,,4000,,,
2003,NEW HAMPSHIRE,33,CORN,,15000,,,
2003,NEW JERSEY,34,CORN,61000,80000,19369000,6893000,113
2003,NEW MEXICO,35,CORN,48000,130000,25574000,8640000,180
2003,NEW YORK,36,CORN,440000,1000000,150137000,53240000,121
2003,NORTH CAROLINA,37,CORN,680000,740000,193174000,72080000,106
2003,NORTH DAKOTA,38,CORN,1170000,1450000,310565000,131040000,112
2003,OHIO,39,CORN,3070000,3300000,1173354000,478920000,156
2003,OKLAHOMA,40,CORN,190000,230000,61750000,23750000,125
2003,OREGON,41,CORN,30000,51000,15708000,5100000,170
2003,PENNSYLVANIA,42,CORN,890000,1450000,302956000,102350000,115
2003,RHODE ISLAND,44,CORN,,2000,,,
2003,SOUTH CAROLINA,45,CORN,215000,240000,60953000,22575000,105
2003,SOUTH DAKOTA,46,CORN,3850000,4400000,974358000,427350000,111
2003,TENNESSEE,47,CORN,620000,710000,192491000,81220000,131
2003,TEXAS,48,CORN,1650000,1830000,504273000,194700000,118
2003,UTAH,49,CORN,13000,55000,6025000,2015000,155
2003,VERMONT,50,CORN,,100000,,,
2003,VIRGINIA,51,CORN,330000,470000,97532000,37950000,115
2003,WASHINGTON,53,CORN,70000,130000,40950000,13650000,195
2003,WEST VIRGINIA,54,CORN,27000,48000,8446000,3105000,115
2003,WISCONSIN,55,CORN,2850000,3750000,863978000,367650000,129
2003,WYOMING,56,CORN,50000,85000,16125000,6450000,129
2003,ALABAMA,1,SOYBEANS,160000,170000,41760000,5760000,36
2003,ARKANSAS,5,SOYBEANS,2890000,2920000,791094000,111265000,38.5
2003,DELAWARE,10,SOYBEANS,178000,180000,49021000,6408000,36
2003,FLORIDA,12,SOYBEANS,12000,13000,2484000,360000,30
2003,GEORGIA,13,SOYBEANS,180000,190000,45716000,6120000,34
2003,ILLINOIS,17,SOYBEANS,10260000,10300000,2850946000,379620000,37
2003,INDIANA,18,SOYBEANS,5370000,5450000,1565140000,204060000,38
2003,IOWA,19,SOYBEANS,10550000,10600000,2640138000,342875000,32.5
2003,KANSAS,20,SOYBEANS,2480000,2600000,438067000,57040000,23
2003,KENTUCKY,21,SOYBEANS,1240000,1250000,399156000,53940000,43.5
2003,LOUISIANA,22,SOYBEANS,740000,760000,171088000,25160000,34
2003,MARYLAND,24,SOYBEANS,430000,435000,121712000,15910000,37
2003,MICHIGAN,26,SOYBEANS,1990000,2000000,399493000,54725000,27.5
2003,MINNESOTA,27,SOYBEANS,7450000,7500000,1730784000,238400000,32
2003,MISSISSIPPI,28,SOYBEANS,1430000,1440000,368640000,55770000,39
2003,MISSOURI,29,SOYBEANS,4950000,5000000,1098108000,146025000,29.5
2003,NEBRASKA,31,SOYBEANS,4500000,4550000,1279395000,182250000,40.5
2003,NEW JERSEY,34,SOYBEANS,88000,90000,21991000,2992000,34
2003,NEW YORK,36,SOYBEANS,138000,140000,37674000,4830000,35
2003,NORTH CAROLINA,37,SOYBEANS,1400000,1450000,306180000,42000000,30
2003,NORTH DAKOTA,38,SOYBEANS,3050000,3150000,585539000,88450000,29
2003,OHIO,39,SOYBEANS,4280000,4300000,1186416000,164780000,38.5
2003,OKLAHOMA,40,SOYBEANS,245000,270000,47138000,6370000,26
2003,PENNSYLVANIA,42,SOYBEANS,375000,380000,112699000,15375000,41
2003,SOUTH CAROLINA,45,SOYBEANS,420000,430000,89376000,11760000,28
2003,SOUTH DAKOTA,46,SOYBEANS,4200000,4250000,803880000,115500000,27.5
2003,TENNESSEE,47,SOYBEANS,1120000,1150000,331632000,47040000,42
2003,TEXAS,48,SOYBEANS,185000,200000,37555000,5365000,29
2003,VIRGINIA,51,SOYBEANS,480000,500000,125174000,16320000,34
2003,WEST VIRGINIA,54,SOYBEANS,15000,16000,4637000,615000,41
2003,WISCONSIN,55,SOYBEANS,1670000,1720000,332464000,46760000,28
2003,ALABAMA,1,WHEAT,"75,000","150,000","9,840,000","3,075,000",41
2003,ARIZONA,4,WHEAT,"119,000","119,000","55,082,000","11,912,000",100.1
2003,ARKANSAS,5,WHEAT,"570,000","700,000","87,780,000","28,500,000",50
2003,CALIFORNIA,6,WHEAT,"525,000","870,000","137,399,000","36,510,000",69.5
2003,COLORADO,8,WHEAT,"2,229,000","2,630,000","260,106,000","78,160,000",35.1
2003,DELAWARE,10,WHEAT,"47,000","50,000","5,974,000","1,927,000",41
2003,FLORIDA,12,WHEAT,"12,000","20,000","1,476,000","492,000",41
2003,GEORGIA,13,WHEAT,"230,000","380,000","32,269,000","10,580,000",46
2003,IDAHO,16,WHEAT,"1,130,000","1,190,000","294,269,000","84,660,000",74.9
2003,ILLINOIS,17,WHEAT,"810,000","850,000","168,480,000","52,650,000",65
2003,INDIANA,18,WHEAT,"430,000","460,000","93,860,000","29,240,000",68
2003,IOWA,19,WHEAT,"21,000","25,000","3,651,000","1,281,000",61
2003,KANSAS,20,WHEAT,"10,000,000","10,500,000","1,512,000,000","480,000,000",48
2003,KENTUCKY,21,WHEAT,"350,000","500,000","68,789,000","21,700,000",62
2003,LOUISIANA,22,WHEAT,"140,000","155,000","18,942,000","5,740,000",41
2003,MARYLAND,24,WHEAT,"145,000","165,000","16,900,000","5,365,000",37
2003,MICHIGAN,26,WHEAT,"660,000","680,000","145,860,000","44,880,000",68
2003,MINNESOTA,27,WHEAT,"1,825,000","1,877,000","386,130,000","105,482,000",57.8
2003,MISSISSIPPI,28,WHEAT,"125,000","150,000","20,458,000","6,125,000",49
2003,MISSOURI,29,WHEAT,"870,000","960,000","163,986,000","53,070,000",61
2003,MONTANA,30,WHEAT,"5,200,000","5,440,000","527,394,000","142,330,000",27.4
2003,NEBRASKA,31,WHEAT,"1,820,000","1,900,000","269,578,000","83,720,000",46
2003,NEVADA,32,WHEAT,"7,000","12,000","1,914,000","549,000",78.4
2003,NEW JERSEY,34,WHEAT,"26,000","31,000","3,385,000","1,092,000",42
2003,NEW MEXICO,35,WHEAT,"140,000","500,000","14,784,000","4,480,000",32
2003,NEW YORK,36,WHEAT,"120,000","130,000","15,455,000","6,360,000",53
2003,NORTH CAROLINA,37,WHEAT,"410,000","530,000","42,066,000","14,760,000",36
2003,NORTH DAKOTA,38,WHEAT,"8,500,000","8,630,000","1,149,385,000","316,970,000",37.3
2003,OHIO,39,WHEAT,"1,000,000","1,060,000","217,600,000","68,000,000",68
2003,OKLAHOMA,40,WHEAT,"4,600,000","6,700,000","593,814,000","179,400,000",39
2003,OREGON,41,WHEAT,"1,080,000","1,115,000","197,580,000","53,540,000",49.6
2003,PENNSYLVANIA,42,WHEAT,"165,000","175,000","23,484,000","7,095,000",43
2003,SOUTH CAROLINA,45,WHEAT,"185,000","200,000","21,645,000","7,215,000",39
2003,SOUTH DAKOTA,46,WHEAT,"2,797,000","3,078,000","408,188,000","118,391,000",42.3
2003,TENNESSEE,47,WHEAT,"270,000","430,000","42,795,000","13,500,000",50
2003,TEXAS,48,WHEAT,"3,450,000","6,600,000","295,596,000","96,600,000",28
2003,UTAH,49,WHEAT,"137,000","177,000","22,756,000","5,677,000",41.4
2003,VIRGINIA,51,WHEAT,"160,000","210,000","21,933,000","7,360,000",46
2003,WASHINGTON,53,WHEAT,"2,345,000","2,400,000","521,163,000","139,345,000",59.4
2003,WEST VIRGINIA,54,WHEAT,"7,000","12,000","898,000","287,000",41
2003,WISCONSIN,55,WHEAT,"180,000","212,000","39,439,000","12,300,000",68.3
2003,WYOMING,56,WHEAT,"151,000","168,000","13,878,000","4,095,000",27.1
2002,ALABAMA,1,CORN,180000,200000,43085000,15840000,88
2002,ARIZONA,4,CORN,28000,60000,16265000,5180000,185
2002,ARKANSAS,5,CORN,255000,265000,83033000,34170000,134
2002,CALIFORNIA,6,CORN,150000,545000,69615000,25500000,170
2002,COLORADO,8,CORN,720000,1200000,273240000,108000000,150
2002,CONNECTICUT,9,CORN,,32000,,,
2002,DELAWARE,10,CORN,167000,180000,39980000,14028000,84
2002,FLORIDA,12,CORN,37000,75000,9235000,3552000,96
2002,GEORGIA,13,CORN,290000,340000,86130000,31900000,110
2002,IDAHO,16,CORN,45000,190000,20297000,6975000,155
2002,ILLINOIS,17,CORN,10900000,11100000,3458025000,1471500000,135
2002,INDIANA,18,CORN,5220000,5400000,1522204000,631620000,121
2002,IOWA,19,CORN,11850000,12200000,4288041000,1931550000,163
2002,KANSAS,20,CORN,2600000,3250000,747968000,301600000,116
2002,KENTUCKY,21,CORN,1070000,1160000,287102000,111280000,104
2002,LOUISIANA,22,CORN,540000,580000,156816000,65340000,121
2002,MAINE,23,CORN,,29000,,,
2002,MARYLAND,24,CORN,425000,510000,89633000,31450000,74
2002,MASSACHUSETTS,25,CORN,,22000,,,
2002,MICHIGAN,26,CORN,2000000,2250000,547560000,234000000,117
2002,MINNESOTA,27,CORN,6700000,7200000,2261585000,1051900000,157
2002,MISSISSIPPI,28,CORN,530000,550000,148188000,63600000,120
2002,MISSOURI,29,CORN,2700000,2800000,694575000,283500000,105
2002,MONTANA,30,CORN,13000,65000,4459000,1820000,140
2002,NEBRASKA,31,CORN,7350000,8400000,2182656000,940800000,128
2002,NEVADA,32,CORN,,4000,,,
2002,NEW HAMPSHIRE,33,CORN,,15000,,,
2002,NEW JERSEY,34,CORN,70000,90000,11828000,4270000,61
2002,NEW MEXICO,35,CORN,49000,140000,24353000,8575000,175
2002,NEW YORK,36,CORN,460000,1020000,128059000,44620000,97
2002,NORTH CAROLINA,37,CORN,680000,780000,163112000,56440000,83
2002,NORTH DAKOTA,38,CORN,995000,1230000,245009000,113430000,114
2002,OHIO,39,CORN,2970000,3250000,655538000,264330000,89
2002,OKLAHOMA,40,CORN,190000,240000,60515000,24700000,130
2002,OREGON,41,CORN,20000,48000,9216000,3200000,160
2002,PENNSYLVANIA,42,CORN,840000,1400000,169646000,57120000,68
2002,RHODE ISLAND,44,CORN,,2000,,,
2002,SOUTH CAROLINA,45,CORN,260000,320000,32994000,12220000,47
2002,SOUTH DAKOTA,46,CORN,3250000,4450000,669988000,308750000,95
2002,TENNESSEE,47,CORN,610000,690000,168397000,65270000,107
2002,TEXAS,48,CORN,1790000,2050000,519834000,202270000,113
2002,UTAH,49,CORN,16000,57000,7225000,2272000,142
2002,VERMONT,50,CORN,,95000,,,
2002,VIRGINIA,51,CORN,325000,500000,60333000,22100000,68
2002,WASHINGTON,53,CORN,70000,130000,37772000,13300000,190
2002,WEST VIRGINIA,54,CORN,30000,50000,8978000,3150000,105
2002,WISCONSIN,55,CORN,2900000,3650000,869130000,391500000,135
2002,WYOMING,56,CORN,35000,80000,10829000,4165000,119
2002,ALABAMA,1,SOYBEANS,155000,170000,20646000,3720000,24
2002,ARKANSAS,5,SOYBEANS,2880000,2950000,545112000,96480000,33.5
2002,DELAWARE,10,SOYBEANS,185000,190000,26363000,4625000,25
2002,FLORIDA,12,SOYBEANS,9000,10000,1589000,297000,33
2002,GEORGIA,13,SOYBEANS,140000,160000,17549000,3220000,23
2002,ILLINOIS,17,SOYBEANS,10550000,10600000,2567659000,453650000,43
2002,INDIANA,18,SOYBEANS,5770000,5800000,1328975000,239455000,41.5
2002,IOWA,19,SOYBEANS,10400000,10450000,2765568000,499200000,48
2002,KANSAS,20,SOYBEANS,2540000,2750000,320726000,58420000,23
2002,KENTUCKY,21,SOYBEANS,1290000,1310000,244352000,42570000,33
2002,LOUISIANA,22,SOYBEANS,660000,800000,116582000,21120000,32
2002,MARYLAND,24,SOYBEANS,470000,490000,61617000,10810000,23
2002,MICHIGAN,26,SOYBEANS,2040000,2050000,441395000,78540000,38.5
2002,MINNESOTA,27,SOYBEANS,7100000,7200000,1673967000,308850000,43.5
2002,MISSISSIPPI,28,SOYBEANS,1370000,1440000,241997000,43840000,32
2002,MISSOURI,29,SOYBEANS,5000000,5050000,941800000,170000000,34
2002,NEBRASKA,31,SOYBEANS,4580000,4700000,957472000,176330000,38.5
2002,NEW JERSEY,34,SOYBEANS,97000,100000,12571000,2328000,24
2002,NEW YORK,36,SOYBEANS,144000,145000,26957000,4608000,32
2002,NORTH CAROLINA,37,SOYBEANS,1290000,1370000,174305000,30960000,24
2002,NORTH DAKOTA,38,SOYBEANS,2630000,2670000,461723000,86790000,33
2002,OHIO,39,SOYBEANS,4720000,4750000,844314000,151040000,32
2002,OKLAHOMA,40,SOYBEANS,260000,280000,37180000,6760000,26
2002,PENNSYLVANIA,42,SOYBEANS,390000,405000,59826000,10140000,26
2002,SOUTH CAROLINA,45,SOYBEANS,415000,435000,39508000,7055000,17
2002,SOUTH DAKOTA,46,SOYBEANS,4090000,4250000,675791000,126790000,31
2002,TENNESSEE,47,SOYBEANS,1120000,1160000,197904000,34720000,31
2002,TEXAS,48,SOYBEANS,205000,230000,29274000,5740000,28
2002,VIRGINIA,51,SOYBEANS,460000,490000,58613000,10580000,23
2002,WEST VIRGINIA,54,SOYBEANS,17000,18000,3548000,629000,37
2002,WISCONSIN,55,SOYBEANS,1520000,1540000,357808000,66880000,44
2002,ALABAMA,1,WHEAT,"60,000","150,000","7,440,000","2,400,000",40
2002,ARIZONA,4,WHEAT,"99,000","99,000","41,218,000","9,444,000",95.4
2002,ARKANSAS,5,WHEAT,"830,000","950,000","110,722,000","38,180,000",46
2002,CALIFORNIA,6,WHEAT,"390,000","625,000","114,756,000","31,800,000",81.5
2002,COLORADO,8,WHEAT,"1,670,000","2,375,000","138,357,000","38,100,000",22.8
2002,DELAWARE,10,WHEAT,"53,000","55,000","11,687,000","3,710,000",70
2002,FLORIDA,12,WHEAT,"7,000","19,000","588,000","245,000",35
2002,GEORGIA,13,WHEAT,"190,000","330,000","19,950,000","7,980,000",42
2002,IDAHO,16,WHEAT,"1,090,000","1,150,000","287,579,000","78,410,000",71.9
2002,ILLINOIS,17,WHEAT,"630,000","660,000","92,919,000","30,870,000",49
2002,INDIANA,18,WHEAT,"310,000","340,000","52,247,000","16,430,000",53
2002,IOWA,19,WHEAT,"16,000","20,000","2,417,000","848,000",53
2002,KANSAS,20,WHEAT,"8,200,000","9,700,000","922,746,000","270,600,000",33
2002,KENTUCKY,21,WHEAT,"330,000","530,000","51,652,000","17,160,000",52
2002,LOUISIANA,22,WHEAT,"220,000","230,000","26,400,000","8,800,000",40
2002,MARYLAND,24,WHEAT,"170,000","185,000","35,343,000","11,220,000",66
2002,MICHIGAN,26,WHEAT,"440,000","450,000","96,694,000","29,480,000",67
2002,MINNESOTA,27,WHEAT,"1,834,000","2,040,000","240,637,000","62,420,000",34
2002,MISSISSIPPI,28,WHEAT,"180,000","230,000","19,440,000","7,200,000",40
2002,MISSOURI,29,WHEAT,"760,000","900,000","101,323,000","33,440,000",44
2002,MONTANA,30,WHEAT,"4,795,000","5,790,000","449,483,000","110,735,000",23.1
2002,NEBRASKA,31,WHEAT,"1,520,000","1,650,000","180,576,000","50,160,000",33
2002,NEVADA,32,WHEAT,"5,000","13,000","1,430,000","408,000",81.6
2002,NEW JERSEY,34,WHEAT,"32,000","38,000","5,654,000","1,824,000",57
2002,NEW MEXICO,35,WHEAT,"150,000","480,000","13,455,000","3,900,000",26
2002,NEW YORK,36,WHEAT,"118,000","120,000","22,448,000","6,844,000",58
2002,NORTH CAROLINA,37,WHEAT,"430,000","600,000","49,665,000","18,060,000",42
2002,NORTH DAKOTA,38,WHEAT,"7,915,000","9,080,000","820,929,000","216,095,000",27.3
2002,OHIO,39,WHEAT,"810,000","860,000","158,695,000","50,220,000",62
2002,OKLAHOMA,40,WHEAT,"3,700,000","6,200,000","349,132,000","103,600,000",28
2002,OREGON,41,WHEAT,"840,000","945,000","128,130,000","34,500,000",41.1
2002,PENNSYLVANIA,42,WHEAT,"185,000","190,000","33,337,000","9,805,000",53
2002,SOUTH CAROLINA,45,WHEAT,"170,000","200,000","16,354,000","6,290,000",37
2002,SOUTH DAKOTA,46,WHEAT,"1,677,000","3,030,000","168,230,000","44,247,000",26.4
2002,TENNESSEE,47,WHEAT,"300,000","470,000","41,172,000","14,100,000",47
2002,TEXAS,48,WHEAT,"2,700,000","6,400,000","236,466,000","78,300,000",29
2002,UTAH,49,WHEAT,"110,000","155,000","16,690,000","3,590,000",32.6
2002,VIRGINIA,51,WHEAT,"170,000","230,000","29,243,000","10,370,000",61
2002,WASHINGTON,53,WHEAT,"2,390,000","2,450,000","496,873,000","129,770,000",54.3
2002,WEST VIRGINIA,54,WHEAT,"7,000","12,000","1,042,000","336,000",48
2002,WISCONSIN,55,WHEAT,"192,000","208,000","35,135,000","11,516,000",60
2002,WYOMING,56,WHEAT,"129,000","159,000","9,162,000","2,471,000",19.2
2001,ALABAMA,1,CORN,150000,180000,37718000,16050000,107
2001,ARIZONA,4,CORN,28000,55000,16249000,5824000,208
2001,ARKANSAS,5,CORN,185000,190000,54187000,26825000,145
2001,CALIFORNIA,6,CORN,160000,480000,66640000,27200000,170
2001,COLORADO,8,CORN,1070000,1220000,319074000,149800000,140
2001,CONNECTICUT,9,CORN,,32000,,,
2001,DELAWARE,10,CORN,162000,170000,50852000,23652000,146
2001,FLORIDA,12,CORN,26000,65000,5090000,2262000,87
2001,GEORGIA,13,CORN,220000,265000,68394000,29480000,134
2001,IDAHO,16,CORN,45000,175000,17820000,6750000,150
2001,ILLINOIS,17,CORN,10850000,11000000,3364368000,1649200000,152
2001,INDIANA,18,CORN,5670000,5800000,1751350000,884520000,156
2001,IOWA,19,CORN,11400000,11700000,3162360000,1664400000,146
2001,KANSAS,20,CORN,3050000,3450000,786321000,387350000,127
2001,KENTUCKY,21,CORN,1100000,1200000,324896000,156200000,142
2001,LOUISIANA,22,CORN,307000,315000,99959000,45436000,148
2001,MAINE,23,CORN,,28000,,,
2001,MARYLAND,24,CORN,410000,490000,121557000,55760000,136
2001,MASSACHUSETTS,25,CORN,,22000,,,
2001,MICHIGAN,26,CORN,1900000,2200000,393015000,199500000,105
2001,MINNESOTA,27,CORN,6200000,6800000,1531400000,806000000,130
2001,MISSISSIPPI,28,CORN,385000,400000,99600000,50050000,130
2001,MISSOURI,29,CORN,2600000,2700000,677768000,345800000,133
2001,MONTANA,30,CORN,13000,65000,3636000,1924000,148
2001,NEBRASKA,31,CORN,7750000,8100000,2210145000,1139250000,147
2001,NEVADA,32,CORN,,3000,,,
2001,NEW HAMPSHIRE,33,CORN,,15000,,,
2001,NEW JERSEY,34,CORN,66000,80000,15449000,7392000,112
2001,NEW MEXICO,35,CORN,46000,130000,19872000,8280000,180
2001,NEW YORK,36,CORN,540000,1030000,142317000,56700000,105
2001,NORTH CAROLINA,37,CORN,625000,700000,184375000,78125000,125
2001,NORTH DAKOTA,38,CORN,705000,880000,151610000,81075000,115
2001,OHIO,39,CORN,3170000,3400000,874920000,437460000,138
2001,OKLAHOMA,40,CORN,210000,250000,55125000,26250000,125
2001,OREGON,41,CORN,18000,45000,6401000,2520000,140
2001,PENNSYLVANIA,42,CORN,960000,1450000,219206000,94080000,98
2001,RHODE ISLAND,44,CORN,,2000,,,
2001,SOUTH CAROLINA,45,CORN,240000,260000,57024000,25920000,108
2001,SOUTH DAKOTA,46,CORN,3400000,3800000,648550000,370600000,109
2001,TENNESSEE,47,CORN,610000,680000,165871000,80520000,132
2001,TEXAS,48,CORN,1420000,1600000,383712000,167560000,118
2001,UTAH,49,CORN,15000,60000,6071000,2130000,142
2001,VERMONT,50,CORN,,90000,,,
2001,VIRGINIA,51,CORN,330000,470000,86863000,40590000,123
2001,WASHINGTON,53,CORN,55000,115000,26752000,10450000,190
2001,WEST VIRGINIA,54,CORN,26000,50000,7145000,3120000,120
2001,WISCONSIN,55,CORN,2600000,3400000,650494000,330200000,127
2001,WYOMING,56,CORN,51000,90000,14663000,6375000,125
2001,ALABAMA,1,SOYBEANS,135000,140000,21735000,4725000,35
2001,ARKANSAS,5,SOYBEANS,2850000,2900000,398544000,91200000,32
2001,DELAWARE,10,SOYBEANS,201000,205000,33316000,7839000,39
2001,FLORIDA,12,SOYBEANS,9000,10000,1096000,261000,29
2001,GEORGIA,13,SOYBEANS,155000,165000,17531000,4030000,26
2001,ILLINOIS,17,SOYBEANS,10620000,10700000,2174445000,477900000,45
2001,INDIANA,18,SOYBEANS,5590000,5600000,1210682000,273910000,49
2001,IOWA,19,SOYBEANS,10920000,11000000,2090088000,480480000,44
2001,KANSAS,20,SOYBEANS,2730000,2850000,363418000,87360000,32
2001,KENTUCKY,21,SOYBEANS,1220000,1240000,218136000,48800000,40
2001,LOUISIANA,22,SOYBEANS,610000,640000,88371000,20130000,33
2001,MARYLAND,24,SOYBEANS,515000,520000,84357000,20085000,39
2001,MICHIGAN,26,SOYBEANS,2130000,2150000,285633000,63900000,30
2001,MINNESOTA,27,SOYBEANS,7200000,7300000,1150848000,266400000,37
2001,MISSISSIPPI,28,SOYBEANS,1120000,1160000,162254000,36960000,33
2001,MISSOURI,29,SOYBEANS,4900000,4950000,804384000,186200000,38
2001,NEBRASKA,31,SOYBEANS,4900000,4950000,934161000,222950000,45.5
2001,NEW JERSEY,34,SOYBEANS,101000,103000,12994000,3131000,31
2001,NEW YORK,36,SOYBEANS,158000,160000,23724000,5214000,33
2001,NORTH CAROLINA,37,SOYBEANS,1350000,1380000,185328000,43200000,32
2001,NORTH DAKOTA,38,SOYBEANS,2110000,2150000,286274000,70685000,33.5
2001,OHIO,39,SOYBEANS,4580000,4600000,837499000,187780000,41
2001,OKLAHOMA,40,SOYBEANS,255000,415000,20834000,4845000,19
2001,PENNSYLVANIA,42,SOYBEANS,395000,400000,58895000,13825000,35
2001,SOUTH CAROLINA,45,SOYBEANS,420000,440000,39249000,8820000,21
2001,SOUTH DAKOTA,46,SOYBEANS,4470000,4500000,590755000,143040000,32
2001,TENNESSEE,47,SOYBEANS,1040000,1070000,157706000,35360000,34
2001,TEXAS,48,SOYBEANS,225000,260000,26910000,5850000,26
2001,VIRGINIA,51,SOYBEANS,480000,500000,73272000,17040000,35.5
2001,WEST VIRGINIA,54,SOYBEANS,16000,17000,2910000,672000,42
2001,WISCONSIN,55,SOYBEANS,1570000,1600000,250368000,58090000,37
2001,ALABAMA,1,WHEAT,"70,000","170,000","8,568,000","3,360,000",48
2001,ARIZONA,4,WHEAT,"93,000","94,000","33,222,000","8,517,000",91.6
2001,ARKANSAS,5,WHEAT,"970,000","1,100,000","119,038,000","50,440,000",52
2001,CALIFORNIA,6,WHEAT,"461,000","615,000","110,852,000","35,105,000",76.1
2001,COLORADO,8,WHEAT,"2,044,000","2,397,000","187,852,000","69,168,000",33.8
2001,DELAWARE,10,WHEAT,"57,000","60,000","8,519,000","3,477,000",61
2001,FLORIDA,12,WHEAT,"9,000","15,000","830,000","369,000",41
2001,GEORGIA,13,WHEAT,"200,000","300,000","21,730,000","10,600,000",53
2001,IDAHO,16,WHEAT,"1,140,000","1,210,000","256,385,000","80,770,000",70.9
2001,ILLINOIS,17,WHEAT,"720,000","750,000","109,361,000","43,920,000",61
2001,INDIANA,18,WHEAT,"380,000","400,000","60,443,000","25,080,000",66
2001,IOWA,19,WHEAT,"18,000","25,000","2,430,000","972,000",54
2001,KANSAS,20,WHEAT,"8,200,000","9,800,000","882,320,000","328,000,000",40
2001,KENTUCKY,21,WHEAT,"360,000","550,000","59,400,000","23,760,000",66
2001,LOUISIANA,22,WHEAT,"160,000","175,000","22,000,000","8,000,000",50
2001,MARYLAND,24,WHEAT,"175,000","190,000","27,011,000","11,025,000",63
2001,MICHIGAN,26,WHEAT,"510,000","520,000","79,315,000","32,640,000",64
2001,MINNESOTA,27,WHEAT,"1,815,000","1,867,000","233,243,000","79,655,000",43.9
2001,MISSISSIPPI,28,WHEAT,"225,000","250,000","28,665,000","11,700,000",52
2001,MISSOURI,29,WHEAT,"760,000","900,000","99,317,000","41,040,000",54
2001,MONTANA,30,WHEAT,"4,215,000","5,360,000","304,487,000","96,570,000",22.9
2001,NEBRASKA,31,WHEAT,"1,600,000","1,750,000","162,800,000","59,200,000",37
2001,NEVADA,32,WHEAT,"3,000","15,000","840,000","270,000",90
2001,NEW JERSEY,34,WHEAT,"27,000","31,000","2,795,000","1,215,000",45
2001,NEW MEXICO,35,WHEAT,"240,000","500,000","22,440,000","8,160,000",34
2001,NEW YORK,36,WHEAT,"120,000","125,000","16,790,000","6,360,000",53
2001,NORTH CAROLINA,37,WHEAT,"450,000","660,000","42,120,000","17,550,000",39
2001,NORTH DAKOTA,38,WHEAT,"9,080,000","9,450,000","812,938,000","292,400,000",32.2
2001,OHIO,39,WHEAT,"900,000","950,000","148,338,000","60,300,000",67
2001,OKLAHOMA,40,WHEAT,"3,700,000","5,600,000","334,554,000","122,100,000",33
2001,OREGON,41,WHEAT,"855,000","910,000","106,718,000","32,650,000",38.2
2001,PENNSYLVANIA,42,WHEAT,"160,000","170,000","22,298,000","8,320,000",52
2001,SOUTH CAROLINA,45,WHEAT,"210,000","220,000","20,769,000","9,030,000",43
2001,SOUTH DAKOTA,46,WHEAT,"2,044,000","3,025,000","214,059,000","76,766,000",37.6
2001,TENNESSEE,47,WHEAT,"340,000","500,000","45,900,000","18,360,000",54
2001,TEXAS,48,WHEAT,"3,200,000","5,600,000","302,464,000","108,800,000",34
2001,UTAH,49,WHEAT,"141,000","160,000","19,912,000","6,034,000",42.8
2001,VIRGINIA,51,WHEAT,"170,000","200,000","23,358,000","10,200,000",60
2001,WASHINGTON,53,WHEAT,"2,350,000","2,460,000","423,681,000","131,350,000",55.9
2001,WEST VIRGINIA,54,WHEAT,"8,000","12,000","1,141,000","464,000",58
2001,WISCONSIN,55,WHEAT,"167,000","178,000","25,668,000","10,708,000",64.1
2001,WYOMING,56,WHEAT,"126,000","168,000","8,263,000","3,048,000",24.2
2000,ALABAMA,1,CORN,165000,230000,23166000,10725000,65
2000,ARIZONA,4,CORN,33000,56000,17981000,6468000,196
2000,ARKANSAS,5,CORN,175000,180000,39813000,22750000,130
2000,CALIFORNIA,6,CORN,205000,540000,85034000,34850000,170
2000,COLORADO,8,CORN,1150000,1350000,301392000,144900000,126
2000,CONNECTICUT,9,CORN,,36000,,,
2000,DELAWARE,10,CORN,155000,165000,50471000,25110000,162
2000,FLORIDA,12,CORN,25000,85000,4200000,1875000,75
2000,GEORGIA,13,CORN,240000,360000,52901000,25680000,107
2000,IDAHO,16,CORN,57000,195000,23986000,9120000,160
2000,ILLINOIS,17,CORN,11050000,11200000,3186931000,1668550000,151
2000,INDIANA,18,CORN,5550000,5700000,1539570000,810300000,146
2000,IOWA,19,CORN,12000000,12300000,3024000000,1728000000,144
2000,KANSAS,20,CORN,3170000,3450000,824200000,412100000,130
2000,KENTUCKY,21,CORN,1230000,1330000,330993000,159900000,130
2000,LOUISIANA,22,CORN,370000,380000,75110000,42920000,116
2000,MAINE,23,CORN,,29000,,,
2000,MARYLAND,24,CORN,405000,480000,126178000,62775000,155
2000,MASSACHUSETTS,25,CORN,,25000,,,
2000,MICHIGAN,26,CORN,1950000,2200000,459420000,241800000,124
2000,MINNESOTA,27,CORN,6650000,7200000,1648868000,964250000,145
2000,MISSISSIPPI,28,CORN,365000,390000,69715000,36500000,100
2000,MISSOURI,29,CORN,2770000,2850000,705076000,396110000,143
2000,MONTANA,30,CORN,16000,60000,3427000,2240000,140
2000,NEBRASKA,31,CORN,8050000,8500000,1927170000,1014300000,126
2000,NEVADA,32,CORN,,4000,,,
2000,NEW HAMPSHIRE,33,CORN,,15000,,,
2000,NEW JERSEY,34,CORN,75000,90000,19799000,10050000,134
2000,NEW MEXICO,35,CORN,66000,150000,26611000,10560000,160
2000,NEW YORK,36,CORN,450000,980000,103635000,44100000,98
2000,NORTH CAROLINA,37,CORN,640000,730000,149222000,74240000,116
2000,NORTH DAKOTA,38,CORN,930000,1080000,171864000,104160000,112
2000,OHIO,39,CORN,3300000,3550000,921690000,485100000,147
2000,OKLAHOMA,40,CORN,240000,270000,70560000,33600000,140
2000,OREGON,41,CORN,27000,55000,11713000,4860000,180
2000,PENNSYLVANIA,42,CORN,1080000,1550000,286664000,137160000,127
2000,RHODE ISLAND,44,CORN,,2000,,,
2000,SOUTH CAROLINA,45,CORN,280000,310000,38220000,18200000,65
2000,SOUTH DAKOTA,46,CORN,3800000,4300000,685216000,425600000,112
2000,TENNESSEE,47,CORN,580000,650000,129595000,66120000,114
2000,TEXAS,48,CORN,1900000,2100000,513608000,235600000,124
2000,UTAH,49,CORN,18000,64000,6765000,2592000,144
2000,VERMONT,50,CORN,,90000,,,
2000,VIRGINIA,51,CORN,330000,470000,97324000,48180000,146
2000,WASHINGTON,53,CORN,100000,155000,46805000,18500000,185
2000,WEST VIRGINIA,54,CORN,35000,55000,9464000,4550000,130
2000,WISCONSIN,55,CORN,2750000,3500000,675180000,363000000,132
2000,WYOMING,56,CORN,58000,90000,15465000,7656000,132
2000,ALABAMA,1,SOYBEANS,160000,190000,13680000,2880000,18
2000,ARKANSAS,5,SOYBEANS,3150000,3350000,379937000,80325000,25.5
2000,DELAWARE,10,SOYBEANS,213000,215000,41216000,9159000,43
2000,FLORIDA,12,SOYBEANS,15000,20000,1268000,285000,19
2000,GEORGIA,13,SOYBEANS,140000,170000,14885000,3360000,24
2000,ILLINOIS,17,SOYBEANS,10450000,10500000,2124276000,459800000,44
2000,INDIANA,18,SOYBEANS,5480000,5500000,1162089000,252080000,46
2000,IOWA,19,SOYBEANS,10680000,10700000,2085964000,464580000,43.5
2000,KANSAS,20,SOYBEANS,2500000,2950000,225000000,50000000,20
2000,KENTUCKY,21,SOYBEANS,1160000,1180000,213080000,45240000,39
2000,LOUISIANA,22,SOYBEANS,850000,930000,99144000,20400000,24
2000,MARYLAND,24,SOYBEANS,515000,520000,99653000,22145000,43
2000,MICHIGAN,26,SOYBEANS,2030000,2050000,331783000,73080000,36
2000,MINNESOTA,27,SOYBEANS,7150000,7300000,1283997000,293150000,41
2000,MISSISSIPPI,28,SOYBEANS,1580000,1700000,163720000,34760000,22
2000,MISSOURI,29,SOYBEANS,5000000,5150000,796250000,175000000,35
2000,NEBRASKA,31,SOYBEANS,4575000,4650000,771894000,173850000,38
2000,NEW JERSEY,34,SOYBEANS,98000,100000,17052000,3920000,40
2000,NEW YORK,36,SOYBEANS,132000,135000,19820000,4356000,33
2000,NORTH CAROLINA,37,SOYBEANS,1360000,1400000,199342000,44200000,32.5
2000,NORTH DAKOTA,38,SOYBEANS,1850000,1900000,250416000,59200000,32
2000,OHIO,39,SOYBEANS,4440000,4450000,863402000,186480000,42
2000,OKLAHOMA,40,SOYBEANS,290000,440000,18488000,4350000,15
2000,PENNSYLVANIA,42,SOYBEANS,385000,390000,72345000,16555000,43
2000,SOUTH CAROLINA,45,SOYBEANS,430000,450000,48375000,10750000,25
2000,SOUTH DAKOTA,46,SOYBEANS,4370000,4400000,653097000,152950000,35
2000,TENNESSEE,47,SOYBEANS,1150000,1180000,134838000,28750000,25
2000,TEXAS,48,SOYBEANS,260000,290000,30888000,7020000,27
2000,VIRGINIA,51,SOYBEANS,480000,490000,80388000,18480000,38.5
2000,WEST VIRGINIA,54,SOYBEANS,15000,16000,3285000,705000,47
2000,WISCONSIN,55,SOYBEANS,1500000,1550000,267000000,60000000,40
2000,ALABAMA,1,WHEAT,"90,000","140,000","11,421,000","4,860,000",54
2000,ARIZONA,4,WHEAT,"92,000","92,000","30,279,000","8,775,000",95.4
2000,ARKANSAS,5,WHEAT,"1,100,000","1,180,000","139,590,000","59,400,000",54
2000,CALIFORNIA,6,WHEAT,"487,000","635,000","103,834,000","37,000,000",76
2000,COLORADO,8,WHEAT,"2,396,000","2,548,000","191,991,000","71,370,000",29.8
2000,DELAWARE,10,WHEAT,"63,000","65,000","8,732,000","4,158,000",66
2000,FLORIDA,12,WHEAT,"9,000","13,000","992,000","441,000",49
2000,GEORGIA,13,WHEAT,"200,000","300,000","26,460,000","10,800,000",54
2000,IDAHO,16,WHEAT,"1,280,000","1,340,000","276,678,000","106,650,000",83.3
2000,ILLINOIS,17,WHEAT,"920,000","950,000","109,600,000","52,440,000",57
2000,INDIANA,18,WHEAT,"510,000","550,000","74,251,000","35,190,000",69
2000,IOWA,19,WHEAT,"18,000","20,000","1,819,000","846,000",47
2000,KANSAS,20,WHEAT,"9,400,000","9,800,000","921,670,000","347,800,000",37
2000,KENTUCKY,21,WHEAT,"420,000","670,000","54,104,000","23,940,000",57
2000,LOUISIANA,22,WHEAT,"185,000","200,000","23,532,000","9,805,000",53
2000,MARYLAND,24,WHEAT,"200,000","220,000","26,460,000","12,600,000",63
2000,MICHIGAN,26,WHEAT,"500,000","530,000","75,960,000","36,000,000",72
2000,MINNESOTA,27,WHEAT,"1,971,000","2,022,000","278,473,000","96,526,000",49
2000,MISSISSIPPI,28,WHEAT,"235,000","250,000","32,830,000","12,925,000",55
2000,MISSOURI,29,WHEAT,"950,000","1,050,000","112,632,000","49,400,000",52
2000,MONTANA,30,WHEAT,"4,920,000","5,330,000","409,007,000","135,210,000",27.5
2000,NEBRASKA,31,WHEAT,"1,650,000","1,750,000","155,034,000","59,400,000",36
2000,NEVADA,32,WHEAT,"15,000","18,000","3,773,000","1,470,000",98
2000,NEW JERSEY,34,WHEAT,"35,000","40,000","4,190,000","1,995,000",57
2000,NEW MEXICO,35,WHEAT,"175,000","470,000","11,340,000","4,200,000",24
2000,NEW YORK,36,WHEAT,"140,000","150,000","14,395,000","7,420,000",53
2000,NORTH CAROLINA,37,WHEAT,"500,000","670,000","58,750,000","25,000,000",50
2000,NORTH DAKOTA,38,WHEAT,"9,413,000","10,170,000","857,369,000","316,985,000",33.7
2000,OHIO,39,WHEAT,"1,110,000","1,120,000","161,438,000","79,920,000",72
2000,OKLAHOMA,40,WHEAT,"4,200,000","6,100,000","366,996,000","142,800,000",34
2000,OREGON,41,WHEAT,"910,000","935,000","140,899,000","53,540,000",58.8
2000,PENNSYLVANIA,42,WHEAT,"195,000","200,000","22,634,000","10,335,000",53
2000,SOUTH CAROLINA,45,WHEAT,"195,000","200,000","22,932,000","9,555,000",49
2000,SOUTH DAKOTA,46,WHEAT,"2,878,000","3,020,000","305,577,000","114,268,000",39.7
2000,TENNESSEE,47,WHEAT,"380,000","550,000","49,115,000","20,900,000",55
2000,TEXAS,48,WHEAT,"2,200,000","6,000,000","166,320,000","66,000,000",30
2000,UTAH,49,WHEAT,"166,000","173,000","22,578,000","6,850,000",41.3
2000,VIRGINIA,51,WHEAT,"205,000","240,000","25,830,000","12,915,000",63
2000,WASHINGTON,53,WHEAT,"2,420,000","2,475,000","443,369,000","164,880,000",68.1
2000,WEST VIRGINIA,54,WHEAT,"9,000","13,000","1,060,000","549,000",61
2000,WISCONSIN,55,WHEAT,"143,000","149,000","16,230,000","8,730,000",61
2000,WYOMING,56,WHEAT,"178,000","201,000","11,642,000","4,312,000",24.2
1999,ALABAMA,1,CORN,200000,220000,46556000,20600000,103
1999,ARIZONA,4,CORN,30000,50000,15912000,5850000,195
1999,ARKANSAS,5,CORN,100000,105000,22620000,13000000,130
1999,CALIFORNIA,6,CORN,185000,525000,78625000,31450000,170
1999,COLORADO,8,CORN,1120000,1230000,292634000,159040000,142
1999,CONNECTICUT,9,CORN,,38000,,,
1999,DELAWARE,10,CORN,154000,169000,32072000,13706000,89
1999,FLORIDA,12,CORN,40000,90000,8630000,3720000,93
1999,GEORGIA,13,CORN,300000,350000,70143000,30900000,103
1999,IDAHO,16,CORN,55000,165000,19949000,8525000,155
1999,ILLINOIS,17,CORN,10650000,10800000,2847810000,1491000000,140
1999,INDIANA,18,CORN,5670000,5800000,1407067000,748440000,132
1999,IOWA,19,CORN,11800000,12100000,3024104000,1758200000,149
1999,KANSAS,20,CORN,2980000,3150000,760526000,420180000,141
1999,KENTUCKY,21,CORN,1180000,1320000,261429000,123900000,105
1999,LOUISIANA,22,CORN,330000,340000,81857000,39930000,121
1999,MAINE,23,CORN,,33000,,,
1999,MARYLAND,24,CORN,360000,470000,79013000,33480000,93
1999,MASSACHUSETTS,25,CORN,,26000,,,
1999,MICHIGAN,26,CORN,1950000,2200000,451230000,253500000,130
1999,MINNESOTA,27,CORN,6600000,7100000,1584000000,990000000,150
1999,MISSISSIPPI,28,CORN,310000,340000,72540000,36270000,117
1999,MISSOURI,29,CORN,2550000,2650000,484806000,247350000,97
1999,MONTANA,30,CORN,18000,65000,3069000,1980000,110
1999,NEBRASKA,31,CORN,8300000,8600000,2018975000,1153700000,139
1999,NEW HAMPSHIRE,33,CORN,,15000,,,
1999,NEW JERSEY,34,CORN,60000,110000,4884000,2220000,37
1999,NEW MEXICO,35,CORN,83000,150000,36005000,14940000,180
1999,NEW YORK,36,CORN,590000,1150000,133482000,59590000,101
1999,NORTH CAROLINA,37,CORN,640000,750000,116224000,51200000,80
1999,NORTH DAKOTA,38,CORN,655000,800000,121850000,76635000,117
1999,OHIO,39,CORN,3200000,3450000,762048000,403200000,126
1999,OKLAHOMA,40,CORN,280000,430000,79170000,40600000,145
1999,OREGON,41,CORN,30000,45000,12338000,5250000,175
1999,PENNSYLVANIA,42,CORN,880000,1500000,148456000,61600000,70
1999,RHODE ISLAND,44,CORN,,3000,,,
1999,SOUTH CAROLINA,45,CORN,275000,300000,44083000,19250000,70
1999,SOUTH DAKOTA,46,CORN,3250000,3600000,565565000,367250000,113
1999,TENNESSEE,47,CORN,570000,630000,111629000,58140000,102
1999,TEXAS,48,CORN,1770000,1950000,472643000,228330000,129
1999,UTAH,49,CORN,20000,61000,6750000,2860000,143
1999,VERMONT,50,CORN,,106000,,,
1999,VIRGINIA,51,CORN,280000,500000,46956000,21840000,78
1999,WASHINGTON,53,CORN,100000,155000,41940000,18000000,180
1999,WEST VIRGINIA,54,CORN,20000,60000,3133000,1300000,65
1999,WISCONSIN,55,CORN,2850000,3600000,721364000,407550000,143
1999,WYOMING,56,CORN,52000,85000,11904000,6136000,118
1999,ALABAMA,1,SOYBEANS,200000,240000,15360000,3200000,16
1999,ARKANSAS,5,SOYBEANS,3300000,3400000,442596000,92400000,28
1999,DELAWARE,10,SOYBEANS,201000,205000,25453000,5427000,27
1999,FLORIDA,12,SOYBEANS,19000,20000,2827000,608000,32
1999,GEORGIA,13,SOYBEANS,190000,220000,17292000,3610000,19
1999,ILLINOIS,17,SOYBEANS,10550000,10600000,2104725000,443100000,42
1999,INDIANA,18,SOYBEANS,5550000,5600000,1019480000,216450000,39
1999,IOWA,19,SOYBEANS,10750000,10800000,2167039000,478375000,44.5
1999,KANSAS,20,SOYBEANS,2800000,2850000,367836000,81200000,29
1999,KENTUCKY,21,SOYBEANS,1160000,1200000,117659000,24360000,21
1999,LOUISIANA,22,SOYBEANS,990000,1020000,135521000,26730000,27
1999,MARYLAND,24,SOYBEANS,480000,490000,71578000,15360000,32
1999,MICHIGAN,26,SOYBEANS,1940000,1950000,357736000,77600000,40
1999,MINNESOTA,27,SOYBEANS,6900000,7000000,1280916000,289800000,42
1999,MISSISSIPPI,28,SOYBEANS,1900000,1950000,217446000,44650000,23.5
1999,MISSOURI,29,SOYBEANS,5350000,5400000,687074000,147125000,27.5
1999,NEBRASKA,31,SOYBEANS,4250000,4300000,807394000,180625000,42.5
1999,NEW JERSEY,34,SOYBEANS,98000,105000,10819000,2352000,24
1999,NEW YORK,36,SOYBEANS,128000,130000,19891000,4736000,37
1999,NORTH CAROLINA,37,SOYBEANS,1300000,1400000,137839000,29900000,23
1999,NORTH DAKOTA,38,SOYBEANS,1340000,1350000,196511000,46900000,35
1999,OHIO,39,SOYBEANS,4500000,4600000,764640000,162000000,36
1999,OKLAHOMA,40,SOYBEANS,360000,480000,29754000,6840000,19
1999,PENNSYLVANIA,42,SOYBEANS,350000,370000,46690000,10150000,29
1999,SOUTH CAROLINA,45,SOYBEANS,450000,480000,42300000,9000000,20
1999,SOUTH DAKOTA,46,SOYBEANS,4070000,4100000,634432000,146520000,36
1999,TENNESSEE,47,SOYBEANS,1200000,1250000,106932000,22800000,19
1999,TEXAS,48,SOYBEANS,380000,400000,43092000,10260000,27
1999,VIRGINIA,51,SOYBEANS,440000,470000,53460000,11880000,27
1999,WISCONSIN,55,SOYBEANS,1300000,1350000,281060000,59800000,46
1999,ALABAMA,1,WHEAT,"90,000","140,000","10,368,000","4,320,000",48
1999,ARIZONA,4,WHEAT,"85,000","86,000","32,250,000","8,325,000",97.9
1999,ARKANSAS,5,WHEAT,"920,000","970,000","115,405,000","51,520,000",56
1999,CALIFORNIA,6,WHEAT,"455,000","590,000","112,388,000","37,785,000",83
1999,COLORADO,8,WHEAT,"2,450,000","2,653,000","238,336,000","107,200,000",43.8
1999,DELAWARE,10,WHEAT,"70,000","75,000","8,778,000","3,990,000",57
1999,FLORIDA,12,WHEAT,"13,000","16,000","1,274,000","520,000",40
1999,GEORGIA,13,WHEAT,"225,000","300,000","22,349,000","9,675,000",43
1999,IDAHO,16,WHEAT,"1,350,000","1,420,000","269,152,000","104,520,000",77.4
1999,ILLINOIS,17,WHEAT,"1,010,000","1,050,000","127,866,000","60,600,000",60
1999,INDIANA,18,WHEAT,"510,000","550,000","71,696,000","33,660,000",66
1999,IOWA,19,WHEAT,"31,000","40,000","3,173,000","1,333,000",43
1999,KANSAS,20,WHEAT,"9,200,000","10,000,000","972,900,000","432,400,000",47
1999,KENTUCKY,21,WHEAT,"410,000","650,000","53,874,000","24,600,000",60
1999,LOUISIANA,22,WHEAT,"105,000","110,000","11,351,000","4,935,000",47
1999,MARYLAND,24,WHEAT,"200,000","215,000","27,000,000","12,000,000",60
1999,MICHIGAN,26,WHEAT,"550,000","560,000","80,454,000","37,950,000",69
1999,MINNESOTA,27,WHEAT,"1,990,000","2,045,000","227,331,000","79,210,000",39.8
1999,MISSISSIPPI,28,WHEAT,"165,000","180,000","19,635,000","8,250,000",50
1999,MISSOURI,29,WHEAT,"920,000","980,000","92,736,000","44,160,000",48
1999,MONTANA,30,WHEAT,"5,320,000","5,560,000","451,779,000","154,310,000",29
1999,NEBRASKA,31,WHEAT,"1,700,000","1,900,000","179,520,000","81,600,000",48
1999,NEVADA,32,WHEAT,"15,000","17,000","3,592,000","1,375,000",91.7
1999,NEW JERSEY,34,WHEAT,"33,000","42,000","4,066,000","1,848,000",56
1999,NEW MEXICO,35,WHEAT,"280,000","445,000","25,536,000","10,640,000",38
1999,NEW YORK,36,WHEAT,"125,000","130,000","16,656,000","8,125,000",65
1999,NORTH CAROLINA,37,WHEAT,"580,000","650,000","66,219,000","28,420,000",49
1999,NORTH DAKOTA,38,WHEAT,"8,657,000","9,410,000","670,237,000","242,280,000",28
1999,OHIO,39,WHEAT,"1,030,000","1,050,000","144,921,000","72,100,000",70
1999,OKLAHOMA,40,WHEAT,"4,300,000","6,400,000","337,120,000","150,500,000",35
1999,OREGON,41,WHEAT,"783,000","870,000","97,456,000","34,659,000",44.3
1999,PENNSYLVANIA,42,WHEAT,"190,000","195,000","25,547,000","10,260,000",54
1999,SOUTH CAROLINA,45,WHEAT,"220,000","225,000","21,758,000","9,460,000",43
1999,SOUTH DAKOTA,46,WHEAT,"3,024,000","3,105,000","296,905,000","120,582,000",39.9
1999,TENNESSEE,47,WHEAT,"340,000","500,000","43,792,000","19,040,000",56
1999,TEXAS,48,WHEAT,"3,400,000","6,200,000","279,072,000","122,400,000",36
1999,UTAH,49,WHEAT,"170,000","176,000","23,944,000","8,940,000",52.6
1999,VIRGINIA,51,WHEAT,"240,000","280,000","27,360,000","13,680,000",57
1999,WASHINGTON,53,WHEAT,"2,290,000","2,525,000","345,299,000","124,140,000",54.2
1999,WEST VIRGINIA,54,WHEAT,"7,000","11,000","890,000","399,000",57
1999,WISCONSIN,55,WHEAT,"127,000","133,000","13,076,000","7,480,000",58.9
1999,WYOMING,56,WHEAT,"193,000","210,000","13,614,000","6,369,000",33
1998,ALABAMA,1,CORN,200000,300000,29106000,12600000,63
1998,ARIZONA,4,CORN,30000,50000,14438000,5250000,175
1998,ARKANSAS,5,CORN,215000,235000,39775000,21500000,100
1998,CALIFORNIA,6,CORN,245000,600000,104272000,39200000,160
1998,COLORADO,8,CORN,1070000,1180000,304094000,155150000,145
1998,CONNECTICUT,9,CORN,,35000,,,
1998,DELAWARE,10,CORN,155000,169000,36735000,15500000,100
1998,FLORIDA,12,CORN,55000,160000,7843000,3410000,62
1998,GEORGIA,13,CORN,265000,500000,55412000,22525000,85
1998,IDAHO,16,CORN,52000,145000,19890000,7800000,150
1998,ILLINOIS,17,CORN,10450000,10600000,3005838000,1473450000,141
1998,INDIANA,18,CORN,5550000,5800000,1604339000,760350000,137
1998,IOWA,19,CORN,12200000,12500000,3290340000,1769000000,145
1998,KANSAS,20,CORN,2850000,3000000,821142000,418950000,147
1998,KENTUCKY,21,CORN,1180000,1300000,294469000,135700000,115
1998,LOUISIANA,22,CORN,540000,700000,89667000,43740000,81
1998,MAINE,23,CORN,,34000,,,
1998,MARYLAND,24,CORN,400000,470000,101588000,43600000,109
1998,MASSACHUSETTS,25,CORN,,25000,,,
1998,MICHIGAN,26,CORN,2050000,2300000,432345000,227550000,111
1998,MINNESOTA,27,CORN,6750000,7300000,1766003000,1032750000,153
1998,MISSISSIPPI,28,CORN,500000,550000,87720000,43000000,86
1998,MISSOURI,29,CORN,2500000,2650000,547200000,285000000,114
1998,MONTANA,30,CORN,18000,60000,3933000,2070000,115
1998,NEBRASKA,31,CORN,8550000,8800000,2330730000,1239750000,145
1998,NEW HAMPSHIRE,33,CORN,,15000,,,
1998,NEW JERSEY,34,CORN,98000,120000,19835000,9016000,92
1998,NEW MEXICO,35,CORN,85000,140000,32959000,14025000,165
1998,NEW YORK,36,CORN,580000,1130000,146125000,66120000,114
1998,NORTH CAROLINA,37,CORN,770000,860000,125587000,53900000,70
1998,NORTH DAKOTA,38,CORN,825000,970000,150950000,88275000,107
1998,OHIO,39,CORN,3340000,3550000,956008000,470940000,141
1998,OKLAHOMA,40,CORN,220000,270000,60060000,28600000,130
1998,OREGON,41,CORN,33000,55000,15362000,6270000,190
1998,PENNSYLVANIA,42,CORN,1050000,1550000,289044000,116550000,111
1998,RHODE ISLAND,44,CORN,,3000,,,
1998,SOUTH CAROLINA,45,CORN,275000,350000,26400000,11000000,40
1998,SOUTH DAKOTA,46,CORN,3550000,3900000,691576000,429550000,121
1998,TENNESSEE,47,CORN,620000,700000,126778000,59520000,96
1998,TEXAS,48,CORN,1850000,2400000,418100000,185000000,100
1998,UTAH,49,CORN,24000,62000,8291000,3384000,141
1998,VERMONT,50,CORN,,112000,,,
1998,VIRGINIA,51,CORN,300000,500000,56448000,25200000,84
1998,WASHINGTON,53,CORN,100000,160000,46550000,19000000,190
1998,WEST VIRGINIA,54,CORN,34000,60000,6256000,2720000,80
1998,WISCONSIN,55,CORN,2950000,3700000,743636000,404150000,137
1998,WYOMING,56,CORN,60000,95000,15240000,7620000,127
1998,ALABAMA,1,SOYBEANS,320000,340000,37312000,7040000,22
1998,ARKANSAS,5,SOYBEANS,3400000,3550000,457300000,85000000,25
1998,DELAWARE,10,SOYBEANS,216000,220000,37850000,7128000,33
1998,FLORIDA,12,SOYBEANS,30000,35000,3588000,690000,23
1998,GEORGIA,13,SOYBEANS,220000,300000,24209000,4620000,21
1998,ILLINOIS,17,SOYBEANS,10550000,10600000,2325642000,464200000,44
1998,INDIANA,18,SOYBEANS,5500000,5600000,1166550000,231000000,42
1998,IOWA,19,SOYBEANS,10350000,10400000,2379672000,496800000,48
1998,KANSAS,20,SOYBEANS,2500000,2550000,373500000,75000000,30
1998,KENTUCKY,21,SOYBEANS,1200000,1220000,185400000,36000000,30
1998,LOUISIANA,22,SOYBEANS,1070000,1200000,126281000,22470000,21
1998,MARYLAND,24,SOYBEANS,460000,470000,74295000,14260000,31
1998,MICHIGAN,26,SOYBEANS,1890000,1900000,367813000,73710000,39
1998,MINNESOTA,27,SOYBEANS,6800000,6900000,1328040000,285600000,42
1998,MISSISSIPPI,28,SOYBEANS,2000000,2050000,270240000,48000000,24
1998,MISSOURI,29,SOYBEANS,5000000,5100000,833000000,170000000,34
1998,NEBRASKA,31,SOYBEANS,3750000,3800000,796950000,165000000,44
1998,NEW JERSEY,34,SOYBEANS,113000,115000,16453000,3164000,28
1998,NEW YORK,36,SOYBEANS,97000,100000,20283000,3977000,41
1998,NORTH CAROLINA,37,SOYBEANS,1415000,1475000,192171000,38205000,27
1998,NORTH DAKOTA,38,SOYBEANS,1475000,1500000,219008000,47200000,32
1998,OHIO,39,SOYBEANS,4390000,4400000,963868000,193160000,44
1998,OKLAHOMA,40,SOYBEANS,340000,470000,29376000,6120000,18
1998,PENNSYLVANIA,42,SOYBEANS,395000,400000,78210000,15800000,40
1998,SOUTH CAROLINA,45,SOYBEANS,500000,540000,52500000,10500000,21
1998,SOUTH DAKOTA,46,SOYBEANS,3400000,3450000,609960000,132600000,39
1998,TENNESSEE,47,SOYBEANS,1210000,1250000,188433000,35090000,29
1998,TEXAS,48,SOYBEANS,270000,440000,26730000,5940000,22
1998,VIRGINIA,51,SOYBEANS,480000,500000,58512000,11040000,23
1998,WISCONSIN,55,SOYBEANS,1100000,1150000,250745000,51700000,47
1998,ALABAMA,1,WHEAT,"85,000","120,000","9,461,000","3,570,000",42
1998,ARIZONA,4,WHEAT,"152,000","153,000","70,380,000","15,840,000",104.2
1998,ARKANSAS,5,WHEAT,"900,000","980,000","125,307,000","45,900,000",51
1998,CALIFORNIA,6,WHEAT,"555,000","680,000","127,811,000","38,550,000",69.5
1998,COLORADO,8,WHEAT,"2,610,000","2,812,000","257,118,000","103,470,000",39.6
1998,DELAWARE,10,WHEAT,"73,000","75,000","8,749,000","3,723,000",51
1998,FLORIDA,12,WHEAT,"13,000","15,000","1,398,000","559,000",43
1998,GEORGIA,13,WHEAT,"240,000","290,000","26,832,000","10,320,000",43
1998,IDAHO,16,WHEAT,"1,280,000","1,350,000","241,741,000","102,410,000",80
1998,ILLINOIS,17,WHEAT,"1,200,000","1,250,000","135,360,000","57,600,000",48
1998,INDIANA,18,WHEAT,"650,000","700,000","84,370,000","35,750,000",55
1998,IOWA,19,WHEAT,"32,000","40,000","3,872,000","1,408,000",44
1998,KANSAS,20,WHEAT,"10,100,000","10,700,000","1,252,097,000","494,900,000",49
1998,KENTUCKY,21,WHEAT,"550,000","750,000","55,935,000","24,750,000",45
1998,LOUISIANA,22,WHEAT,"90,000","100,000","10,890,000","3,960,000",44
1998,MARYLAND,24,WHEAT,"215,000","225,000","25,478,000","10,750,000",50
1998,MICHIGAN,26,WHEAT,"570,000","600,000","71,717,000","30,780,000",54
1998,MINNESOTA,27,WHEAT,"1,982,000","2,015,000","247,509,000","80,444,000",40.6
1998,MISSISSIPPI,28,WHEAT,"150,000","160,000","16,133,000","6,750,000",45
1998,MISSOURI,29,WHEAT,"1,250,000","1,350,000","132,825,000","57,500,000",46
1998,MONTANA,30,WHEAT,"5,280,000","5,650,000","513,429,000","168,790,000",32
1998,NEBRASKA,31,WHEAT,"1,800,000","1,900,000","210,312,000","82,800,000",46
1998,NEVADA,32,WHEAT,"14,000","16,000","2,854,000","1,240,000",88.6
1998,NEW JERSEY,34,WHEAT,"44,000","48,000","5,628,000","2,288,000",52
1998,NEW MEXICO,35,WHEAT,"265,000","415,000","21,068,000","7,950,000",30
1998,NEW YORK,36,WHEAT,"130,000","140,000","14,953,000","7,020,000",54
1998,NORTH CAROLINA,37,WHEAT,"680,000","730,000","71,094,000","27,880,000",41
1998,NORTH DAKOTA,38,WHEAT,"9,610,000","9,770,000","930,897,000","307,700,000",32
1998,OHIO,39,WHEAT,"1,160,000","1,200,000","167,782,000","74,240,000",64
1998,OKLAHOMA,40,WHEAT,"5,100,000","6,600,000","511,173,000","198,900,000",39
1998,OREGON,41,WHEAT,"885,000","910,000","151,171,000","57,490,000",65
1998,PENNSYLVANIA,42,WHEAT,"190,000","195,000","25,097,000","9,690,000",51
1998,SOUTH CAROLINA,45,WHEAT,"240,000","265,000","19,968,000","7,680,000",32
1998,SOUTH DAKOTA,46,WHEAT,"3,294,000","3,425,000","326,626,000","120,884,000",36.7
1998,TENNESSEE,47,WHEAT,"370,000","570,000","39,594,000","15,170,000",41
1998,TEXAS,48,WHEAT,"3,900,000","6,100,000","363,090,000","136,500,000",35
1998,UTAH,49,WHEAT,"173,000","179,000","25,727,000","8,834,000",51.1
1998,VIRGINIA,51,WHEAT,"245,000","280,000","26,570,000","11,025,000",45
1998,WASHINGTON,53,WHEAT,"2,565,000","2,670,000","414,218,000","157,425,000",61.4
1998,WEST VIRGINIA,54,WHEAT,"8,000","11,000","1,044,000","456,000",57
1998,WISCONSIN,55,WHEAT,"142,000","148,000","16,416,000","7,635,000",53.8
1998,WYOMING,56,WHEAT,"210,000","234,000","16,929,000","6,790,000",32.3
1997,ALABAMA,1,CORN,250000,280000,61335000,21750000,87
1997,ARIZONA,4,CORN,40000,60000,21120000,6600000,165
1997,ARKANSAS,5,CORN,185000,190000,58044000,23125000,125
1997,CALIFORNIA,6,CORN,265000,585000,137403000,45050000,170
1997,COLORADO,8,CORN,980000,1090000,370577000,143080000,146
1997,CONNECTICUT,9,CORN,,38000,,,
1997,DELAWARE,10,CORN,160000,170000,49560000,16800000,105
1997,FLORIDA,12,CORN,75000,120000,17400000,6000000,80
1997,GEORGIA,13,CORN,450000,500000,137025000,47250000,105
1997,IDAHO,16,CORN,43000,125000,20195000,6665000,155
1997,ILLINOIS,17,CORN,11050000,11200000,3606389000,1425450000,129
1997,INDIANA,18,CORN,5750000,5900000,1774795000,701500000,122
1997,IOWA,19,CORN,11900000,12200000,3826326000,1642200000,138
1997,KANSAS,20,CORN,2600000,2750000,918346000,371800000,143
1997,KENTUCKY,21,CORN,1150000,1270000,310339000,118450000,103
1997,LOUISIANA,22,CORN,417000,430000,131730000,48789000,117
1997,MAINE,23,CORN,,32000,,,
1997,MARYLAND,24,CORN,410000,510000,109962000,36900000,90
1997,MASSACHUSETTS,25,CORN,,28000,,,
1997,MICHIGAN,26,CORN,2180000,2500000,612144000,255060000,117
1997,MINNESOTA,27,CORN,6450000,7000000,1830510000,851400000,132
1997,MISSISSIPPI,28,CORN,433000,460000,122777000,46331000,107
1997,MISSOURI,29,CORN,2600000,2700000,732550000,299000000,115
1997,MONTANA,30,CORN,14000,60000,4536000,1890000,135
1997,NEBRASKA,31,CORN,8600000,8900000,2633664000,1135200000,132
1997,NEW HAMPSHIRE,33,CORN,,17000,,,
1997,NEW JERSEY,34,CORN,94000,118000,28426000,10152000,108
1997,NEW MEXICO,35,CORN,85000,135000,42394000,14875000,175
1997,NEW YORK,36,CORN,600000,1170000,172920000,66000000,110
1997,NORTH CAROLINA,37,CORN,870000,960000,219127000,77430000,89
1997,NORTH DAKOTA,38,CORN,590000,780000,123829000,58410000,99
1997,OHIO,39,CORN,3550000,3800000,1179736000,475700000,134
1997,OKLAHOMA,40,CORN,170000,200000,62404000,23460000,138
1997,OREGON,41,CORN,27000,50000,15953000,5265000,195
1997,PENNSYLVANIA,42,CORN,1010000,1550000,289022000,98980000,98
1997,RHODE ISLAND,44,CORN,,3000,,,
1997,SOUTH CAROLINA,45,CORN,325000,350000,86141000,30875000,95
1997,SOUTH DAKOTA,46,CORN,3400000,3800000,701760000,326400000,96
1997,TENNESSEE,47,CORN,620000,700000,167586000,63240000,102
1997,TEXAS,48,CORN,1750000,2000000,661710000,241500000,138
1997,UTAH,49,CORN,20000,62000,8967000,2940000,147
1997,VERMONT,50,CORN,,104000,,,
1997,VIRGINIA,51,CORN,325000,490000,81305000,30225000,93
1997,WASHINGTON,53,CORN,95000,150000,54150000,18050000,190
1997,WEST VIRGINIA,54,CORN,36000,65000,9576000,3420000,95
1997,WISCONSIN,55,CORN,3050000,3850000,942084000,402600000,132
1997,WYOMING,56,CORN,52000,85000,17690000,7020000,135
1997,ALABAMA,1,SOYBEANS,340000,350000,56525000,8500000,25
1997,ARKANSAS,5,SOYBEANS,3600000,3650000,755424000,109800000,30.5
1997,DELAWARE,10,SOYBEANS,225000,230000,45675000,6525000,29
1997,FLORIDA,12,SOYBEANS,45000,47000,7875000,1125000,25
1997,GEORGIA,13,SOYBEANS,380000,400000,53306000,7980000,21
1997,ILLINOIS,17,SOYBEANS,9950000,10000000,2806696000,427850000,43
1997,INDIANA,18,SOYBEANS,5300000,5350000,1519325000,230550000,43.5
1997,IOWA,19,SOYBEANS,10400000,10500000,3028272000,478400000,46
1997,KANSAS,20,SOYBEANS,2350000,2400000,558219000,86950000,37
1997,KENTUCKY,21,SOYBEANS,1220000,1240000,284528000,42090000,34.5
1997,LOUISIANA,22,SOYBEANS,1350000,1400000,273267000,39150000,29
1997,MARYLAND,24,SOYBEANS,520000,530000,107640000,15600000,30
1997,MICHIGAN,26,SOYBEANS,1860000,1870000,463317000,71610000,38.5
1997,MINNESOTA,27,SOYBEANS,6550000,6600000,1583790000,255450000,39
1997,MISSISSIPPI,28,SOYBEANS,2070000,2100000,442773000,64170000,31
1997,MISSOURI,29,SOYBEANS,4850000,4900000,1115694000,174600000,36
1997,NEBRASKA,31,SOYBEANS,3550000,3600000,902907000,143775000,40.5
1997,NEW JERSEY,34,SOYBEANS,130000,133000,27203000,4030000,31
1997,NORTH CAROLINA,37,SOYBEANS,1330000,1400000,257648000,38570000,29
1997,NORTH DAKOTA,38,SOYBEANS,1140000,1150000,205143000,33630000,29.5
1997,OHIO,39,SOYBEANS,4340000,4350000,1239330000,190960000,44
1997,OKLAHOMA,40,SOYBEANS,330000,340000,63360000,9900000,30
1997,PENNSYLVANIA,42,SOYBEANS,370000,375000,93092000,13690000,37
1997,SOUTH CAROLINA,45,SOYBEANS,570000,580000,84004000,12825000,22.5
1997,SOUTH DAKOTA,46,SOYBEANS,3250000,3300000,695013000,113750000,35
1997,TENNESSEE,47,SOYBEANS,1200000,1240000,281112000,40800000,34
1997,TEXAS,48,SOYBEANS,400000,420000,70896000,11200000,28
1997,VIRGINIA,51,SOYBEANS,490000,510000,69874000,11270000,23
1997,WISCONSIN,55,SOYBEANS,1000000,1040000,280720000,44000000,44
1997,ALABAMA,1,WHEAT,"90,000","130,000","12,096,000","3,780,000",42
1997,ARIZONA,4,WHEAT,"98,000","100,000","40,745,000","8,775,000",89.5
1997,ARKANSAS,5,WHEAT,"820,000","880,000","137,366,000","39,360,000",48
1997,CALIFORNIA,6,WHEAT,"544,000","655,000","162,430,000","41,680,000",76.6
1997,COLORADO,8,WHEAT,"2,750,000","3,053,000","285,580,000","90,100,000",32.8
1997,DELAWARE,10,WHEAT,"73,000","75,000","16,360,000","5,329,000",73
1997,FLORIDA,12,WHEAT,"17,000","20,000","2,254,000","663,000",39
1997,GEORGIA,13,WHEAT,"350,000","400,000","49,126,000","15,400,000",44
1997,IDAHO,16,WHEAT,"1,430,000","1,500,000","355,150,000","113,830,000",79.6
1997,ILLINOIS,17,WHEAT,"1,090,000","1,150,000","208,779,000","66,490,000",61
1997,INDIANA,18,WHEAT,"630,000","700,000","116,197,000","36,540,000",58
1997,IOWA,19,WHEAT,"25,000","27,000","3,318,000","1,050,000",42
1997,KANSAS,20,WHEAT,"10,900,000","11,400,000","1,584,424,000","501,400,000",46
1997,KENTUCKY,21,WHEAT,"420,000","650,000","73,483,000","22,680,000",54
1997,LOUISIANA,22,WHEAT,"115,000","130,000","14,893,000","4,255,000",37
1997,MARYLAND,24,WHEAT,"210,000","215,000","44,982,000","14,280,000",68
1997,MICHIGAN,26,WHEAT,"520,000","530,000","105,102,000","32,240,000",62
1997,MINNESOTA,27,WHEAT,"2,415,000","2,520,000","272,592,000","77,300,000",32
1997,MISSISSIPPI,28,WHEAT,"175,000","200,000","23,854,000","7,525,000",43
1997,MISSOURI,29,WHEAT,"1,080,000","1,150,000","180,209,000","58,320,000",54
1997,MONTANA,30,WHEAT,"5,840,000","6,150,000","652,059,000","181,540,000",31.1
1997,NEBRASKA,31,WHEAT,"1,900,000","2,000,000","224,960,000","70,300,000",37
1997,NEVADA,32,WHEAT,"19,000","21,000","6,094,000","1,875,000",98.7
1997,NEW JERSEY,34,WHEAT,"38,000","40,000","7,296,000","2,280,000",60
1997,NEW MEXICO,35,WHEAT,"285,000","430,000","32,419,000","9,975,000",35
1997,NEW YORK,36,WHEAT,"130,000","135,000","24,388,000","7,280,000",56
1997,NORTH CAROLINA,37,WHEAT,"670,000","730,000","109,344,000","34,170,000",51
1997,NORTH DAKOTA,38,WHEAT,"11,095,000","11,625,000","1,019,426,000","269,290,000",24.3
1997,OHIO,39,WHEAT,"1,090,000","1,180,000","216,997,000","68,670,000",63
1997,OKLAHOMA,40,WHEAT,"5,300,000","6,700,000","544,416,000","169,600,000",32
1997,OREGON,41,WHEAT,"935,000","955,000","213,705,000","60,390,000",64.6
1997,PENNSYLVANIA,42,WHEAT,"175,000","180,000","30,667,000","9,100,000",52
1997,SOUTH CAROLINA,45,WHEAT,"300,000","310,000","48,000,000","15,000,000",50
1997,SOUTH DAKOTA,46,WHEAT,"3,419,000","4,020,000","334,686,000","98,013,000",28.7
1997,TENNESSEE,47,WHEAT,"360,000","550,000","53,460,000","16,200,000",45
1997,TEXAS,48,WHEAT,"4,100,000","6,300,000","386,425,000","118,900,000",29
1997,UTAH,49,WHEAT,"189,000","195,000","29,015,000","8,742,000",46.3
1997,VIRGINIA,51,WHEAT,"260,000","280,000","53,131,000","17,420,000",67
1997,WASHINGTON,53,WHEAT,"2,580,000","2,690,000","560,608,000","165,120,000",64
1997,WEST VIRGINIA,54,WHEAT,"9,000","13,000","1,580,000","486,000",54
1997,WISCONSIN,55,WHEAT,"152,000","163,000","25,593,000","8,531,000",56.1
1997,WYOMING,56,WHEAT,"242,000","260,000","23,532,000","7,587,000",31.4
1996,ALABAMA,1,CORN,270000,300000,76383000,22140000,82
1996,ARIZONA,4,CORN,40000,55000,25550000,7000000,175
1996,ARKANSAS,5,CORN,230000,240000,76188000,28750000,125
1996,CALIFORNIA,6,CORN,220000,500000,118624000,35200000,160
1996,COLORADO,8,CORN,890000,1000000,348809000,126380000,142
1996,CONNECTICUT,9,CORN,,37000,,,
1996,DELAWARE,10,CORN,154000,160000,68268000,22022000,143
1996,FLORIDA,12,CORN,112000,140000,37453000,9856000,88
1996,GEORGIA,13,CORN,525000,580000,178553000,49875000,95
1996,IDAHO,16,CORN,40000,110000,17550000,5400000,135
1996,ILLINOIS,17,CORN,10800000,11000000,4097952000,1468800000,136
1996,INDIANA,18,CORN,5450000,5600000,1863573000,670350000,123
1996,IOWA,19,CORN,12400000,12700000,4449120000,1711200000,138
1996,KANSAS,20,CORN,2350000,2500000,1010876000,357200000,152
1996,KENTUCKY,21,CORN,1200000,1300000,446400000,148800000,124
1996,LOUISIANA,22,CORN,523000,535000,228813000,65375000,125
1996,MAINE,23,CORN,,31000,,,
1996,MARYLAND,24,CORN,465000,530000,197137000,64635000,139
1996,MASSACHUSETTS,25,CORN,,32000,,,
1996,MICHIGAN,26,CORN,2250000,2600000,562590000,211500000,94
1996,MINNESOTA,27,CORN,6950000,7500000,2145813000,868750000,125
1996,MISSISSIPPI,28,CORN,595000,630000,200277000,60690000,102
1996,MISSOURI,29,CORN,2540000,2650000,942797000,340360000,134
1996,MONTANA,30,CORN,15000,55000,5343000,2055000,137
1996,NEBRASKA,31,CORN,8250000,8500000,3114540000,1179750000,143
1996,NEW HAMPSHIRE,33,CORN,,17000,,,
1996,NEW JERSEY,34,CORN,94000,110000,35532000,11844000,126
1996,NEW MEXICO,35,CORN,84000,130000,45570000,14700000,175
1996,NEW YORK,36,CORN,630000,1150000,193372000,64890000,103
1996,NORTH CAROLINA,37,CORN,900000,1000000,293265000,85500000,95
1996,NORTH DAKOTA,38,CORN,600000,750000,132678000,54600000,91
1996,OHIO,39,CORN,2800000,3000000,854700000,310800000,111
1996,OKLAHOMA,40,CORN,170000,200000,71485000,24650000,145
1996,OREGON,41,CORN,37000,65000,19475000,6105000,165
1996,PENNSYLVANIA,42,CORN,1070000,1450000,380717000,127330000,119
1996,RHODE ISLAND,44,CORN,,3000,,,
1996,SOUTH CAROLINA,45,CORN,380000,400000,106571000,30020000,79
1996,SOUTH DAKOTA,46,CORN,3650000,4000000,843150000,365000000,100
1996,TENNESSEE,47,CORN,650000,740000,218660000,75400000,116
1996,TEXAS,48,CORN,1770000,2100000,632386000,198240000,112
1996,UTAH,49,CORN,20000,62000,10564000,2780000,139
1996,VERMONT,50,CORN,,97000,,,
1996,VIRGINIA,51,CORN,310000,450000,124992000,39060000,126
1996,WASHINGTON,53,CORN,120000,170000,69930000,22200000,185
1996,WEST VIRGINIA,54,CORN,40000,65000,13062000,4200000,105
1996,WISCONSIN,55,CORN,3000000,3900000,872460000,333000000,111
1996,WYOMING,56,CORN,50000,85000,17835000,6150000,123
1996,ALABAMA,1,SOYBEANS,305000,320000,76738000,10370000,34
1996,ARKANSAS,5,SOYBEANS,3500000,3550000,824320000,112000000,32
1996,DELAWARE,10,SOYBEANS,217000,220000,54684000,7595000,35
1996,FLORIDA,12,SOYBEANS,33000,35000,7392000,1056000,32
1996,GEORGIA,13,SOYBEANS,390000,400000,69662000,10140000,26
1996,ILLINOIS,17,SOYBEANS,9850000,9900000,3011884000,398925000,40.5
1996,INDIANA,18,SOYBEANS,5360000,5400000,1495011000,203680000,38
1996,IOWA,19,SOYBEANS,9450000,9500000,3060288000,415800000,44
1996,KANSAS,20,SOYBEANS,2000000,2050000,530580000,74000000,37
1996,KENTUCKY,21,SOYBEANS,1180000,1200000,333161000,44840000,38
1996,LOUISIANA,22,SOYBEANS,1080000,1100000,265518000,35640000,33
1996,MARYLAND,24,SOYBEANS,480000,490000,126984000,17760000,37
1996,MICHIGAN,26,SOYBEANS,1640000,1650000,334191000,46740000,28.5
1996,MINNESOTA,27,SOYBEANS,5900000,6000000,1627692000,224200000,38
1996,MISSISSIPPI,28,SOYBEANS,1750000,1800000,398195000,54250000,31
1996,MISSOURI,29,SOYBEANS,4050000,4100000,1092407000,149850000,37
1996,NEBRASKA,31,SOYBEANS,3010000,3050000,973886000,135450000,45
1996,NEW JERSEY,34,SOYBEANS,119000,120000,31041000,4403000,37
1996,NORTH CAROLINA,37,SOYBEANS,1200000,1250000,246036000,34800000,29
1996,NORTH DAKOTA,38,SOYBEANS,845000,850000,172760000,24505000,29
1996,OHIO,39,SOYBEANS,4490000,4500000,1166053000,157150000,35
1996,OKLAHOMA,40,SOYBEANS,285000,300000,50759000,7410000,26
1996,PENNSYLVANIA,42,SOYBEANS,285000,290000,75810000,11400000,40
1996,SOUTH CAROLINA,45,SOYBEANS,540000,560000,99900000,13500000,25
1996,SOUTH DAKOTA,46,SOYBEANS,2670000,2700000,642722000,90780000,34
1996,TENNESSEE,47,SOYBEANS,1100000,1150000,279125000,38500000,35
1996,TEXAS,48,SOYBEANS,270000,290000,49140000,7020000,26
1996,VIRGINIA,51,SOYBEANS,480000,500000,110976000,16320000,34
1996,WISCONSIN,55,SOYBEANS,870000,920000,233056000,32190000,37
1996,ALABAMA,1,WHEAT,"80,000","110,000","15,840,000","3,520,000",44
1996,ARIZONA,4,WHEAT,"178,000","180,000","79,320,000","16,090,000",90.4
1996,ARKANSAS,5,WHEAT,"1,240,000","1,300,000","293,285,000","66,960,000",54
1996,CALIFORNIA,6,WHEAT,"688,000","780,000","256,887,000","51,750,000",75.2
1996,COLORADO,8,WHEAT,"2,268,000","2,870,000","320,855,000","75,500,000",33.3
1996,DELAWARE,10,WHEAT,"78,000","80,000","17,900,000","4,134,000",53
1996,FLORIDA,12,WHEAT,"10,000","13,000","1,672,000","380,000",38
1996,GEORGIA,13,WHEAT,"330,000","380,000","69,379,000","15,840,000",48
1996,IDAHO,16,WHEAT,"1,560,000","1,620,000","473,088,000","119,200,000",76.4
1996,ILLINOIS,17,WHEAT,"1,100,000","1,650,000","172,216,000","41,800,000",38
1996,INDIANA,18,WHEAT,"720,000","850,000","111,082,000","27,360,000",38
1996,IOWA,19,WHEAT,"40,000","52,000","5,740,000","1,400,000",35
1996,KANSAS,20,WHEAT,"8,800,000","11,800,000","1,181,576,000","255,200,000",29
1996,KENTUCKY,21,WHEAT,"530,000","700,000","121,630,000","28,090,000",53
1996,LOUISIANA,22,WHEAT,"130,000","140,000","23,478,000","5,590,000",43
1996,MARYLAND,24,WHEAT,"227,000","235,000","50,875,000","11,804,000",52
1996,MICHIGAN,26,WHEAT,"600,000","680,000","89,148,000","22,800,000",38
1996,MINNESOTA,27,WHEAT,"2,542,000","2,595,000","453,024,000","106,582,000",41.9
1996,MISSISSIPPI,28,WHEAT,"230,000","245,000","49,137,000","11,270,000",49
1996,MISSOURI,29,WHEAT,"1,250,000","1,600,000","200,850,000","48,750,000",39
1996,MONTANA,30,WHEAT,"6,360,000","6,640,000","742,653,000","174,980,000",27.5
1996,NEBRASKA,31,WHEAT,"2,100,000","2,300,000","315,315,000","73,500,000",35
1996,NEVADA,32,WHEAT,"19,000","21,000","6,773,000","1,650,000",86.8
1996,NEW JERSEY,34,WHEAT,"38,000","46,000","8,390,000","1,748,000",46
1996,NEW MEXICO,35,WHEAT,"110,000","470,000","20,757,000","4,070,000",37
1996,NEW YORK,36,WHEAT,"150,000","160,000","26,768,000","6,450,000",43
1996,NORTH CAROLINA,37,WHEAT,"590,000","630,000","109,032,000","25,960,000",44
1996,NORTH DAKOTA,38,WHEAT,"12,515,000","12,680,000","1,638,379,000","395,130,000",31.6
1996,OHIO,39,WHEAT,"1,330,000","1,400,000","204,368,000","51,870,000",39
1996,OKLAHOMA,40,WHEAT,"4,900,000","6,800,000","440,363,000","93,100,000",19
1996,OREGON,41,WHEAT,"920,000","940,000","273,165,000","65,085,000",70.7
1996,PENNSYLVANIA,42,WHEAT,"190,000","195,000","41,678,000","9,120,000",48
1996,SOUTH CAROLINA,45,WHEAT,"270,000","280,000","52,853,000","12,150,000",45
1996,SOUTH DAKOTA,46,WHEAT,"3,854,000","4,325,000","566,879,000","139,270,000",36.1
1996,TENNESSEE,47,WHEAT,"380,000","600,000","73,568,000","16,720,000",44
1996,TEXAS,48,WHEAT,"2,900,000","6,000,000","375,492,000","75,400,000",26
1996,UTAH,49,WHEAT,"185,000","202,000","33,106,000","7,455,000",40.3
1996,VIRGINIA,51,WHEAT,"275,000","300,000","60,486,000","14,575,000",53
1996,WASHINGTON,53,WHEAT,"2,745,000","2,800,000","755,680,000","182,670,000",66.5
1996,WEST VIRGINIA,54,WHEAT,"11,000","14,000","2,084,000","495,000",45
1996,WISCONSIN,55,WHEAT,"140,000","162,000","23,464,000","5,940,000",42.4
1996,WYOMING,56,WHEAT,"236,000","260,000","24,003,000","6,030,000",25.6
1995,ALABAMA,1,CORN,220000,250000,57750000,16500000,75
1995,ARIZONA,4,CORN,22000,30000,13838000,3740000,170
1995,ARKANSAS,5,CORN,85000,95000,30303000,9775000,115
1995,CALIFORNIA,6,CORN,150000,435000,94800000,24000000,160
1995,COLORADO,8,CORN,830000,950000,306793000,92130000,111
1995,CONNECTICUT,9,CORN,,36000,,,
1995,DELAWARE,10,CORN,144000,150000,56700000,15120000,105
1995,FLORIDA,12,CORN,60000,100000,17280000,5400000,90
1995,GEORGIA,13,CORN,350000,400000,111825000,31500000,90
1995,IDAHO,16,CORN,35000,95000,22050000,4900000,140
1995,ILLINOIS,17,CORN,10000000,10200000,3729000000,1130000000,113
1995,INDIANA,18,CORN,5300000,5400000,2024282000,598900000,113
1995,IOWA,19,CORN,11600000,11900000,4565760000,1426800000,123
1995,KANSAS,20,CORN,1970000,2150000,791467000,244280000,124
1995,KENTUCKY,21,CORN,1140000,1280000,402602000,123120000,108
1995,LOUISIANA,22,CORN,221000,230000,68455000,23205000,105
1995,MAINE,23,CORN,,28000,,,
1995,MARYLAND,24,CORN,400000,450000,153300000,42000000,105
1995,MASSACHUSETTS,25,CORN,,30000,,,
1995,MICHIGAN,26,CORN,2170000,2450000,798560000,249550000,115
1995,MINNESOTA,27,CORN,6150000,6700000,2298009000,731850000,119
1995,MISSISSIPPI,28,CORN,275000,300000,78375000,26125000,95
1995,MISSOURI,29,CORN,1470000,1650000,521791000,149940000,102
1995,MONTANA,30,CORN,16000,55000,5760000,1920000,120
1995,NEBRASKA,31,CORN,7700000,8000000,2752134000,854700000,111
1995,NEW HAMPSHIRE,33,CORN,,17000,,,
1995,NEW JERSEY,34,CORN,78000,98000,27203000,7254000,93
1995,NEW MEXICO,35,CORN,73000,123000,34456000,11680000,160
1995,NEW YORK,36,CORN,620000,1130000,250635000,65100000,105
1995,NORTH CAROLINA,37,CORN,700000,800000,265146000,74900000,107
1995,NORTH DAKOTA,38,CORN,510000,700000,127316000,40290000,79
1995,OHIO,39,CORN,3100000,3300000,1245332000,375100000,121
1995,OKLAHOMA,40,CORN,130000,160000,60125000,16250000,125
1995,OREGON,41,CORN,21000,46000,13810000,3360000,160
1995,PENNSYLVANIA,42,CORN,980000,1380000,363149000,94080000,96
1995,RHODE ISLAND,44,CORN,,3000,,,
1995,SOUTH CAROLINA,45,CORN,265000,290000,81991000,24115000,91
1995,SOUTH DAKOTA,46,CORN,2450000,2800000,625167000,193550000,79
1995,TENNESSEE,47,CORN,540000,640000,223020000,63720000,118
1995,TEXAS,48,CORN,1900000,2100000,690954000,216600000,114
1995,UTAH,49,CORN,20000,66000,7760000,2000000,100
1995,VERMONT,50,CORN,,87000,,,
1995,VIRGINIA,51,CORN,275000,430000,102259000,30525000,111
1995,WASHINGTON,53,CORN,102000,150000,66861000,19380000,190
1995,WEST VIRGINIA,54,CORN,40000,65000,15400000,4000000,100
1995,WISCONSIN,55,CORN,3050000,3650000,1081347000,347700000,114
1995,WYOMING,56,CORN,48000,80000,19469000,4992000,104
1995,ALABAMA,1,SOYBEANS,225000,240000,38340000,5400000,24
1995,ARKANSAS,5,SOYBEANS,3400000,3450000,605540000,88400000,26
1995,DELAWARE,10,SOYBEANS,233000,235000,32387000,4660000,20
1995,FLORIDA,12,SOYBEANS,28000,30000,4732000,728000,26
1995,GEORGIA,13,SOYBEANS,310000,320000,56163000,8370000,27
1995,ILLINOIS,17,SOYBEANS,9700000,9750000,2602704000,378300000,39
1995,INDIANA,18,SOYBEANS,4980000,5000000,1323858000,196710000,39.5
1995,IOWA,19,SOYBEANS,9260000,9300000,2709476000,407440000,44
1995,KANSAS,20,SOYBEANS,2050000,2100000,342863000,51250000,25
1995,KENTUCKY,21,SOYBEANS,1150000,1170000,290214000,41400000,36
1995,LOUISIANA,22,SOYBEANS,1040000,1070000,172380000,26000000,25
1995,MARYLAND,24,SOYBEANS,510000,550000,81524000,11730000,23
1995,MICHIGAN,26,SOYBEANS,1490000,1500000,388592000,59600000,40
1995,MINNESOTA,27,SOYBEANS,5800000,5900000,1547991000,234900000,40.5
1995,MISSISSIPPI,28,SOYBEANS,1800000,1850000,255528000,37800000,21
1995,MISSOURI,29,SOYBEANS,4500000,4600000,908010000,132750000,29.5
1995,NEBRASKA,31,SOYBEANS,3060000,3100000,662429000,100980000,33
1995,NEW JERSEY,34,SOYBEANS,138000,140000,20341000,3036000,22
1995,NORTH CAROLINA,37,SOYBEANS,1070000,1150000,185913000,26750000,25
1995,NORTH DAKOTA,38,SOYBEANS,640000,660000,120454000,18560000,29
1995,OHIO,39,SOYBEANS,4030000,4050000,1026038000,153140000,38
1995,OKLAHOMA,40,SOYBEANS,275000,290000,36575000,5500000,20
1995,PENNSYLVANIA,42,SOYBEANS,315000,320000,64355000,9450000,30
1995,SOUTH CAROLINA,45,SOYBEANS,530000,550000,88150000,12720000,24
1995,SOUTH DAKOTA,46,SOYBEANS,2500000,2550000,471000000,75000000,30
1995,TENNESSEE,47,SOYBEANS,1000000,1050000,220160000,32000000,32
1995,TEXAS,48,SOYBEANS,240000,250000,39120000,6000000,25
1995,VIRGINIA,51,SOYBEANS,470000,490000,77268000,11280000,24
1995,WISCONSIN,55,SOYBEANS,800000,830000,227040000,34400000,43
1995,ALABAMA,1,WHEAT,"80,000","120,000","11,232,000","2,880,000",36
1995,ARIZONA,4,WHEAT,"122,000","125,000","47,038,000","10,354,000",84.9
1995,ARKANSAS,5,WHEAT,"1,000,000","1,100,000","169,670,000","47,000,000",47
1995,CALIFORNIA,6,WHEAT,"493,000","650,000","141,249,000","32,725,000",66.4
1995,COLORADO,8,WHEAT,"2,738,000","2,940,000","488,528,000","105,260,000",38.4
1995,DELAWARE,10,WHEAT,"68,000","70,000","17,843,000","4,352,000",64
1995,FLORIDA,12,WHEAT,"12,000","20,000","1,210,000","384,000",32
1995,GEORGIA,13,WHEAT,"300,000","350,000","38,646,000","11,400,000",38
1995,IDAHO,16,WHEAT,"1,330,000","1,410,000","460,048,000","103,320,000",77.7
1995,ILLINOIS,17,WHEAT,"1,390,000","1,480,000","264,948,000","68,110,000",49
1995,INDIANA,18,WHEAT,"660,000","700,000","156,816,000","39,600,000",60
1995,IOWA,19,WHEAT,"35,000","50,000","4,961,000","1,225,000",35
1995,KANSAS,20,WHEAT,"11,000,000","11,700,000","1,312,740,000","286,000,000",26
1995,KENTUCKY,21,WHEAT,"460,000","650,000","93,619,000","24,380,000",53
1995,LOUISIANA,22,WHEAT,"80,000","100,000","10,656,000","2,880,000",36
1995,MARYLAND,24,WHEAT,"225,000","230,000","59,760,000","14,400,000",64
1995,MICHIGAN,26,WHEAT,"620,000","630,000","152,520,000","37,200,000",60
1995,MINNESOTA,27,WHEAT,"2,245,000","2,298,000","338,652,000","71,849,000",32
1995,MISSISSIPPI,28,WHEAT,"165,000","180,000","27,588,000","6,270,000",38
1995,MISSOURI,29,WHEAT,"1,230,000","1,350,000","184,205,000","47,970,000",39
1995,MONTANA,30,WHEAT,"5,435,000","5,720,000","904,112,000","195,750,000",36
1995,NEBRASKA,31,WHEAT,"2,100,000","2,150,000","392,616,000","86,100,000",41
1995,NEVADA,32,WHEAT,"10,000","12,000","3,760,000","850,000",85
1995,NEW JERSEY,34,WHEAT,"32,000","36,000","6,931,000","1,824,000",57
1995,NEW MEXICO,35,WHEAT,"150,000","460,000","14,850,000","3,300,000",22
1995,NEW YORK,36,WHEAT,"125,000","130,000","28,875,000","6,875,000",55
1995,NORTH CAROLINA,37,WHEAT,"640,000","720,000","102,784,000","28,160,000",44
1995,NORTH DAKOTA,38,WHEAT,"11,118,000","11,290,000","1,495,226,000","300,300,000",27
1995,OHIO,39,WHEAT,"1,210,000","1,230,000","292,288,000","73,810,000",61
1995,OKLAHOMA,40,WHEAT,"5,200,000","6,800,000","481,572,000","109,200,000",21
1995,OREGON,41,WHEAT,"910,000","975,000","291,389,000","60,920,000",66.9
1995,PENNSYLVANIA,42,WHEAT,"185,000","190,000","43,244,000","10,175,000",55
1995,SOUTH CAROLINA,45,WHEAT,"280,000","300,000","32,256,000","8,960,000",32
1995,SOUTH DAKOTA,46,WHEAT,"2,752,000","2,883,000","420,038,000","90,736,000",33
1995,TENNESSEE,47,WHEAT,"340,000","600,000","62,322,000","15,980,000",47
1995,TEXAS,48,WHEAT,"2,800,000","5,800,000","316,764,000","75,600,000",27
1995,UTAH,49,WHEAT,"170,000","177,000","40,698,000","8,585,000",50.5
1995,VIRGINIA,51,WHEAT,"275,000","300,000","65,120,000","17,600,000",64
1995,WASHINGTON,53,WHEAT,"2,595,000","2,700,000","742,500,000","153,770,000",59.3
1995,WEST VIRGINIA,54,WHEAT,"12,000","15,000","2,496,000","624,000",52
1995,WISCONSIN,55,WHEAT,"143,000","155,000","29,456,000","8,070,000",56.4
1995,WYOMING,56,WHEAT,"220,000","235,000","36,540,000","7,960,000",36.2
1994,ALABAMA,1,CORN,260000,290000,62400000,24960000,96
1994,ARIZONA,4,CORN,15000,28000,8288000,2550000,170
1994,ARKANSAS,5,CORN,90000,100000,24948000,10800000,120
1994,CALIFORNIA,6,CORN,180000,420000,91188000,30600000,170
1994,COLORADO,8,CORN,840000,950000,299880000,126000000,150
1994,CONNECTICUT,9,CORN,,45000,,,
1994,DELAWARE,10,CORN,150000,155000,45000000,18750000,125
1994,FLORIDA,12,CORN,80000,120000,16320000,6800000,85
1994,GEORGIA,13,CORN,540000,600000,141383000,57240000,106
1994,IDAHO,16,CORN,35000,100000,13524000,4900000,140
1994,ILLINOIS,17,CORN,11450000,11600000,4054674000,1786200000,156
1994,INDIANA,18,CORN,5960000,6100000,1931040000,858240000,144
1994,IOWA,19,CORN,12600000,12900000,4251744000,1915200000,152
1994,KANSAS,20,CORN,2100000,2300000,696696000,300300000,143
1994,KENTUCKY,21,CORN,1220000,1350000,371661000,156160000,128
1994,LOUISIANA,22,CORN,306000,320000,84456000,35190000,115
1994,MAINE,23,CORN,,30000,,,
1994,MARYLAND,24,CORN,390000,460000,112749000,46020000,118
1994,MASSACHUSETTS,25,CORN,,29000,,,
1994,MICHIGAN,26,CORN,2180000,2500000,568784000,255060000,117
1994,MINNESOTA,27,CORN,6450000,7000000,2042457000,915900000,142
1994,MISSISSIPPI,28,CORN,265000,290000,62275000,26500000,100
1994,MISSOURI,29,CORN,2300000,2400000,610650000,271400000,118
1994,MONTANA,30,CORN,17000,60000,6082000,2295000,135
1994,NEBRASKA,31,CORN,8250000,8600000,2671928000,1146750000,139
1994,NEW HAMPSHIRE,33,CORN,,19000,,,
1994,NEW JERSEY,34,CORN,81000,100000,22170000,9639000,119
1994,NEW MEXICO,35,CORN,85000,133000,31875000,12750000,150
1994,NEW YORK,36,CORN,570000,1110000,175218000,66120000,116
1994,NORTH CAROLINA,37,CORN,900000,1000000,203112000,81900000,91
1994,NORTH DAKOTA,38,CORN,520000,770000,107120000,52000000,100
1994,OHIO,39,CORN,3500000,3700000,1084895000,486500000,139
1994,OKLAHOMA,40,CORN,165000,190000,45020000,17655000,107
1994,OREGON,41,CORN,20000,48000,9418000,3400000,170
1994,PENNSYLVANIA,42,CORN,1030000,1400000,331248000,123600000,120
1994,RHODE ISLAND,44,CORN,,3000,,,
1994,SOUTH CAROLINA,45,CORN,345000,370000,70380000,29325000,85
1994,SOUTH DAKOTA,46,CORN,3350000,3800000,727218000,361800000,108
1994,TENNESSEE,47,CORN,570000,670000,148770000,66120000,116
1994,TEXAS,48,CORN,2040000,2150000,599087000,238680000,117
1994,UTAH,49,CORN,22000,67000,8351000,2860000,130
1994,VERMONT,50,CORN,,94000,,,
1994,VIRGINIA,51,CORN,350000,500000,82320000,34300000,98
1994,WASHINGTON,53,CORN,105000,150000,52448000,19425000,185
1994,WEST VIRGINIA,54,CORN,35000,70000,9555000,3675000,105
1994,WISCONSIN,55,CORN,3100000,3750000,983475000,437100000,141
1994,WYOMING,56,CORN,48000,80000,14347000,5856000,122
1994,ALABAMA,1,SOYBEANS,295000,310000,51669000,9145000,31
1994,ARKANSAS,5,SOYBEANS,3400000,3450000,657764000,115600000,34
1994,DELAWARE,10,SOYBEANS,220000,225000,43362000,8030000,36.5
1994,FLORIDA,12,SOYBEANS,42000,45000,7031000,1302000,31
1994,GEORGIA,13,SOYBEANS,500000,520000,83235000,15500000,31
1994,ILLINOIS,17,SOYBEANS,9430000,9500000,2407055000,429065000,45.5
1994,INDIANA,18,SOYBEANS,4580000,4600000,1190388000,215260000,47
1994,IOWA,19,SOYBEANS,8770000,8800000,2404866000,442885000,50.5
1994,KANSAS,20,SOYBEANS,2100000,2150000,391020000,73500000,35
1994,KENTUCKY,21,SOYBEANS,1130000,1150000,239419000,42375000,37.5
1994,LOUISIANA,22,SOYBEANS,1120000,1150000,176837000,31920000,28.5
1994,MARYLAND,24,SOYBEANS,550000,560000,105435000,19525000,35.5
1994,MICHIGAN,26,SOYBEANS,1540000,1550000,309401000,56980000,37
1994,MINNESOTA,27,SOYBEANS,5600000,5700000,1202880000,224000000,40
1994,MISSISSIPPI,28,SOYBEANS,1870000,1900000,318826000,57035000,30.5
1994,MISSOURI,29,SOYBEANS,4560000,4600000,940910000,173280000,38
1994,NEBRASKA,31,SOYBEANS,2860000,2900000,711082000,134420000,47
1994,NEW JERSEY,34,SOYBEANS,147000,150000,26628000,5072000,34.5
1994,NORTH CAROLINA,37,SOYBEANS,1350000,1400000,224316000,41850000,31
1994,NORTH DAKOTA,38,SOYBEANS,610000,640000,98143000,18910000,31
1994,OHIO,39,SOYBEANS,3990000,4000000,956343000,173565000,43.5
1994,OKLAHOMA,40,SOYBEANS,290000,300000,47792000,9280000,32
1994,PENNSYLVANIA,42,SOYBEANS,315000,320000,71177000,13230000,42
1994,SOUTH CAROLINA,45,SOYBEANS,580000,600000,85660000,15660000,27
1994,SOUTH DAKOTA,46,SOYBEANS,2400000,2430000,465120000,91200000,38
1994,TENNESSEE,47,SOYBEANS,1000000,1050000,205130000,36500000,36.5
1994,TEXAS,48,SOYBEANS,210000,220000,35175000,7035000,33.5
1994,VIRGINIA,51,SOYBEANS,520000,540000,89024000,16640000,32
1994,WISCONSIN,55,SOYBEANS,830000,860000,200383000,36105000,43.5
1994,ALABAMA,1,WHEAT,"95,000","140,000","14,820,000","4,560,000",48
1994,ARIZONA,4,WHEAT,"122,000","125,000","46,178,000","11,186,000",91.7
1994,ARKANSAS,5,WHEAT,"880,000","980,000","129,536,000","40,480,000",46
1994,CALIFORNIA,6,WHEAT,"569,000","650,000","162,274,000","44,365,000",78
1994,COLORADO,8,WHEAT,"2,592,000","2,945,000","276,828,000","79,734,000",30.8
1994,DELAWARE,10,WHEAT,"70,000","75,000","11,529,000","3,780,000",54
1994,FLORIDA,12,WHEAT,"15,000","25,000","1,764,000","630,000",42
1994,GEORGIA,13,WHEAT,"400,000","440,000","61,812,000","20,400,000",51
1994,IDAHO,16,WHEAT,"1,410,000","1,490,000","356,234,000","100,280,000",71.1
1994,ILLINOIS,17,WHEAT,"900,000","1,150,000","153,216,000","50,400,000",56
1994,INDIANA,18,WHEAT,"630,000","680,000","116,827,000","38,430,000",61
1994,IOWA,19,WHEAT,"45,000","55,000","6,662,000","2,115,000",47
1994,KANSAS,20,WHEAT,"11,400,000","11,900,000","1,438,224,000","433,200,000",38
1994,KENTUCKY,21,WHEAT,"420,000","590,000","78,372,000","25,200,000",60
1994,LOUISIANA,22,WHEAT,"70,000","100,000","8,288,000","2,590,000",37
1994,MARYLAND,24,WHEAT,"220,000","230,000","37,510,000","12,100,000",55
1994,MICHIGAN,26,WHEAT,"580,000","600,000","99,905,000","30,740,000",53
1994,MINNESOTA,27,WHEAT,"2,548,000","2,653,000","237,594,000","71,348,000",28
1994,MISSISSIPPI,28,WHEAT,"160,000","180,000","21,120,000","6,400,000",40
1994,MISSOURI,29,WHEAT,"1,120,000","1,250,000","157,248,000","50,400,000",45
1994,MONTANA,30,WHEAT,"5,378,000","5,580,000","601,935,000","170,590,000",31.7
1994,NEBRASKA,31,WHEAT,"2,100,000","2,200,000","242,046,000","71,400,000",34
1994,NEVADA,32,WHEAT,"9,000","12,000","2,368,000","670,000",74.4
1994,NEW JERSEY,34,WHEAT,"32,000","45,000","4,099,000","1,344,000",42
1994,NEW MEXICO,35,WHEAT,"230,000","470,000","18,216,000","5,520,000",24
1994,NEW YORK,36,WHEAT,"115,000","120,000","19,504,000","6,095,000",53
1994,NORTH CAROLINA,37,WHEAT,"620,000","670,000","91,140,000","30,380,000",49
1994,NORTH DAKOTA,38,WHEAT,"11,238,000","11,590,000","1,308,356,000","356,404,000",31.7
1994,OHIO,39,WHEAT,"1,180,000","1,200,000","210,111,000","68,440,000",58
1994,OKLAHOMA,40,WHEAT,"5,300,000","7,000,000","487,971,000","143,100,000",27
1994,OREGON,41,WHEAT,"928,000","965,000","226,119,000","58,580,000",63.1
1994,PENNSYLVANIA,42,WHEAT,"165,000","170,000","26,374,000","7,920,000",48
1994,SOUTH CAROLINA,45,WHEAT,"360,000","370,000","54,000,000","18,000,000",50
1994,SOUTH DAKOTA,46,WHEAT,"3,353,000","3,675,000","334,993,000","95,278,000",28.4
1994,TENNESSEE,47,WHEAT,"300,000","500,000","47,250,000","15,000,000",50
1994,TEXAS,48,WHEAT,"2,900,000","6,000,000","242,788,000","75,400,000",26
1994,UTAH,49,WHEAT,"172,000","194,000","25,603,000","7,012,000",40.8
1994,VIRGINIA,51,WHEAT,"250,000","280,000","39,900,000","14,000,000",56
1994,WASHINGTON,53,WHEAT,"2,545,000","2,650,000","525,508,000","134,000,000",52.7
1994,WEST VIRGINIA,54,WHEAT,"10,000","15,000","1,650,000","550,000",55
1994,WISCONSIN,55,WHEAT,"139,000","155,000","24,614,000","7,940,000",57.1
1994,WYOMING,56,WHEAT,"200,000","230,000","17,751,000","5,020,000",25.1
1993,ALABAMA,1,CORN,250000,300000,36300000,13750000,55
1993,ARIZONA,4,CORN,10000,19000,4976000,1600000,160
1993,ARKANSAS,5,CORN,90000,100000,20721000,8190000,91
1993,CALIFORNIA,6,CORN,170000,400000,89480000,28050000,165
1993,COLORADO,8,CORN,890000,1005000,283020000,106800000,120
1993,CONNECTICUT,9,CORN,,45000,,,
1993,DELAWARE,10,CORN,160000,165000,40120000,13600000,85
1993,FLORIDA,12,CORN,100000,140000,16575000,6500000,65
1993,GEORGIA,13,CORN,560000,650000,106624000,39200000,70
1993,IDAHO,16,CORN,45000,125000,17719000,5625000,125
1993,ILLINOIS,17,CORN,10000000,10500000,3341000000,1300000000,130
1993,INDIANA,18,CORN,5400000,5550000,1789128000,712800000,132
1993,IOWA,19,CORN,11000000,12000000,2147200000,880000000,80
1993,KANSAS,20,CORN,1800000,2000000,563760000,216000000,120
1993,KENTUCKY,21,CORN,1220000,1370000,327350000,126880000,104
1993,LOUISIANA,22,CORN,210000,230000,50873000,19950000,95
1993,MAINE,23,CORN,,37000,,,
1993,MARYLAND,24,CORN,420000,500000,95004000,32760000,78
1993,MASSACHUSETTS,25,CORN,,32000,,,
1993,MICHIGAN,26,CORN,2050000,2400000,554730000,225500000,110
1993,MINNESOTA,27,CORN,4600000,6300000,727720000,322000000,70
1993,MISSISSIPPI,28,CORN,190000,220000,36309000,14820000,78
1993,MISSOURI,29,CORN,1850000,2200000,429570000,166500000,90
1993,MONTANA,30,CORN,20000,65000,6090000,2100000,105
1993,NEBRASKA,31,CORN,7550000,8000000,1978704000,785200000,104
1993,NEW HAMPSHIRE,33,CORN,,18000,,,
1993,NEW JERSEY,34,CORN,80000,100000,21504000,7680000,96
1993,NEW MEXICO,35,CORN,85000,118000,37166000,14025000,165
1993,NEW YORK,36,CORN,540000,1100000,161595000,56700000,105
1993,NORTH CAROLINA,37,CORN,850000,1000000,146413000,55250000,65
1993,NORTH DAKOTA,38,CORN,365000,780000,37285000,16425000,45
1993,OHIO,39,CORN,3280000,3500000,927256000,360800000,110
1993,OKLAHOMA,40,CORN,145000,170000,44153000,15225000,105
1993,OREGON,41,CORN,19000,42000,9365000,2945000,155
1993,PENNSYLVANIA,42,CORN,970000,1370000,270979000,93120000,96
1993,RHODE ISLAND,44,CORN,,3000,,,
1993,SOUTH CAROLINA,45,CORN,240000,330000,26400000,9600000,40
1993,SOUTH DAKOTA,46,CORN,2550000,3350000,364676000,160650000,63
1993,TENNESSEE,47,CORN,550000,660000,117810000,46200000,84
1993,TEXAS,48,CORN,1850000,2000000,555278000,212750000,115
1993,UTAH,49,CORN,22000,68000,8923000,2860000,130
1993,VERMONT,50,CORN,,97000,,,
1993,VIRGINIA,51,CORN,285000,490000,45315000,17100000,60
1993,WASHINGTON,53,CORN,80000,120000,47120000,15200000,190
1993,WEST VIRGINIA,54,CORN,43000,75000,10124000,3655000,85
1993,WISCONSIN,55,CORN,2350000,3400000,531852000,216200000,92
1993,WYOMING,56,CORN,44000,95000,9328000,3520000,80
1993,ALABAMA,1,SOYBEANS,295000,310000,45312000,7080000,24
1993,ARKANSAS,5,SOYBEANS,3550000,3600000,613795000,92300000,26
1993,DELAWARE,10,SOYBEANS,215000,220000,32143000,4945000,23
1993,FLORIDA,12,SOYBEANS,50000,55000,7938000,1250000,25
1993,GEORGIA,13,SOYBEANS,480000,600000,53203000,8160000,17
1993,ILLINOIS,17,SOYBEANS,9000000,9300000,2511630000,387000000,43
1993,INDIANA,18,SOYBEANS,4850000,4900000,1407761000,223100000,46
1993,IOWA,19,SOYBEANS,8300000,8600000,1631282000,257300000,31
1993,KANSAS,20,SOYBEANS,1900000,2000000,341012000,53200000,28
1993,KENTUCKY,21,SOYBEANS,1150000,1180000,248573000,37950000,33
1993,LOUISIANA,22,SOYBEANS,1300000,1350000,201240000,31200000,24
1993,MARYLAND,24,SOYBEANS,570000,580000,96330000,14820000,26
1993,MICHIGAN,26,SOYBEANS,1440000,1450000,345830000,54720000,38
1993,MINNESOTA,27,SOYBEANS,5000000,5400000,710700000,115000000,23
1993,MISSISSIPPI,28,SOYBEANS,1950000,2000000,280137000,42900000,22
1993,MISSOURI,29,SOYBEANS,3600000,4250000,755568000,118800000,33
1993,NEBRASKA,31,SOYBEANS,2500000,2600000,558000000,90000000,36
1993,NEW JERSEY,34,SOYBEANS,147000,150000,26857000,4263000,29
1993,NORTH CAROLINA,37,SOYBEANS,1250000,1350000,192300000,30000000,24
1993,NORTH DAKOTA,38,SOYBEANS,540000,600000,56182000,9180000,17
1993,OHIO,39,SOYBEANS,4110000,4150000,1002676000,156180000,38
1993,OKLAHOMA,40,SOYBEANS,260000,280000,39000000,6240000,24
1993,PENNSYLVANIA,42,SOYBEANS,295000,300000,72827000,11505000,39
1993,SOUTH CAROLINA,45,SOYBEANS,520000,600000,50856000,7800000,15
1993,SOUTH DAKOTA,46,SOYBEANS,1750000,1850000,232155000,38500000,22
1993,TENNESSEE,47,SOYBEANS,1000000,1050000,204600000,31000000,31
1993,TEXAS,48,SOYBEANS,205000,230000,21851000,3895000,19
1993,VIRGINIA,51,SOYBEANS,490000,520000,69531000,10780000,22
1993,WISCONSIN,55,SOYBEANS,590000,610000,132160000,20650000,35
1993,ALABAMA,1,WHEAT,"95,000","145,000","9,206,000","3,230,000",34
1993,ARIZONA,4,WHEAT,"85,000","95,000","27,952,000","7,790,000",91.6
1993,ARKANSAS,5,WHEAT,"1,040,000","1,150,000","118,976,000","41,600,000",40
1993,CALIFORNIA,6,WHEAT,"540,000","591,000","136,779,000","42,300,000",78.3
1993,COLORADO,8,WHEAT,"2,583,000","2,835,000","310,335,000","96,990,000",37.5
1993,DELAWARE,10,WHEAT,"63,000","65,000","10,055,000","3,591,000",57
1993,FLORIDA,12,WHEAT,"25,000","40,000","2,228,000","825,000",33
1993,GEORGIA,13,WHEAT,"360,000","400,000","35,705,000","13,680,000",38
1993,IDAHO,16,WHEAT,"1,390,000","1,490,000","319,438,000","110,350,000",79.4
1993,ILLINOIS,17,WHEAT,"1,550,000","1,650,000","191,642,000","68,200,000",44
1993,INDIANA,18,WHEAT,"670,000","720,000","96,855,000","34,840,000",52
1993,IOWA,19,WHEAT,"25,000","60,000","1,250,000","625,000",25
1993,KANSAS,20,WHEAT,"11,100,000","12,100,000","1,165,500,000","388,500,000",35
1993,KENTUCKY,21,WHEAT,"410,000","590,000","56,855,000","20,090,000",49
1993,LOUISIANA,22,WHEAT,"95,000","130,000","6,888,000","2,375,000",25
1993,MARYLAND,24,WHEAT,"200,000","210,000","31,320,000","10,800,000",54
1993,MICHIGAN,26,WHEAT,"540,000","580,000","67,306,000","22,140,000",41
1993,MINNESOTA,27,WHEAT,"2,298,000","2,755,000","234,567,000","71,190,000",31
1993,MISSISSIPPI,28,WHEAT,"210,000","250,000","19,404,000","6,930,000",33
1993,MISSOURI,29,WHEAT,"1,400,000","1,650,000","142,044,000","53,200,000",38
1993,MONTANA,30,WHEAT,"5,264,000","5,565,000","715,160,000","206,334,000",39.2
1993,NEBRASKA,31,WHEAT,"2,100,000","2,350,000","223,440,000","73,500,000",35
1993,NEVADA,32,WHEAT,"9,000","11,000","2,380,000","800,000",88.9
1993,NEW JERSEY,34,WHEAT,"33,000","43,000","3,973,000","1,419,000",43
1993,NEW MEXICO,35,WHEAT,"270,000","510,000","17,388,000","6,210,000",23
1993,NEW YORK,36,WHEAT,"85,000","95,000","12,903,000","3,910,000",46
1993,NORTH CAROLINA,37,WHEAT,"560,000","610,000","65,856,000","23,520,000",42
1993,NORTH DAKOTA,38,WHEAT,"10,850,000","11,750,000","1,328,586,000","336,610,000",31
1993,OHIO,39,WHEAT,"1,010,000","1,050,000","153,884,000","52,520,000",52
1993,OKLAHOMA,40,WHEAT,"5,400,000","7,100,000","460,404,000","156,600,000",29
1993,OREGON,41,WHEAT,"925,000","950,000","205,923,000","64,960,000",70.2
1993,PENNSYLVANIA,42,WHEAT,"165,000","170,000","22,424,000","7,425,000",45
1993,SOUTH CAROLINA,45,WHEAT,"260,000","280,000","27,664,000","9,880,000",38
1993,SOUTH DAKOTA,46,WHEAT,"3,488,000","3,820,000","377,419,000","111,522,000",32
1993,TENNESSEE,47,WHEAT,"340,000","490,000","39,032,000","13,940,000",41
1993,TEXAS,48,WHEAT,"3,700,000","6,100,000","338,624,000","118,400,000",32
1993,UTAH,49,WHEAT,"180,000","187,000","24,596,000","7,270,000",40.4
1993,VIRGINIA,51,WHEAT,"255,000","280,000","36,491,000","13,515,000",53
1993,WASHINGTON,53,WHEAT,"2,790,000","2,900,000","573,802,000","177,580,000",63.6
1993,WEST VIRGINIA,54,WHEAT,"11,000","14,000","1,381,000","473,000",43
1993,WISCONSIN,55,WHEAT,"125,000","149,000","12,116,000","4,660,000",37.3
1993,WYOMING,56,WHEAT,"213,000","238,000","19,776,000","6,146,000",28.9
1992,ALABAMA,1,CORN,295000,330000,65166000,27730000,94
1992,ARIZONA,4,CORN,11000,16000,5143000,1870000,170
1992,ARKANSAS,5,CORN,95000,105000,28282000,12350000,130
1992,CALIFORNIA,6,CORN,150000,375000,70538000,24750000,165
1992,COLORADO,8,CORN,880000,990000,290435000,130240000,148
1992,CONNECTICUT,9,CORN,,44000,,,
1992,DELAWARE,10,CORN,161000,170000,42150000,19159000,119
1992,FLORIDA,12,CORN,110000,150000,18975000,8250000,75
1992,GEORGIA,13,CORN,690000,750000,159390000,69000000,100
1992,IDAHO,16,CORN,33000,95000,11369000,4290000,130
1992,ILLINOIS,17,CORN,11050000,11200000,3474010000,1646450000,149
1992,INDIANA,18,CORN,5970000,6100000,1834163000,877590000,147
1992,IOWA,19,CORN,12950000,13200000,3807300000,1903650000,147
1992,KANSAS,20,CORN,1730000,1850000,557925000,259500000,150
1992,KENTUCKY,21,CORN,1300000,1420000,382668000,171600000,132
1992,LOUISIANA,22,CORN,309000,325000,88250000,37080000,120
1992,MAINE,23,CORN,,40000,,,
1992,MARYLAND,24,CORN,470000,550000,131130000,58280000,124
1992,MASSACHUSETTS,25,CORN,,33000,,,
1992,MICHIGAN,26,CORN,2300000,2700000,470925000,241500000,105
1992,MINNESOTA,27,CORN,6500000,7200000,1415310000,741000000,114
1992,MISSISSIPPI,28,CORN,300000,350000,59400000,27000000,90
1992,MISSOURI,29,CORN,2400000,2500000,683640000,324000000,135
1992,MONTANA,30,CORN,25000,70000,6875000,2750000,110
1992,NEBRASKA,31,CORN,7900000,8300000,2228985000,1066500000,135
1992,NEW HAMPSHIRE,33,CORN,,19000,,,
1992,NEW JERSEY,34,CORN,82000,100000,22140000,9840000,120
1992,NEW MEXICO,35,CORN,71000,105000,28400000,11360000,160
1992,NEW YORK,36,CORN,550000,1150000,116380000,50600000,92
1992,NORTH CAROLINA,37,CORN,1040000,1150000,223288000,98800000,95
1992,NORTH DAKOTA,38,CORN,580000,1000000,67599000,36540000,63
1992,OHIO,39,CORN,3550000,3800000,1045759000,507650000,143
1992,OKLAHOMA,40,CORN,135000,150000,41006000,18225000,135
1992,OREGON,41,CORN,15000,35000,5850000,2250000,150
1992,PENNSYLVANIA,42,CORN,990000,1380000,287496000,118800000,120
1992,RHODE ISLAND,44,CORN,,3000,,,
1992,SOUTH CAROLINA,45,CORN,350000,375000,70840000,30800000,88
1992,SOUTH DAKOTA,46,CORN,3300000,3800000,510048000,277200000,84
1992,TENNESSEE,47,CORN,640000,740000,166656000,79360000,124
1992,TEXAS,48,CORN,1620000,1750000,488025000,202500000,125
1992,UTAH,49,CORN,24000,68000,8878000,3240000,135
1992,VERMONT,50,CORN,,98000,,,
1992,VIRGINIA,51,CORN,360000,520000,93960000,41760000,116
1992,WASHINGTON,53,CORN,88000,130000,40392000,15840000,180
1992,WEST VIRGINIA,54,CORN,50000,85000,12150000,5400000,108
1992,WISCONSIN,55,CORN,2950000,3900000,650416000,306800000,104
1992,WYOMING,56,CORN,53000,90000,11946000,5194000,98
1992,ALABAMA,1,SOYBEANS,270000,290000,44083000,7830000,29
1992,ARKANSAS,5,SOYBEANS,3160000,3200000,588139000,104280000,33
1992,DELAWARE,10,SOYBEANS,215000,220000,37840000,6880000,32
1992,FLORIDA,12,SOYBEANS,50000,55000,7800000,1500000,30
1992,GEORGIA,13,SOYBEANS,640000,650000,101894000,18560000,29
1992,ILLINOIS,17,SOYBEANS,9430000,9500000,2307238000,405490000,43
1992,INDIANA,18,SOYBEANS,4520000,4550000,1090360000,194360000,43
1992,IOWA,19,SOYBEANS,8170000,8200000,1991519000,359480000,44
1992,KANSAS,20,SOYBEANS,1850000,1900000,370999000,68450000,37
1992,KENTUCKY,21,SOYBEANS,1110000,1130000,239582000,42180000,38
1992,LOUISIANA,22,SOYBEANS,1170000,1220000,199017000,35100000,30
1992,MARYLAND,24,SOYBEANS,545000,555000,98918000,17985000,33
1992,MICHIGAN,26,SOYBEANS,1440000,1450000,262786000,47520000,33
1992,MINNESOTA,27,SOYBEANS,5400000,5500000,953856000,172800000,32
1992,MISSISSIPPI,28,SOYBEANS,1750000,1800000,338555000,59500000,34
1992,MISSOURI,29,SOYBEANS,4250000,4300000,880175000,161500000,38
1992,NEBRASKA,31,SOYBEANS,2460000,2500000,554828000,103320000,42
1992,NEW JERSEY,34,SOYBEANS,128000,130000,22810000,4224000,33
1992,NORTH CAROLINA,37,SOYBEANS,1350000,1400000,199746000,36450000,27
1992,NORTH DAKOTA,38,SOYBEANS,690000,700000,91770000,17250000,25
1992,OHIO,39,SOYBEANS,3680000,3750000,831680000,147200000,40
1992,OKLAHOMA,40,SOYBEANS,220000,230000,31482000,5940000,27
1992,PENNSYLVANIA,42,SOYBEANS,285000,290000,60799000,11115000,39
1992,SOUTH CAROLINA,45,SOYBEANS,670000,690000,80186000,14740000,22
1992,SOUTH DAKOTA,46,SOYBEANS,2250000,2300000,326340000,63000000,28
1992,TENNESSEE,47,SOYBEANS,950000,1000000,186533000,33250000,35
1992,TEXAS,48,SOYBEANS,390000,400000,65251000,12870000,33
1992,VIRGINIA,51,SOYBEANS,500000,520000,85250000,15500000,31
1992,WISCONSIN,55,SOYBEANS,690000,750000,118128000,22080000,32
1992,ALABAMA,1,WHEAT,"95,000","140,000","13,794,000","4,180,000",44
1992,ARIZONA,4,WHEAT,"88,000","90,000","29,148,000","7,700,000",87.5
1992,ARKANSAS,5,WHEAT,"850,000","950,000","137,241,000","39,100,000",46
1992,CALIFORNIA,6,WHEAT,"590,000","642,000","150,385,000","43,635,000",74
1992,COLORADO,8,WHEAT,"2,397,000","2,700,000","232,932,000","74,119,000",30.9
1992,DELAWARE,10,WHEAT,"70,000","75,000","12,586,000","4,060,000",58
1992,FLORIDA,12,WHEAT,"20,000","45,000","2,772,000","840,000",42
1992,GEORGIA,13,WHEAT,"350,000","400,000","50,071,000","16,100,000",46
1992,IDAHO,16,WHEAT,"1,440,000","1,540,000","347,625,000","100,090,000",69.5
1992,ILLINOIS,17,WHEAT,"1,150,000","1,450,000","203,688,000","62,100,000",54
1992,INDIANA,18,WHEAT,"500,000","800,000","79,750,000","25,000,000",50
1992,IOWA,19,WHEAT,"40,000","70,000","4,758,000","1,560,000",39
1992,KANSAS,20,WHEAT,"10,700,000","12,000,000","1,138,694,000","363,800,000",34
1992,KENTUCKY,21,WHEAT,"370,000","560,000","66,341,000","20,350,000",55
1992,LOUISIANA,22,WHEAT,"170,000","200,000","21,726,000","6,120,000",36
1992,MARYLAND,24,WHEAT,"220,000","230,000","40,194,000","12,760,000",58
1992,MICHIGAN,26,WHEAT,"630,000","650,000","108,662,000","35,280,000",56
1992,MINNESOTA,27,WHEAT,"2,805,000","2,860,000","442,855,000","139,860,000",49.9
1992,MISSISSIPPI,28,WHEAT,"250,000","300,000","35,175,000","10,500,000",42
1992,MISSOURI,29,WHEAT,"1,350,000","1,500,000","205,416,000","64,800,000",48
1992,MONTANA,30,WHEAT,"4,947,000","5,500,000","509,354,000","149,151,000",30.1
1992,NEBRASKA,31,WHEAT,"1,850,000","2,350,000","175,380,000","55,500,000",30
1992,NEVADA,32,WHEAT,"10,000","12,000","2,616,000","800,000",80
1992,NEW JERSEY,34,WHEAT,"28,000","36,000","4,340,000","1,400,000",50
1992,NEW MEXICO,35,WHEAT,"330,000","550,000","34,782,000","11,220,000",34
1992,NEW YORK,36,WHEAT,"110,000","120,000","16,632,000","6,160,000",56
1992,NORTH CAROLINA,37,WHEAT,"555,000","600,000","90,188,000","27,750,000",50
1992,NORTH DAKOTA,38,WHEAT,"11,500,000","11,650,000","1,490,455,000","472,890,000",41.1
1992,OHIO,39,WHEAT,"1,115,000","1,230,000","180,831,000","59,095,000",53
1992,OKLAHOMA,40,WHEAT,"5,900,000","7,300,000","536,399,000","168,150,000",28.5
1992,OREGON,41,WHEAT,"925,000","970,000","182,118,000","47,800,000",51.7
1992,PENNSYLVANIA,42,WHEAT,"185,000","190,000","31,768,000","9,805,000",53
1992,SOUTH CAROLINA,45,WHEAT,"275,000","285,000","41,360,000","12,925,000",47
1992,SOUTH DAKOTA,46,WHEAT,"3,733,000","4,385,000","385,387,000","119,590,000",32
1992,TENNESSEE,47,WHEAT,"280,000","410,000","45,024,000","13,440,000",48
1992,TEXAS,48,WHEAT,"3,800,000","5,900,000","410,856,000","129,200,000",34
1992,UTAH,49,WHEAT,"157,000","170,000","21,143,000","6,456,000",41.1
1992,VIRGINIA,51,WHEAT,"265,000","290,000","46,826,000","15,105,000",57
1992,WASHINGTON,53,WHEAT,"2,420,000","2,650,000","453,474,000","119,640,000",49.4
1992,WEST VIRGINIA,54,WHEAT,"11,000","15,000","1,752,000","539,000",49
1992,WISCONSIN,55,WHEAT,"66,000","167,000","7,920,000","2,640,000",40
1992,WYOMING,56,WHEAT,"214,000","237,000","17,293,000","5,588,000",26.1
1991,ALABAMA,1,CORN,210000,260000,43680000,16800000,80
1991,ARIZONA,4,CORN,5000,14000,2380000,850000,170
1991,ARKANSAS,5,CORN,80000,90000,20640000,8000000,100
1991,CALIFORNIA,6,CORN,115000,330000,57040000,18400000,160
1991,COLORADO,8,CORN,870000,995000,323457000,133110000,153
1991,CONNECTICUT,9,CORN,,46000,,,
1991,DELAWARE,10,CORN,169000,175000,48368000,17914000,106
1991,FLORIDA,12,CORN,75000,110000,13260000,5100000,68
1991,GEORGIA,13,CORN,550000,600000,149600000,55000000,100
1991,IDAHO,16,CORN,63000,125000,20869000,7875000,125
1991,ILLINOIS,17,CORN,11000000,11200000,2895420000,1177000000,107
1991,INDIANA,18,CORN,5550000,5700000,1250970000,510600000,92
1991,IOWA,19,CORN,12200000,12500000,3283020000,1427400000,117
1991,KANSAS,20,CORN,1650000,1800000,499125000,206250000,125
1991,KENTUCKY,21,CORN,1250000,1400000,287025000,111250000,89
1991,LOUISIANA,22,CORN,247000,275000,53537000,20995000,85
1991,MAINE,23,CORN,,35000,,,
1991,MARYLAND,24,CORN,450000,550000,117563000,42750000,95
1991,MASSACHUSETTS,25,CORN,,34000,,,
1991,MICHIGAN,26,CORN,2300000,2600000,592020000,253000000,110
1991,MINNESOTA,27,CORN,6000000,6600000,1598400000,720000000,120
1991,MISSISSIPPI,28,CORN,150000,190000,30938000,11250000,75
1991,MISSOURI,29,CORN,2200000,2300000,522830000,213400000,97
1991,MONTANA,30,CORN,15000,75000,4860000,1800000,120
1991,NEBRASKA,31,CORN,7800000,8200000,2318004000,990600000,127
1991,NEW HAMPSHIRE,33,CORN,,18000,,,
1991,NEW JERSEY,34,CORN,77000,100000,22446000,8470000,110
1991,NEW MEXICO,35,CORN,60000,92000,28215000,9900000,165
1991,NEW YORK,36,CORN,600000,1190000,158760000,58800000,98
1991,NORTH CAROLINA,37,CORN,950000,1050000,224865000,85500000,90
1991,NORTH DAKOTA,38,CORN,570000,930000,112347000,51300000,90
1991,OHIO,39,CORN,3400000,3700000,809472000,326400000,96
1991,OKLAHOMA,40,CORN,95000,120000,27859000,10925000,115
1991,OREGON,41,CORN,15000,45000,6351000,2190000,146
1991,PENNSYLVANIA,42,CORN,860000,1400000,185115000,64500000,75
1991,RHODE ISLAND,44,CORN,,3000,,,
1991,SOUTH CAROLINA,45,CORN,255000,280000,57439000,21675000,85
1991,SOUTH DAKOTA,46,CORN,3250000,3750000,519480000,240500000,74
1991,TENNESSEE,47,CORN,510000,620000,109650000,43860000,86
1991,TEXAS,48,CORN,1500000,1700000,442200000,165000000,110
1991,UTAH,49,CORN,21000,68000,8585000,2940000,140
1991,VERMONT,50,CORN,,92000,,,
1991,VIRGINIA,51,CORN,335000,500000,73164000,28140000,84
1991,WASHINGTON,53,CORN,88000,130000,45144000,15840000,180
1991,WEST VIRGINIA,54,CORN,38000,85000,6840000,2850000,75
1991,WISCONSIN,55,CORN,3200000,3800000,875840000,380800000,119
1991,WYOMING,56,CORN,49000,80000,14169000,5831000,119
1991,ALABAMA,1,SOYBEANS,350000,360000,45080000,8050000,23
1991,ARKANSAS,5,SOYBEANS,3200000,3250000,511616000,89600000,28
1991,DELAWARE,10,SOYBEANS,250000,255000,48125000,8750000,35
1991,FLORIDA,12,SOYBEANS,43000,45000,6269000,1161000,27
1991,GEORGIA,13,SOYBEANS,590000,600000,88093000,15930000,27
1991,ILLINOIS,17,SOYBEANS,9100000,9200000,1945125000,341250000,37.5
1991,INDIANA,18,SOYBEANS,4400000,4450000,974688000,171600000,39
1991,IOWA,19,SOYBEANS,8630000,8700000,1925828000,349515000,40.5
1991,KANSAS,20,SOYBEANS,1900000,2000000,242535000,43700000,23
1991,KENTUCKY,21,SOYBEANS,1130000,1150000,212271000,36725000,32.5
1991,LOUISIANA,22,SOYBEANS,1060000,1150000,176755000,30740000,29
1991,MARYLAND,24,SOYBEANS,500000,510000,93500000,17000000,34
1991,MICHIGAN,26,SOYBEANS,1390000,1400000,291566000,52820000,38
1991,MINNESOTA,27,SOYBEANS,5350000,5500000,1056438000,195275000,36.5
1991,MISSISSIPPI,28,SOYBEANS,1800000,1900000,268632000,46800000,26
1991,MISSOURI,29,SOYBEANS,4430000,4500000,755293000,135115000,30.5
1991,NEBRASKA,31,SOYBEANS,2460000,2500000,450783000,82410000,33.5
1991,NEW JERSEY,34,SOYBEANS,123000,125000,23690000,4428000,36
1991,NORTH CAROLINA,37,SOYBEANS,1310000,1350000,214866000,38645000,29.5
1991,NORTH DAKOTA,38,SOYBEANS,630000,635000,103761000,19215000,30.5
1991,OHIO,39,SOYBEANS,3770000,3800000,772247000,135720000,36
1991,OKLAHOMA,40,SOYBEANS,235000,260000,30174000,5640000,24
1991,PENNSYLVANIA,42,SOYBEANS,300000,310000,54747000,9900000,33
1991,SOUTH CAROLINA,45,SOYBEANS,630000,650000,78725000,13860000,22
1991,SOUTH DAKOTA,46,SOYBEANS,2160000,2200000,310846000,58320000,27
1991,TENNESSEE,47,SOYBEANS,1050000,1100000,180495000,31500000,30
1991,TEXAS,48,SOYBEANS,170000,180000,27668000,5270000,31
1991,VIRGINIA,51,SOYBEANS,500000,530000,79750000,14500000,29
1991,WISCONSIN,55,SOYBEANS,550000,570000,122430000,23100000,42
1991,ALABAMA,1,WHEAT,"110,000","170,000","6,655,000","2,750,000",25
1991,ARIZONA,4,WHEAT,"68,000","70,000","23,619,000","6,750,000",99.3
1991,ARKANSAS,5,WHEAT,"930,000","1,100,000","56,674,000","20,460,000",22
1991,CALIFORNIA,6,WHEAT,"442,000","483,000","120,269,000","36,160,000",81.8
1991,COLORADO,8,WHEAT,"2,336,000","2,638,000","227,126,000","74,000,000",31.7
1991,DELAWARE,10,WHEAT,"67,000","70,000","9,410,000","3,551,000",53
1991,FLORIDA,12,WHEAT,"25,000","50,000","1,236,000","575,000",23
1991,GEORGIA,13,WHEAT,"425,000","500,000","34,221,000","14,025,000",33
1991,IDAHO,16,WHEAT,"1,160,000","1,340,000","290,383,000","81,660,000",70.4
1991,ILLINOIS,17,WHEAT,"1,400,000","1,650,000","114,688,000","44,800,000",32
1991,INDIANA,18,WHEAT,"720,000","850,000","78,336,000","28,800,000",40
1991,IOWA,19,WHEAT,"50,000","75,000","4,080,000","1,700,000",34
1991,KANSAS,20,WHEAT,"11,000,000","11,800,000","1,020,030,000","363,000,000",33
1991,KENTUCKY,21,WHEAT,"400,000","600,000","27,108,000","10,800,000",27
1991,LOUISIANA,22,WHEAT,"190,000","300,000","10,450,000","3,800,000",20
1991,MARYLAND,24,WHEAT,"195,000","205,000","27,788,000","9,750,000",50
1991,MICHIGAN,26,WHEAT,"560,000","570,000","68,387,000","24,080,000",43
1991,MINNESOTA,27,WHEAT,"2,155,000","2,190,000","214,594,000","67,110,000",31.1
1991,MISSISSIPPI,28,WHEAT,"250,000","350,000","12,375,000","4,500,000",18
1991,MISSOURI,29,WHEAT,"1,500,000","1,650,000","113,760,000","48,000,000",32
1991,MONTANA,30,WHEAT,"4,479,000","5,130,000","518,863,000","163,507,000",36.5
1991,NEBRASKA,31,WHEAT,"2,100,000","2,350,000","202,272,000","67,200,000",32
1991,NEVADA,32,WHEAT,"8,000","11,000","2,160,000","660,000",82.5
1991,NEW JERSEY,34,WHEAT,"26,000","35,000","3,289,000","1,196,000",46
1991,NEW MEXICO,35,WHEAT,"320,000","550,000","22,800,000","8,000,000",25
1991,NEW YORK,36,WHEAT,"110,000","115,000","18,057,000","5,390,000",49
1991,NORTH CAROLINA,37,WHEAT,"480,000","550,000","54,720,000","19,200,000",40
1991,NORTH DAKOTA,38,WHEAT,"9,790,000","10,000,000","925,890,000","303,670,000",31
1991,OHIO,39,WHEAT,"1,080,000","1,150,000","155,056,000","52,920,000",49
1991,OKLAHOMA,40,WHEAT,"5,000,000","7,400,000","384,750,000","135,000,000",27
1991,OREGON,41,WHEAT,"846,000","900,000","160,235,000","43,900,000",51.9
1991,PENNSYLVANIA,42,WHEAT,"175,000","180,000","21,791,000","7,700,000",44
1991,SOUTH CAROLINA,45,WHEAT,"275,000","300,000","23,444,000","8,525,000",31
1991,SOUTH DAKOTA,46,WHEAT,"3,117,000","3,370,000","295,071,000","96,175,000",30.9
1991,TENNESSEE,47,WHEAT,"320,000","440,000","21,888,000","7,680,000",24
1991,TEXAS,48,WHEAT,"2,800,000","6,200,000","225,960,000","84,000,000",30
1991,UTAH,49,WHEAT,"153,000","165,000","19,752,000","5,807,000",38
1991,VIRGINIA,51,WHEAT,"250,000","280,000","33,075,000","12,250,000",49
1991,WASHINGTON,53,WHEAT,"2,150,000","3,700,000","367,198,000","98,600,000",45.9
1991,WEST VIRGINIA,54,WHEAT,"10,000","13,000","1,328,000","450,000",45
1991,WISCONSIN,55,WHEAT,"127,000","149,000","16,832,000","6,118,000",48.2
1991,WYOMING,56,WHEAT,"204,000","232,000","19,292,000","5,920,000",29
1990,ALABAMA,1,CORN,240000,290000,37445000,13920000,58
1990,ARIZONA,4,CORN,7000,15000,3528000,1120000,160
1990,ARKANSAS,5,CORN,73000,80000,18170000,6935000,95
1990,CALIFORNIA,6,CORN,160000,375000,77568000,25600000,160
1990,COLORADO,8,CORN,830000,950000,303614000,128650000,155
1990,CONNECTICUT,9,CORN,,45000,,,
1990,DELAWARE,10,CORN,172000,180000,48065000,19780000,115
1990,FLORIDA,12,CORN,75000,105000,14378000,5325000,71
1990,GEORGIA,13,CORN,550000,660000,103598000,37400000,68
1990,IDAHO,16,CORN,30000,100000,10530000,3900000,130
1990,ILLINOIS,17,CORN,10400000,10600000,3117088000,1320800000,127
1990,INDIANA,18,CORN,5450000,5600000,1624046000,703050000,129
1990,IOWA,19,CORN,12400000,12800000,3452904000,1562400000,126
1990,KANSAS,20,CORN,1450000,1600000,424125000,188500000,130
1990,KENTUCKY,21,CORN,1200000,1350000,297600000,120000000,100
1990,LOUISIANA,22,CORN,186000,200000,56098000,21576000,116
1990,MAINE,23,CORN,,34000,,,
1990,MARYLAND,24,CORN,450000,550000,131157000,53100000,118
1990,MASSACHUSETTS,25,CORN,,36000,,,
1990,MICHIGAN,26,CORN,2070000,2400000,526091000,238050000,115
1990,MINNESOTA,27,CORN,6150000,6700000,1654842000,762600000,124
1990,MISSISSIPPI,28,CORN,140000,190000,29680000,11200000,80
1990,MISSOURI,29,CORN,1960000,2100000,489804000,205800000,105
1990,MONTANA,30,CORN,9000,65000,2138000,855000,95
1990,NEBRASKA,31,CORN,7300000,7700000,2130432000,934400000,128
1990,NEW HAMPSHIRE,33,CORN,,17000,,,
1990,NEW JERSEY,34,CORN,75000,100000,21063000,8850000,118
1990,NEW MEXICO,35,CORN,55000,85000,21293000,7975000,145
1990,NEW YORK,36,CORN,620000,1210000,148254000,60760000,98
1990,NORTH CAROLINA,37,CORN,1070000,1200000,184083000,72760000,68
1990,NORTH DAKOTA,38,CORN,460000,850000,79120000,36800000,80
1990,OHIO,39,CORN,3450000,3700000,968484000,417450000,121
1990,OKLAHOMA,40,CORN,88000,105000,23274000,10032000,114
1990,OREGON,41,CORN,18000,50000,7560000,2700000,150
1990,PENNSYLVANIA,42,CORN,970000,1380000,287178000,109610000,113
1990,RHODE ISLAND,44,CORN,,3000,,,
1990,SOUTH CAROLINA,45,CORN,320000,390000,41779000,15360000,48
1990,SOUTH DAKOTA,46,CORN,3000000,3400000,486720000,234000000,78
1990,TENNESSEE,47,CORN,510000,620000,106580000,43860000,86
1990,TEXAS,48,CORN,1450000,1650000,327555000,130500000,90
1990,UTAH,49,CORN,19000,65000,7421000,2660000,140
1990,VERMONT,50,CORN,,86000,,,
1990,VIRGINIA,51,CORN,365000,530000,91615000,36500000,100
1990,WASHINGTON,53,CORN,80000,120000,38500000,14000000,175
1990,WEST VIRGINIA,54,CORN,50000,90000,12023000,5250000,105
1990,WISCONSIN,55,CORN,3000000,3700000,771720000,354000000,118
1990,WYOMING,56,CORN,50000,90000,14520000,6000000,120
1990,ALABAMA,1,SOYBEANS,440000,470000,44057000,7480000,17
1990,ARKANSAS,5,SOYBEANS,3350000,3400000,534560000,90450000,27
1990,DELAWARE,10,SOYBEANS,199000,200000,37957000,6766000,34
1990,FLORIDA,12,SOYBEANS,75000,80000,8051000,1425000,19
1990,GEORGIA,13,SOYBEANS,700000,900000,56252000,9800000,14
1990,ILLINOIS,17,SOYBEANS,9100000,9200000,2076165000,354900000,39
1990,INDIANA,18,SOYBEANS,4180000,4200000,995718000,171380000,41
1990,IOWA,19,SOYBEANS,7900000,8000000,1845796000,327850000,41.5
1990,KANSAS,20,SOYBEANS,1950000,2000000,265356000,46800000,24
1990,KENTUCKY,21,SOYBEANS,1220000,1250000,228774000,39040000,32
1990,LOUISIANA,22,SOYBEANS,1750000,1800000,254100000,42000000,24
1990,MARYLAND,24,SOYBEANS,495000,505000,100327000,17820000,36
1990,MICHIGAN,26,SOYBEANS,1140000,1150000,243892000,43320000,38
1990,MINNESOTA,27,SOYBEANS,4600000,4700000,995670000,179400000,39
1990,MISSISSIPPI,28,SOYBEANS,1900000,2050000,234612000,39900000,21
1990,MISSOURI,29,SOYBEANS,4150000,4200000,713385000,124500000,30
1990,NEBRASKA,31,SOYBEANS,2360000,2400000,455138000,81420000,34.5
1990,NEW JERSEY,34,SOYBEANS,108000,110000,22537000,3996000,37
1990,NORTH CAROLINA,37,SOYBEANS,1350000,1400000,184032000,32400000,24
1990,NORTH DAKOTA,38,SOYBEANS,495000,500000,71171000,12870000,26
1990,OHIO,39,SOYBEANS,3480000,3500000,788533000,135720000,39
1990,OKLAHOMA,40,SOYBEANS,220000,250000,25087000,4620000,21
1990,PENNSYLVANIA,42,SOYBEANS,275000,280000,64268000,11275000,41
1990,SOUTH CAROLINA,45,SOYBEANS,750000,800000,80198000,13875000,18.5
1990,SOUTH DAKOTA,46,SOYBEANS,1920000,1950000,297830000,53760000,28
1990,TENNESSEE,47,SOYBEANS,1250000,1300000,200813000,33750000,27
1990,TEXAS,48,SOYBEANS,200000,220000,27350000,5000000,25
1990,VIRGINIA,51,SOYBEANS,525000,540000,93240000,16800000,32
1990,WISCONSIN,55,SOYBEANS,430000,440000,97141000,17630000,41
1990,ALABAMA,1,WHEAT,"190,000","280,000","20,283,000","6,650,000",35
1990,ARIZONA,4,WHEAT,"98,000","100,000","34,334,000","9,266,000",94.6
1990,ARKANSAS,5,WHEAT,"1,400,000","1,500,000","152,880,000","49,000,000",35
1990,CALIFORNIA,6,WHEAT,"619,000","680,000","157,871,000","48,165,000",77.8
1990,COLORADO,8,WHEAT,"2,590,000","2,742,000","214,235,000","86,950,000",33.6
1990,DELAWARE,10,WHEAT,"60,000","65,000","8,782,000","3,060,000",51
1990,FLORIDA,12,WHEAT,"55,000","65,000","5,082,000","1,815,000",33
1990,GEORGIA,13,WHEAT,"590,000","650,000","62,363,000","20,650,000",35
1990,IDAHO,16,WHEAT,"1,370,000","1,420,000","252,066,000","99,600,000",72.7
1990,ILLINOIS,17,WHEAT,"1,850,000","2,050,000","244,200,000","88,800,000",48
1990,INDIANA,18,WHEAT,"970,000","1,050,000","143,250,000","50,440,000",52
1990,IOWA,19,WHEAT,"75,000","80,000","9,248,000","3,375,000",45
1990,KANSAS,20,WHEAT,"11,800,000","12,400,000","1,184,720,000","472,000,000",40
1990,KENTUCKY,21,WHEAT,"500,000","700,000","55,400,000","20,000,000",40
1990,LOUISIANA,22,WHEAT,"390,000","440,000","41,828,000","12,870,000",33
1990,MARYLAND,24,WHEAT,"190,000","200,000","28,257,000","9,880,000",52
1990,MICHIGAN,26,WHEAT,"750,000","770,000","99,000,000","41,250,000",55
1990,MINNESOTA,27,WHEAT,"2,865,000","2,960,000","349,381,000","138,620,000",48.4
1990,MISSISSIPPI,28,WHEAT,"520,000","600,000","47,892,000","15,600,000",30
1990,MISSOURI,29,WHEAT,"2,000,000","2,150,000","204,440,000","76,000,000",38
1990,MONTANA,30,WHEAT,"5,185,000","5,745,000","384,440,000","145,865,000",28.1
1990,NEBRASKA,31,WHEAT,"2,250,000","2,450,000","216,315,000","85,500,000",38
1990,NEVADA,32,WHEAT,"14,000","16,000","2,386,000","980,000",70
1990,NEW JERSEY,34,WHEAT,"29,000","36,000","3,853,000","1,247,000",43
1990,NEW MEXICO,35,WHEAT,"300,000","520,000","22,599,000","8,100,000",27
1990,NEW YORK,36,WHEAT,"145,000","150,000","19,184,000","7,105,000",49
1990,NORTH CAROLINA,37,WHEAT,"550,000","600,000","67,650,000","22,550,000",41
1990,NORTH DAKOTA,38,WHEAT,"10,910,000","11,350,000","944,863,000","385,220,000",35.3
1990,OHIO,39,WHEAT,"1,270,000","1,300,000","205,740,000","76,200,000",60
1990,OKLAHOMA,40,WHEAT,"6,200,000","7,400,000","509,888,000","198,400,000",32
1990,OREGON,41,WHEAT,"968,000","1,010,000","157,868,000","57,616,000",59.5
1990,PENNSYLVANIA,42,WHEAT,"210,000","215,000","29,715,000","10,500,000",50
1990,SOUTH CAROLINA,45,WHEAT,"380,000","400,000","47,508,000","14,440,000",38
1990,SOUTH DAKOTA,46,WHEAT,"3,789,000","4,140,000","320,875,000","128,004,000",33.8
1990,TENNESSEE,47,WHEAT,"490,000","580,000","53,449,000","17,640,000",36
1990,TEXAS,48,WHEAT,"4,200,000","6,700,000","356,748,000","130,200,000",31
1990,UTAH,49,WHEAT,"176,000","185,000","20,396,000","7,170,000",40.7
1990,VIRGINIA,51,WHEAT,"260,000","290,000","36,049,000","12,220,000",47
1990,WASHINGTON,53,WHEAT,"2,480,000","2,600,000","409,480,000","150,080,000",60.5
1990,WEST VIRGINIA,54,WHEAT,"12,000","15,000","1,474,000","552,000",46
1990,WISCONSIN,55,WHEAT,"192,000","205,000","26,221,000","10,085,000",52.5
1990,WYOMING,56,WHEAT,"211,000","232,000","14,675,000","6,113,000",29
1989,ALABAMA,1,CORN,180000,230000,40095000,14580000,81
1989,ARIZONA,4,CORN,13000,20000,5655000,1885000,145
1989,ARKANSAS,5,CORN,58000,62000,16629000,7076000,122
1989,CALIFORNIA,6,CORN,185000,380000,88800000,29600000,160
1989,COLORADO,8,CORN,930000,1050000,312852000,134850000,145
1989,CONNECTICUT,9,CORN,,49000,,,
1989,DELAWARE,10,CORN,133000,140000,35245000,13300000,100
1989,FLORIDA,12,CORN,80000,115000,13616000,5920000,74
1989,GEORGIA,13,CORN,550000,610000,137418000,52250000,95
1989,IDAHO,16,CORN,50000,130000,18438000,6250000,125
1989,ILLINOIS,17,CORN,10750000,10900000,3173400000,1322250000,123
1989,INDIANA,18,CORN,5200000,5350000,1708252000,691600000,133
1989,IOWA,19,CORN,12250000,12600000,3310195000,1445500000,118
1989,KANSAS,20,CORN,1240000,1370000,353400000,155000000,125
1989,KENTUCKY,21,CORN,1180000,1330000,347675000,136880000,116
1989,LOUISIANA,22,CORN,142000,160000,35074000,13490000,95
1989,MAINE,23,CORN,,33000,,,
1989,MARYLAND,24,CORN,400000,480000,118800000,44000000,110
1989,MASSACHUSETTS,25,CORN,,38000,,,
1989,MICHIGAN,26,CORN,1970000,2300000,507551000,222610000,113
1989,MINNESOTA,27,CORN,5600000,6200000,1589000000,700000000,125
1989,MISSISSIPPI,28,CORN,140000,180000,26460000,9800000,70
1989,MISSOURI,29,CORN,2290000,2400000,523219000,219840000,96
1989,MONTANA,30,CORN,4000,80000,832000,320000,80
1989,NEBRASKA,31,CORN,7000000,7400000,1948100000,847000000,121
1989,NEW HAMPSHIRE,33,CORN,,19000,,,
1989,NEW JERSEY,34,CORN,71000,95000,19191000,7242000,102
1989,NEW MEXICO,35,CORN,60000,85000,24096000,9600000,160
1989,NEW YORK,36,CORN,570000,1150000,148428000,53010000,93
1989,NORTH CAROLINA,37,CORN,950000,1050000,235895000,88350000,93
1989,NORTH DAKOTA,38,CORN,465000,880000,78120000,34875000,75
1989,OHIO,39,CORN,2980000,3250000,868163000,348660000,117
1989,OKLAHOMA,40,CORN,78000,95000,22464000,9360000,120
1989,OREGON,41,CORN,22000,50000,10032000,3520000,160
1989,PENNSYLVANIA,42,CORN,960000,1380000,284774000,98880000,103
1989,RHODE ISLAND,44,CORN,,3000,,,
1989,SOUTH CAROLINA,45,CORN,340000,390000,75803000,30940000,91
1989,SOUTH DAKOTA,46,CORN,2650000,3400000,408312000,190800000,72
1989,TENNESSEE,47,CORN,530000,650000,141775000,56710000,107
1989,TEXAS,48,CORN,1400000,1650000,390292000,148400000,106
1989,UTAH,49,CORN,20000,65000,7392000,2640000,132
1989,VERMONT,50,CORN,,88000,,,
1989,VIRGINIA,51,CORN,365000,510000,104390000,40150000,110
1989,WASHINGTON,53,CORN,90000,130000,44888000,15750000,175
1989,WEST VIRGINIA,54,CORN,46000,85000,10488000,4370000,95
1989,WISCONSIN,55,CORN,2800000,3600000,717948000,310800000,111
1989,WYOMING,56,CORN,41000,90000,9738000,3895000,95
1989,ALABAMA,1,SOYBEANS,570000,600000,68708000,11970000,21
1989,ARKANSAS,5,SOYBEANS,3200000,3300000,442176000,75200000,23.5
1989,DELAWARE,10,SOYBEANS,250000,255000,40600000,7250000,29
1989,FLORIDA,12,SOYBEANS,120000,130000,14388000,2640000,22
1989,GEORGIA,13,SOYBEANS,1100000,1150000,160446000,28600000,26
1989,ILLINOIS,17,SOYBEANS,8850000,8900000,2039040000,354000000,40
1989,INDIANA,18,SOYBEANS,4550000,4600000,961574000,166075000,36.5
1989,IOWA,19,SOYBEANS,8280000,8300000,1814810000,322920000,39
1989,KANSAS,20,SOYBEANS,1850000,1900000,272228000,49950000,27
1989,KENTUCKY,21,SOYBEANS,1170000,1200000,217813000,36855000,31.5
1989,LOUISIANA,22,SOYBEANS,1750000,1950000,230230000,38500000,22
1989,MARYLAND,24,SOYBEANS,550000,570000,92400000,16500000,30
1989,MICHIGAN,26,SOYBEANS,1080000,1100000,217728000,38880000,36
1989,MINNESOTA,27,SOYBEANS,5000000,5050000,1032300000,185000000,37
1989,MISSISSIPPI,28,SOYBEANS,2000000,2200000,238000000,40000000,20
1989,MISSOURI,29,SOYBEANS,4350000,4400000,682080000,121800000,28
1989,NEBRASKA,31,SOYBEANS,2560000,2600000,446464000,81920000,32
1989,NEW JERSEY,34,SOYBEANS,113000,115000,19888000,3616000,32
1989,NORTH CAROLINA,37,SOYBEANS,1550000,1600000,237708000,41850000,27
1989,NORTH DAKOTA,38,SOYBEANS,630000,640000,74844000,13860000,22
1989,OHIO,39,SOYBEANS,3980000,4000000,718370000,125370000,31.5
1989,OKLAHOMA,40,SOYBEANS,285000,300000,36936000,6840000,24
1989,PENNSYLVANIA,42,SOYBEANS,305000,310000,58591000,10370000,34
1989,SOUTH CAROLINA,45,SOYBEANS,960000,980000,115517000,20160000,21
1989,SOUTH DAKOTA,46,SOYBEANS,1880000,1900000,261508000,48880000,26
1989,TENNESSEE,47,SOYBEANS,1240000,1300000,178262000,29760000,24
1989,TEXAS,48,SOYBEANS,415000,500000,63122000,12450000,30
1989,VIRGINIA,51,SOYBEANS,540000,550000,98496000,17280000,32
1989,WISCONSIN,55,SOYBEANS,410000,420000,81918000,15170000,37
1989,ALABAMA,1,WHEAT,"220,000","300,000","23,100,000","6,600,000",30
1989,ARIZONA,4,WHEAT,"118,000","120,000","44,396,000","10,722,000",90.9
1989,ARKANSAS,5,WHEAT,"1,200,000","1,300,000","195,888,000","52,800,000",44
1989,CALIFORNIA,6,WHEAT,"675,000","731,000","201,132,000","52,605,000",77.9
1989,COLORADO,8,WHEAT,"2,270,000","2,775,000","227,401,000","62,100,000",27.4
1989,DELAWARE,10,WHEAT,"74,000","80,000","10,723,000","3,108,000",42
1989,FLORIDA,12,WHEAT,"65,000","80,000","6,598,000","1,885,000",29
1989,GEORGIA,13,WHEAT,"700,000","800,000","82,880,000","22,400,000",32
1989,IDAHO,16,WHEAT,"1,370,000","1,460,000","335,419,000","91,420,000",66.7
1989,ILLINOIS,17,WHEAT,"1,780,000","1,850,000","399,076,000","105,020,000",59
1989,INDIANA,18,WHEAT,"880,000","940,000","198,854,000","51,920,000",59
1989,IOWA,19,WHEAT,"70,000","80,000","12,502,000","3,290,000",47
1989,KANSAS,20,WHEAT,"8,900,000","12,400,000","798,864,000","213,600,000",24
1989,KENTUCKY,21,WHEAT,"450,000","630,000","81,900,000","22,500,000",50
1989,LOUISIANA,22,WHEAT,"350,000","390,000","42,315,000","10,850,000",31
1989,MARYLAND,24,WHEAT,"215,000","230,000","30,530,000","8,600,000",40
1989,MICHIGAN,26,WHEAT,"640,000","660,000","123,130,000","33,920,000",53
1989,MINNESOTA,27,WHEAT,"2,699,000","2,765,000","372,152,000","102,504,000",38
1989,MISSISSIPPI,28,WHEAT,"450,000","525,000","56,610,000","15,300,000",34
1989,MISSOURI,29,WHEAT,"1,850,000","1,970,000","323,454,000","86,950,000",47
1989,MONTANA,30,WHEAT,"5,235,000","6,340,000","530,779,000","145,030,000",27.7
1989,NEBRASKA,31,WHEAT,"2,050,000","2,550,000","207,563,000","55,350,000",27
1989,NEVADA,32,WHEAT,"15,000","18,000","4,260,000","1,200,000",80
1989,NEW JERSEY,34,WHEAT,"35,000","43,000","4,846,000","1,365,000",39
1989,NEW MEXICO,35,WHEAT,"200,000","550,000","14,720,000","4,000,000",20
1989,NEW YORK,36,WHEAT,"130,000","135,000","20,475,000","5,850,000",45
1989,NORTH CAROLINA,37,WHEAT,"630,000","680,000","72,828,000","21,420,000",34
1989,NORTH DAKOTA,38,WHEAT,"10,330,000","10,800,000","836,054,000","242,320,000",23.5
1989,OHIO,39,WHEAT,"1,230,000","1,260,000","234,610,000","62,730,000",51
1989,OKLAHOMA,40,WHEAT,"5,700,000","7,300,000","583,281,000","153,900,000",27
1989,OREGON,41,WHEAT,"920,000","950,000","214,802,000","53,835,000",58.5
1989,PENNSYLVANIA,42,WHEAT,"215,000","220,000","28,240,000","7,955,000",37
1989,SOUTH CAROLINA,45,WHEAT,"435,000","460,000","63,314,000","17,835,000",41
1989,SOUTH DAKOTA,46,WHEAT,"3,520,000","3,930,000","298,986,000","83,080,000",23.6
1989,TENNESSEE,47,WHEAT,"450,000","540,000","68,985,000","18,900,000",42
1989,TEXAS,48,WHEAT,"3,000,000","6,700,000","227,400,000","60,000,000",20
1989,UTAH,49,WHEAT,"177,000","190,000","22,263,000","5,950,000",33.6
1989,VIRGINIA,51,WHEAT,"275,000","300,000","43,643,000","12,650,000",46
1989,WASHINGTON,53,WHEAT,"2,270,000","3,100,000","446,864,000","110,610,000",48.7
1989,WEST VIRGINIA,54,WHEAT,"12,000","16,000","1,961,000","516,000",43
1989,WISCONSIN,55,WHEAT,"180,000","212,000","32,620,000","9,320,000",51.8
1989,WYOMING,56,WHEAT,"204,000","235,000","17,046,000","4,708,000",23.1
1988,ALABAMA,1,CORN,170000,240000,20944000,7480000,44
1988,ARIZONA,4,CORN,13000,19000,6347000,2015000,155
1988,ARKANSAS,5,CORN,60000,65000,13860000,6000000,100
1988,CALIFORNIA,6,CORN,187000,375000,85683000,27115000,145
1988,COLORADO,8,CORN,800000,910000,325120000,128000000,160
1988,CONNECTICUT,9,CORN,,48000,,,
1988,DELAWARE,10,CORN,140000,150000,29498000,9800000,70
1988,FLORIDA,12,CORN,65000,100000,11310000,3770000,58
1988,GEORGIA,13,CORN,500000,600000,93620000,31000000,62
1988,IDAHO,16,CORN,50000,110000,20150000,6500000,130
1988,ILLINOIS,17,CORN,9600000,9900000,1815072000,700800000,73
1988,INDIANA,18,CORN,5000000,5200000,1099750000,415000000,83
1988,IOWA,19,CORN,10700000,11300000,2202060000,898800000,84
1988,KANSAS,20,CORN,1150000,1250000,373750000,143750000,125
1988,KENTUCKY,21,CORN,1100000,1300000,221628000,80300000,73
1988,LOUISIANA,22,CORN,125000,145000,33250000,11875000,95
1988,MAINE,23,CORN,,32000,,,
1988,MARYLAND,24,CORN,420000,520000,82446000,27300000,65
1988,MASSACHUSETTS,25,CORN,,41000,,,
1988,MICHIGAN,26,CORN,1600000,2100000,283360000,112000000,70
1988,MINNESOTA,27,CORN,4700000,5700000,834720000,347800000,74
1988,MISSISSIPPI,28,CORN,150000,200000,27900000,9000000,60
1988,MISSOURI,29,CORN,2020000,2200000,403758000,153520000,76
1988,MONTANA,30,CORN,20000,90000,6930000,2200000,110
1988,NEBRASKA,31,CORN,6600000,6900000,2029632000,818400000,124
1988,NEW HAMPSHIRE,33,CORN,,19000,,,
1988,NEW JERSEY,34,CORN,79000,95000,16314000,5530000,70
1988,NEW MEXICO,35,CORN,55000,75000,24808000,8525000,155
1988,NEW YORK,36,CORN,540000,1070000,129897000,45900000,85
1988,NORTH CAROLINA,37,CORN,970000,1100000,237107000,81480000,84
1988,NORTH DAKOTA,38,CORN,380000,800000,52896000,22040000,58
1988,OHIO,39,CORN,3000000,3300000,665550000,255000000,85
1988,OKLAHOMA,40,CORN,72000,90000,18468000,6840000,95
1988,OREGON,41,CORN,19000,50000,9126000,3002000,158
1988,PENNSYLVANIA,42,CORN,910000,1480000,183365000,59150000,65
1988,RHODE ISLAND,44,CORN,,3000,,,
1988,SOUTH CAROLINA,45,CORN,335000,380000,57319000,19430000,58
1988,SOUTH DAKOTA,46,CORN,2400000,3150000,314160000,132000000,55
1988,TENNESSEE,47,CORN,530000,680000,106398000,38690000,73
1988,TEXAS,48,CORN,1350000,1500000,351216000,129600000,96
1988,UTAH,49,CORN,22000,70000,8593000,2728000,124
1988,VERMONT,50,CORN,,90000,,,
1988,VIRGINIA,51,CORN,295000,530000,67585000,23305000,79
1988,WASHINGTON,53,CORN,80000,120000,40800000,13600000,170
1988,WEST VIRGINIA,54,CORN,40000,85000,6032000,2320000,58
1988,WISCONSIN,55,CORN,1950000,3450000,333158000,130650000,67
1988,WYOMING,56,CORN,53000,85000,17782000,6466000,122
1988,ALABAMA,1,SOYBEANS,570000,590000,108015000,14250000,25
1988,ARKANSAS,5,SOYBEANS,3200000,3250000,628160000,83200000,26
1988,DELAWARE,10,SOYBEANS,225000,230000,45927000,6075000,27
1988,FLORIDA,12,SOYBEANS,115000,120000,25013000,3335000,29
1988,GEORGIA,13,SOYBEANS,900000,930000,164250000,22500000,25
1988,ILLINOIS,17,SOYBEANS,8700000,8800000,1750005000,234900000,27
1988,INDIANA,18,SOYBEANS,4200000,4300000,872025000,115500000,27.5
1988,IOWA,19,SOYBEANS,8100000,8150000,1840563000,251100000,31
1988,KANSAS,20,SOYBEANS,2000000,2050000,333960000,46000000,23
1988,KENTUCKY,21,SOYBEANS,910000,980000,184721000,24115000,26.5
1988,LOUISIANA,22,SOYBEANS,1950000,2000000,424691000,56550000,29
1988,MARYLAND,24,SOYBEANS,455000,465000,106775000,14105000,31
1988,MICHIGAN,26,SOYBEANS,1210000,1250000,255455000,35090000,29
1988,MINNESOTA,27,SOYBEANS,4800000,4900000,911040000,124800000,26
1988,MISSISSIPPI,28,SOYBEANS,2250000,2400000,369765000,49500000,22
1988,MISSOURI,29,SOYBEANS,4230000,4300000,835108000,112095000,26.5
1988,NEBRASKA,31,SOYBEANS,2360000,2400000,517548000,70800000,30
1988,NEW JERSEY,34,SOYBEANS,103000,105000,20718000,2781000,27
1988,NORTH CAROLINA,37,SOYBEANS,1310000,1370000,263860000,35370000,27
1988,NORTH DAKOTA,38,SOYBEANS,690000,750000,86319000,12420000,18
1988,OHIO,39,SOYBEANS,3700000,3900000,753246000,99900000,27
1988,OKLAHOMA,40,SOYBEANS,270000,290000,34749000,4860000,18
1988,PENNSYLVANIA,42,SOYBEANS,245000,250000,58408000,7840000,32
1988,SOUTH CAROLINA,45,SOYBEANS,790000,800000,137938000,18565000,23.5
1988,SOUTH DAKOTA,46,SOYBEANS,1730000,1760000,299359000,41520000,24
1988,TENNESSEE,47,SOYBEANS,1230000,1300000,244327000,31980000,26
1988,TEXAS,48,SOYBEANS,225000,240000,44415000,6300000,28
1988,VIRGINIA,51,SOYBEANS,515000,530000,106708000,14420000,28
1988,WISCONSIN,55,SOYBEANS,390000,430000,64674000,8970000,23
1988,ALABAMA,1,WHEAT,"200,000","270,000","28,380,000","8,600,000",43
1988,ARIZONA,4,WHEAT,"85,000","87,000","30,465,000","7,730,000",90.9
1988,ARKANSAS,5,WHEAT,"1,070,000","1,120,000","192,247,000","56,710,000",53
1988,CALIFORNIA,6,WHEAT,"549,000","590,000","176,669,000","46,275,000",84.3
1988,COLORADO,8,WHEAT,"2,352,000","2,554,000","293,248,000","79,540,000",33.8
1988,DELAWARE,10,WHEAT,"63,000","65,000","11,695,000","3,276,000",52
1988,FLORIDA,12,WHEAT,"70,000","75,000","8,316,000","2,520,000",36
1988,GEORGIA,13,WHEAT,"500,000","575,000","69,015,000","21,500,000",43
1988,IDAHO,16,WHEAT,"1,150,000","1,220,000","302,645,000","75,520,000",65.7
1988,ILLINOIS,17,WHEAT,"1,250,000","1,300,000","236,250,000","67,500,000",54
1988,INDIANA,18,WHEAT,"700,000","840,000","122,150,000","35,000,000",50
1988,IOWA,19,WHEAT,"35,000","60,000","4,680,000","1,225,000",35
1988,KANSAS,20,WHEAT,"9,500,000","10,200,000","1,156,340,000","323,000,000",34
1988,KENTUCKY,21,WHEAT,"380,000","550,000","73,872,000","20,520,000",54
1988,LOUISIANA,22,WHEAT,"270,000","300,000","40,406,000","11,070,000",41
1988,MARYLAND,24,WHEAT,"170,000","180,000","32,887,000","9,010,000",53
1988,MICHIGAN,26,WHEAT,"620,000","650,000","93,484,000","26,040,000",42
1988,MINNESOTA,27,WHEAT,"2,250,000","2,520,000","196,087,000","51,730,000",23
1988,MISSISSIPPI,28,WHEAT,"450,000","500,000","72,450,000","20,700,000",46
1988,MISSOURI,29,WHEAT,"1,550,000","1,650,000","262,028,000","75,950,000",49
1988,MONTANA,30,WHEAT,"3,830,000","4,730,000","238,578,000","59,970,000",15.7
1988,NEBRASKA,31,WHEAT,"2,000,000","2,300,000","263,520,000","72,000,000",36
1988,NEVADA,32,WHEAT,"19,000","22,000","4,857,000","1,340,000",70.5
1988,NEW JERSEY,34,WHEAT,"31,000","35,000","5,162,000","1,395,000",45
1988,NEW MEXICO,35,WHEAT,"290,000","520,000","24,012,000","6,960,000",24
1988,NEW YORK,36,WHEAT,"90,000","95,000","17,325,000","4,950,000",55
1988,NORTH CAROLINA,37,WHEAT,"480,000","510,000","81,600,000","24,000,000",50
1988,NORTH DAKOTA,38,WHEAT,"7,230,000","9,250,000","415,925,000","103,390,000",14.3
1988,OHIO,39,WHEAT,"920,000","1,000,000","171,580,000","46,000,000",50
1988,OKLAHOMA,40,WHEAT,"4,800,000","7,000,000","616,896,000","172,800,000",36
1988,OREGON,41,WHEAT,"755,000","800,000","221,186,000","51,800,000",68.6
1988,PENNSYLVANIA,42,WHEAT,"170,000","175,000","33,337,000","9,010,000",53
1988,SOUTH CAROLINA,45,WHEAT,"305,000","320,000","47,702,000","14,030,000",46
1988,SOUTH DAKOTA,46,WHEAT,"2,638,000","3,650,000","141,643,000","38,006,000",14.4
1988,TENNESSEE,47,WHEAT,"430,000","530,000","73,960,000","21,500,000",50
1988,TEXAS,48,WHEAT,"3,200,000","6,300,000","303,744,000","89,600,000",28
1988,UTAH,49,WHEAT,"177,000","184,000","25,834,000","6,768,000",38.2
1988,VIRGINIA,51,WHEAT,"200,000","230,000","35,880,000","10,400,000",52
1988,WASHINGTON,53,WHEAT,"2,060,000","2,170,000","522,158,000","124,620,000",60.5
1988,WEST VIRGINIA,54,WHEAT,"9,000","11,000","1,532,000","414,000",46
1988,WISCONSIN,55,WHEAT,"133,000","150,000","16,899,000","5,152,000",38.7
1988,WYOMING,56,WHEAT,"208,000","241,000","17,355,000","4,680,000",22.5
1987,ALABAMA,1,CORN,250000,300000,42300000,18000000,72
1987,ARIZONA,4,CORN,15000,23000,4809000,2100000,140
1987,ARKANSAS,5,CORN,65000,70000,12932000,7475000,115
1987,CALIFORNIA,6,CORN,221000,423000,85218000,35360000,160
1987,COLORADO,8,CORN,690000,800000,208553000,106950000,155
1987,CONNECTICUT,9,CORN,,51000,,,
1987,DELAWARE,10,CORN,148000,165000,23310000,11100000,75
1987,FLORIDA,12,CORN,105000,140000,13403000,7245000,69
1987,GEORGIA,13,CORN,610000,680000,115290000,51240000,84
1987,IDAHO,16,CORN,50000,110000,14300000,6500000,130
1987,ILLINOIS,17,CORN,9200000,9350000,2380224000,1214400000,132
1987,INDIANA,18,CORN,4880000,5000000,1370304000,658800000,135
1987,IOWA,19,CORN,10150000,10400000,2493855000,1319500000,130
1987,KANSAS,20,CORN,1230000,1350000,271584000,147600000,120
1987,KENTUCKY,21,CORN,1140000,1300000,239491000,118560000,104
1987,LOUISIANA,22,CORN,211000,225000,40892000,21522000,102
1987,MAINE,23,CORN,,37000,,,
1987,MARYLAND,24,CORN,460000,560000,77142000,35880000,78
1987,MASSACHUSETTS,25,CORN,,40000,,,
1987,MICHIGAN,26,CORN,1980000,2300000,378358000,192060000,97
1987,MINNESOTA,27,CORN,4800000,5400000,1207008000,609600000,127
1987,MISSISSIPPI,28,CORN,150000,210000,27600000,12000000,80
1987,MISSOURI,29,CORN,2150000,2250000,442169000,242950000,113
1987,MONTANA,30,CORN,15000,80000,3465000,1575000,105
1987,NEBRASKA,31,CORN,6200000,6500000,1591912000,812200000,131
1987,NEW HAMPSHIRE,33,CORN,,21000,,,
1987,NEW JERSEY,34,CORN,85000,105000,19006000,8840000,104
1987,NEW MEXICO,35,CORN,49000,68000,15494000,7595000,155
1987,NEW YORK,36,CORN,600000,1150000,143880000,65400000,109
1987,NORTH CAROLINA,37,CORN,1100000,1250000,160820000,74800000,68
1987,NORTH DAKOTA,38,CORN,500000,770000,88815000,46500000,93
1987,OHIO,39,CORN,3100000,3300000,725400000,372000000,120
1987,OKLAHOMA,40,CORN,66000,90000,15536000,7062000,107
1987,OREGON,41,CORN,24000,55000,8712000,3960000,165
1987,PENNSYLVANIA,42,CORN,1090000,1550000,250384000,101370000,93
1987,RHODE ISLAND,44,CORN,,3000,,,
1987,SOUTH CAROLINA,45,CORN,375000,420000,61425000,29250000,78
1987,SOUTH DAKOTA,46,CORN,2650000,3050000,422304000,219950000,83
1987,TENNESSEE,47,CORN,580000,730000,102921000,52780000,91
1987,TEXAS,48,CORN,1250000,1300000,290238000,133750000,107
1987,UTAH,49,CORN,20000,70000,6720000,2800000,140
1987,VERMONT,50,CORN,,89000,,,
1987,VIRGINIA,51,CORN,325000,575000,41974000,20475000,63
1987,WASHINGTON,53,CORN,80000,120000,29240000,13600000,170
1987,WEST VIRGINIA,54,CORN,50000,90000,7056000,3600000,72
1987,WISCONSIN,55,CORN,2800000,3550000,664104000,330400000,118
1987,WYOMING,56,CORN,41000,80000,9557000,4551000,111
1987,ALABAMA,1,SOYBEANS,580000,600000,60343000,10440000,18
1987,ARKANSAS,5,SOYBEANS,3250000,3300000,442520000,74750000,23
1987,DELAWARE,10,SOYBEANS,235000,240000,24957000,4230000,18
1987,FLORIDA,12,SOYBEANS,93000,95000,12904000,2325000,25
1987,GEORGIA,13,SOYBEANS,780000,830000,91892000,16380000,21
1987,ILLINOIS,17,SOYBEANS,8700000,8800000,1983600000,330600000,38
1987,INDIANA,18,SOYBEANS,4350000,4400000,1033560000,174000000,40
1987,IOWA,19,SOYBEANS,7900000,7950000,2051591000,343650000,43.5
1987,KANSAS,20,SOYBEANS,2110000,2150000,370685000,67520000,32
1987,KENTUCKY,21,SOYBEANS,1030000,1060000,161859000,27295000,26.5
1987,LOUISIANA,22,SOYBEANS,1650000,1700000,230588000,41250000,25
1987,MARYLAND,24,SOYBEANS,410000,420000,54428000,9225000,22.5
1987,MICHIGAN,26,SOYBEANS,1090000,1100000,220529000,39240000,36
1987,MINNESOTA,27,SOYBEANS,4650000,4700000,1106235000,181350000,39
1987,MISSISSIPPI,28,SOYBEANS,2450000,2550000,279006000,47775000,19.5
1987,MISSOURI,29,SOYBEANS,4930000,5000000,899232000,157760000,32
1987,NEBRASKA,31,SOYBEANS,2350000,2400000,485534000,83425000,35.5
1987,NEW JERSEY,34,SOYBEANS,104000,105000,18538000,3224000,31
1987,NORTH CAROLINA,37,SOYBEANS,1340000,1400000,190086000,32830000,24.5
1987,NORTH DAKOTA,38,SOYBEANS,515000,520000,88209000,16738000,32.5
1987,OHIO,39,SOYBEANS,3900000,3950000,857142000,144300000,37
1987,OKLAHOMA,40,SOYBEANS,240000,250000,33600000,6000000,25
1987,PENNSYLVANIA,42,SOYBEANS,185000,190000,38998000,6290000,34
1987,SOUTH CAROLINA,45,SOYBEANS,730000,750000,94593000,16060000,22
1987,SOUTH DAKOTA,46,SOYBEANS,1390000,1400000,242590000,45175000,32.5
1987,TENNESSEE,47,SOYBEANS,1250000,1300000,161288000,28750000,23
1987,TEXAS,48,SOYBEANS,150000,170000,21840000,4200000,28
1987,VIRGINIA,51,SOYBEANS,490000,520000,65219000,10780000,22
1987,WISCONSIN,55,SOYBEANS,320000,330000,69434000,12160000,38
1987,ALABAMA,1,WHEAT,"170,000","250,000","13,175,000","5,270,000",31
1987,ARIZONA,4,WHEAT,"89,000","91,000","24,397,000","8,005,000",89.9
1987,ARKANSAS,5,WHEAT,"840,000","930,000","83,689,000","34,440,000",41
1987,CALIFORNIA,6,WHEAT,"567,000","620,000","127,133,000","43,890,000",77.4
1987,COLORADO,8,WHEAT,"2,555,000","3,160,000","244,751,000","97,380,000",38.1
1987,DELAWARE,10,WHEAT,"48,000","50,000","4,939,000","2,016,000",42
1987,FLORIDA,12,WHEAT,"50,000","60,000","3,770,000","1,450,000",29
1987,GEORGIA,13,WHEAT,"460,000","550,000","35,080,000","14,260,000",31
1987,IDAHO,16,WHEAT,"1,140,000","1,210,000","221,205,000","85,500,000",75
1987,ILLINOIS,17,WHEAT,"950,000","1,100,000","140,686,000","56,050,000",59
1987,INDIANA,18,WHEAT,"600,000","750,000","84,564,000","34,800,000",58
1987,IOWA,19,WHEAT,"30,000","90,000","3,135,000","1,140,000",38
1987,KANSAS,20,WHEAT,"9,900,000","10,700,000","890,109,000","366,300,000",37
1987,KENTUCKY,21,WHEAT,"330,000","500,000","40,425,000","16,170,000",49
1987,LOUISIANA,22,WHEAT,"170,000","240,000","14,756,000","5,270,000",31
1987,MARYLAND,24,WHEAT,"155,000","165,000","19,367,000","7,595,000",49
1987,MICHIGAN,26,WHEAT,"400,000","450,000","50,496,000","19,200,000",48
1987,MINNESOTA,27,WHEAT,"2,519,000","2,580,000","263,360,000","102,588,000",40.7
1987,MISSISSIPPI,28,WHEAT,"350,000","400,000","37,800,000","12,600,000",36
1987,MISSOURI,29,WHEAT,"770,000","900,000","89,613,000","35,420,000",46
1987,MONTANA,30,WHEAT,"4,690,000","4,895,000","414,186,000","151,220,000",32.2
1987,NEBRASKA,31,WHEAT,"1,950,000","2,200,000","210,210,000","85,800,000",44
1987,NEVADA,32,WHEAT,"21,000","24,000","3,833,000","1,680,000",80
1987,NEW JERSEY,34,WHEAT,"27,000","30,000","3,220,000","1,215,000",45
1987,NEW MEXICO,35,WHEAT,"320,000","660,000","23,347,000","10,240,000",32
1987,NEW YORK,36,WHEAT,"85,000","95,000","9,945,000","3,825,000",45
1987,NORTH CAROLINA,37,WHEAT,"440,000","490,000","46,002,000","18,040,000",41
1987,NORTH DAKOTA,38,WHEAT,"9,135,000","9,300,000","794,146,000","269,120,000",29.5
1987,OHIO,39,WHEAT,"850,000","900,000","128,673,000","49,300,000",58
1987,OKLAHOMA,40,WHEAT,"4,800,000","7,200,000","318,816,000","129,600,000",27
1987,OREGON,41,WHEAT,"810,000","845,000","151,351,000","52,920,000",65.3
1987,PENNSYLVANIA,42,WHEAT,"185,000","190,000","23,070,000","7,955,000",43
1987,SOUTH CAROLINA,45,WHEAT,"275,000","290,000","26,648,000","10,450,000",38
1987,SOUTH DAKOTA,46,WHEAT,"3,528,000","3,660,000","277,439,000","106,704,000",30.2
1987,TENNESSEE,47,WHEAT,"350,000","440,000","36,400,000","14,000,000",40
1987,TEXAS,48,WHEAT,"3,600,000","6,800,000","237,888,000","100,800,000",28
1987,UTAH,49,WHEAT,"199,000","212,000","22,490,000","8,963,000",45
1987,VIRGINIA,51,WHEAT,"215,000","275,000","24,671,000","9,675,000",45
1987,WASHINGTON,53,WHEAT,"2,015,000","2,100,000","322,284,000","114,285,000",56.7
1987,WEST VIRGINIA,54,WHEAT,"11,000","13,000","1,238,000","495,000",45
1987,WISCONSIN,55,WHEAT,"88,000","115,000","9,702,000","4,164,000",47.3
1987,WYOMING,56,WHEAT,"258,000","299,000","19,703,000","7,890,000",30.6
1986,ALABAMA,1,CORN,270000,340000,29241000,15390000,57
1986,ARIZONA,4,CORN,15000,25000,4935000,2100000,140
1986,ARKANSAS,5,CORN,80000,90000,14586000,8480000,106
1986,CALIFORNIA,6,CORN,250000,500000,81700000,38000000,152
1986,COLORADO,8,CORN,710000,820000,164720000,102950000,145
1986,CONNECTICUT,9,CORN,,54000,,,
1986,DELAWARE,10,CORN,169000,180000,24828000,14027000,83
1986,FLORIDA,12,CORN,160000,200000,19344000,9920000,62
1986,GEORGIA,13,CORN,730000,900000,81716000,42340000,58
1986,IDAHO,16,CORN,60000,130000,15210000,7800000,130
1986,ILLINOIS,17,CORN,10400000,10600000,2162160000,1404000000,135
1986,INDIANA,18,CORN,5700000,5850000,1063962000,695400000,122
1986,IOWA,19,CORN,12050000,12300000,2293718000,1626750000,135
1986,KANSAS,20,CORN,1335000,1450000,290496000,181560000,136
1986,KENTUCKY,21,CORN,1520000,1730000,236330000,139840000,92
1986,LOUISIANA,22,CORN,385000,400000,78155000,44660000,116
1986,MAINE,23,CORN,,41000,,,
1986,MARYLAND,24,CORN,580000,700000,76635000,42340000,73
1986,MASSACHUSETTS,25,CORN,,43000,,,
1986,MICHIGAN,26,CORN,2450000,2800000,367868000,257250000,105
1986,MINNESOTA,27,CORN,5600000,6300000,997472000,683200000,122
1986,MISSISSIPPI,28,CORN,170000,210000,25500000,12750000,75
1986,MISSOURI,29,CORN,2420000,2550000,407044000,280720000,116
1986,MONTANA,30,CORN,13000,80000,3140000,1495000,115
1986,NEBRASKA,31,CORN,7000000,7300000,1361920000,896000000,128
1986,NEW HAMPSHIRE,33,CORN,,24000,,,
1986,NEW JERSEY,34,CORN,94000,125000,17099000,10058000,107
1986,NEW MEXICO,35,CORN,62000,83000,17205000,9300000,150
1986,NEW YORK,36,CORN,650000,1260000,113256000,64350000,99
1986,NORTH CAROLINA,37,CORN,1360000,1600000,167035000,93840000,69
1986,NORTH DAKOTA,38,CORN,530000,880000,69992000,49290000,93
1986,OHIO,39,CORN,3720000,3900000,714240000,476160000,128
1986,OKLAHOMA,40,CORN,45000,70000,9824000,5310000,118
1986,OREGON,41,CORN,30000,60000,8640000,4800000,160
1986,PENNSYLVANIA,42,CORN,1240000,1670000,233728000,127720000,103
1986,RHODE ISLAND,44,CORN,,4000,,,
1986,SOUTH CAROLINA,45,CORN,460000,550000,38088000,21160000,46
1986,SOUTH DAKOTA,46,CORN,2800000,3300000,314552000,229600000,82
1986,TENNESSEE,47,CORN,770000,910000,94017000,56980000,74
1986,TEXAS,48,CORN,1330000,1400000,278555000,148960000,112
1986,UTAH,49,CORN,18000,72000,4860000,2250000,125
1986,VERMONT,50,CORN,,94000,,,
1986,VIRGINIA,51,CORN,400000,730000,36720000,21600000,54
1986,WASHINGTON,53,CORN,120000,170000,36720000,20400000,170
1986,WEST VIRGINIA,54,CORN,60000,95000,8100000,5400000,90
1986,WISCONSIN,55,CORN,3100000,3900000,534068000,365800000,118
1986,WYOMING,56,CORN,51000,90000,9884000,5814000,114
1986,ALABAMA,1,SOYBEANS,610000,650000,68887000,14030000,23
1986,ARKANSAS,5,SOYBEANS,3300000,3400000,328020000,66000000,20
1986,DELAWARE,10,SOYBEANS,240000,245000,27878000,5760000,24
1986,FLORIDA,12,SOYBEANS,140000,150000,15778000,3220000,23
1986,GEORGIA,13,SOYBEANS,820000,1220000,74005000,15580000,19
1986,ILLINOIS,17,SOYBEANS,9000000,9050000,1767600000,360000000,40
1986,INDIANA,18,SOYBEANS,4250000,4300000,748510000,157250000,37
1986,IOWA,19,SOYBEANS,8450000,8500000,1658693000,350675000,41.5
1986,KANSAS,20,SOYBEANS,1740000,1850000,268134000,58290000,33.5
1986,KENTUCKY,21,SOYBEANS,1120000,1150000,178125000,35840000,32
1986,LOUISIANA,22,SOYBEANS,1750000,1880000,170100000,35000000,20
1986,MARYLAND,24,SOYBEANS,390000,400000,50965000,10530000,27
1986,MICHIGAN,26,SOYBEANS,930000,970000,134636000,28830000,31
1986,MINNESOTA,27,SOYBEANS,4650000,4750000,768180000,162750000,35
1986,MISSISSIPPI,28,SOYBEANS,2450000,2600000,205335000,41650000,17
1986,MISSOURI,29,SOYBEANS,5250000,5450000,786581000,170625000,32.5
1986,NEBRASKA,31,SOYBEANS,2450000,2500000,424536000,93100000,38
1986,NEW JERSEY,34,SOYBEANS,117000,120000,16117000,3393000,29
1986,NORTH CAROLINA,37,SOYBEANS,1530000,1640000,176990000,36720000,24
1986,NORTH DAKOTA,38,SOYBEANS,470000,475000,76164000,16450000,35
1986,OHIO,39,SOYBEANS,3620000,3650000,712525000,146610000,40.5
1986,OKLAHOMA,40,SOYBEANS,200000,255000,21840000,4800000,24
1986,PENNSYLVANIA,42,SOYBEANS,175000,180000,29706000,6125000,35
1986,SOUTH CAROLINA,45,SOYBEANS,830000,1020000,67516000,13695000,16.5
1986,SOUTH DAKOTA,46,SOYBEANS,1330000,1350000,185788000,40565000,30.5
1986,TENNESSEE,47,SOYBEANS,1420000,1470000,172885000,35500000,25
1986,TEXAS,48,SOYBEANS,190000,240000,19315000,4370000,23
1986,VIRGINIA,51,SOYBEANS,570000,610000,67032000,13680000,24
1986,WISCONSIN,55,SOYBEANS,320000,330000,52646000,11520000,36
1986,ALABAMA,1,WHEAT,"220,000","340,000","14,872,000","5,720,000",26
1986,ARIZONA,4,WHEAT,"96,000","98,000","29,355,000","8,688,000",90.5
1986,ARKANSAS,5,WHEAT,"815,000","885,000","83,203,000","33,415,000",41
1986,CALIFORNIA,6,WHEAT,"675,000","730,000","150,318,000","51,525,000",76.3
1986,COLORADO,8,WHEAT,"2,955,000","3,360,000","217,730,000","96,430,000",32.6
1986,DELAWARE,10,WHEAT,"34,000","40,000","3,733,000","1,530,000",45
1986,FLORIDA,12,WHEAT,"85,000","100,000","6,456,000","2,635,000",31
1986,GEORGIA,13,WHEAT,"550,000","640,000","38,192,000","15,400,000",28
1986,IDAHO,16,WHEAT,"1,310,000","1,430,000","195,523,000","81,750,000",62.4
1986,ILLINOIS,17,WHEAT,"820,000","1,300,000","86,953,000","36,080,000",44
1986,INDIANA,18,WHEAT,"700,000","900,000","67,725,000","30,100,000",43
1986,IOWA,19,WHEAT,"60,000","90,000","3,864,000","1,680,000",28
1986,KANSAS,20,WHEAT,"10,200,000","11,500,000","757,350,000","336,600,000",33
1986,KENTUCKY,21,WHEAT,"270,000","440,000","21,830,000","8,910,000",33
1986,LOUISIANA,22,WHEAT,"210,000","240,000","20,213,000","7,350,000",35
1986,MARYLAND,24,WHEAT,"145,000","160,000","16,901,000","6,815,000",47
1986,MICHIGAN,26,WHEAT,"680,000","750,000","72,828,000","30,600,000",45
1986,MINNESOTA,27,WHEAT,"2,814,000","2,965,000","251,674,000","103,666,000",36.8
1986,MISSISSIPPI,28,WHEAT,"200,000","250,000","17,360,000","6,200,000",31
1986,MISSOURI,29,WHEAT,"570,000","1,050,000","44,580,000","18,810,000",33
1986,MONTANA,30,WHEAT,"4,760,000","5,015,000","348,764,000","138,520,000",29.1
1986,NEBRASKA,31,WHEAT,"2,000,000","2,300,000","169,480,000","76,000,000",38
1986,NEVADA,32,WHEAT,"22,000","25,000","3,663,000","1,720,000",78.2
1986,NEW JERSEY,34,WHEAT,"30,000","40,000","3,161,000","1,290,000",43
1986,NEW MEXICO,35,WHEAT,"460,000","720,000","22,770,000","10,120,000",22
1986,NEW YORK,36,WHEAT,"155,000","165,000","17,089,000","7,595,000",49
1986,NORTH CAROLINA,37,WHEAT,"460,000","525,000","37,950,000","15,180,000",33
1986,NORTH DAKOTA,38,WHEAT,"9,380,000","9,620,000","742,835,000","292,320,000",31.2
1986,OHIO,39,WHEAT,"1,050,000","1,150,000","115,437,000","48,300,000",46
1986,OKLAHOMA,40,WHEAT,"5,200,000","7,400,000","343,824,000","150,800,000",29
1986,OREGON,41,WHEAT,"1,025,000","1,070,000","151,269,000","58,405,000",57
1986,PENNSYLVANIA,42,WHEAT,"220,000","230,000","26,620,000","9,680,000",44
1986,SOUTH CAROLINA,45,WHEAT,"300,000","325,000","18,375,000","7,500,000",25
1986,SOUTH DAKOTA,46,WHEAT,"3,840,000","4,065,000","262,805,000","108,660,000",28.3
1986,TENNESSEE,47,WHEAT,"325,000","430,000","26,813,000","10,725,000",33
1986,TEXAS,48,WHEAT,"4,800,000","8,100,000","278,400,000","120,000,000",25
1986,UTAH,49,WHEAT,"258,000","270,000","23,694,000","9,750,000",37.8
1986,VIRGINIA,51,WHEAT,"170,000","220,000","17,774,000","6,970,000",41
1986,WASHINGTON,53,WHEAT,"2,410,000","2,570,000","293,294,000","116,850,000",48.5
1986,WEST VIRGINIA,54,WHEAT,"9,000","11,000","950,000","396,000",44
1986,WISCONSIN,55,WHEAT,"148,000","160,000","18,813,000","8,040,000",54.3
1986,WYOMING,56,WHEAT,"257,000","319,000","17,448,000","7,845,000",30.5
1985,ALABAMA,1,CORN,325000,370000,56063000,24375000,75
1985,ARIZONA,4,CORN,14000,21000,5151000,1820000,130
1985,ARKANSAS,5,CORN,73000,80000,18922000,7884000,108
1985,CALIFORNIA,6,CORN,320000,550000,139200000,46400000,145
1985,COLORADO,8,CORN,745000,875000,245425000,103555000,139
1985,CONNECTICUT,9,CORN,,65000,,,
1985,DELAWARE,10,CORN,175000,185000,46734000,19075000,109
1985,FLORIDA,12,CORN,190000,240000,31493000,12350000,65
1985,GEORGIA,13,CORN,975000,1080000,195741000,81900000,84
1985,IDAHO,16,CORN,80000,175000,26000000,10000000,125
1985,ILLINOIS,17,CORN,11370000,11600000,3484337000,1534950000,135
1985,INDIANA,18,CORN,6150000,6300000,1664190000,756450000,123
1985,IOWA,19,CORN,13550000,13900000,3448746000,1707300000,126
1985,KANSAS,20,CORN,1170000,1300000,360477000,152100000,130
1985,KENTUCKY,21,CORN,1560000,1740000,377114000,159120000,102
1985,LOUISIANA,22,CORN,205000,220000,60762000,23370000,114
1985,MAINE,23,CORN,,44000,,,
1985,MARYLAND,24,CORN,640000,745000,171072000,70400000,110
1985,MASSACHUSETTS,25,CORN,,46000,,,
1985,MICHIGAN,26,CORN,2730000,3100000,613431000,286650000,105
1985,MINNESOTA,27,CORN,6300000,7300000,1485225000,724500000,115
1985,MISSISSIPPI,28,CORN,115000,160000,22678000,7820000,68
1985,MISSOURI,29,CORN,2480000,2600000,583792000,272800000,110
1985,MONTANA,30,CORN,11000,84000,2926000,1045000,95
1985,NEBRASKA,31,CORN,7450000,7800000,2116992000,953600000,128
1985,NEW HAMPSHIRE,33,CORN,,24000,,,
1985,NEW JERSEY,34,CORN,109000,135000,27577000,11990000,110
1985,NEW MEXICO,35,CORN,65000,92000,26900000,10075000,155
1985,NEW YORK,36,CORN,720000,1380000,167580000,68400000,95
1985,NORTH CAROLINA,37,CORN,1625000,1820000,311951000,128375000,79
1985,NORTH DAKOTA,38,CORN,560000,970000,87494000,40320000,72
1985,OHIO,39,CORN,4030000,4250000,1131100000,511810000,127
1985,OKLAHOMA,40,CORN,55000,80000,15741000,5830000,106
1985,OREGON,41,CORN,40000,70000,17688000,6600000,165
1985,PENNSYLVANIA,42,CORN,1380000,1780000,376464000,151800000,110
1985,RHODE ISLAND,44,CORN,,4000,,,
1985,SOUTH CAROLINA,45,CORN,520000,560000,98384000,45760000,88
1985,SOUTH DAKOTA,46,CORN,3000000,3510000,521640000,252000000,84
1985,TENNESSEE,47,CORN,810000,950000,182574000,79380000,98
1985,TEXAS,48,CORN,1490000,1550000,389561000,156450000,105
1985,UTAH,49,CORN,16000,80000,5152000,1840000,115
1985,VERMONT,50,CORN,,109000,,,
1985,VIRGINIA,51,CORN,550000,740000,130680000,54450000,99
1985,WASHINGTON,53,CORN,135000,190000,57240000,21600000,160
1985,WEST VIRGINIA,54,CORN,73000,110000,17093000,7665000,105
1985,WISCONSIN,55,CORN,3350000,4300000,785006000,358450000,107
1985,WYOMING,56,CORN,53000,114000,12466000,5194000,98
1985,ALABAMA,1,SOYBEANS,1030000,1080000,140719000,27810000,27
1985,ARKANSAS,5,SOYBEANS,3700000,3750000,508880000,98050000,26.5
1985,DELAWARE,10,SOYBEANS,240000,245000,36000000,7200000,30
1985,FLORIDA,12,SOYBEANS,230000,260000,31096000,5980000,26
1985,GEORGIA,13,SOYBEANS,1550000,1800000,179304000,37200000,24
1985,ILLINOIS,17,SOYBEANS,9000000,9100000,1977525000,382500000,42.5
1985,INDIANA,18,SOYBEANS,4460000,4500000,932854000,185090000,41.5
1985,IOWA,19,SOYBEANS,8150000,8200000,1545403000,309700000,38
1985,KANSAS,20,SOYBEANS,1410000,1500000,216365000,43710000,31
1985,KENTUCKY,21,SOYBEANS,1230000,1260000,219973000,41820000,34
1985,LOUISIANA,22,SOYBEANS,2100000,2250000,220941000,44100000,21
1985,MARYLAND,24,SOYBEANS,400000,410000,64128000,12800000,32
1985,MICHIGAN,26,SOYBEANS,1080000,1100000,170381000,34560000,32
1985,MINNESOTA,27,SOYBEANS,5000000,5100000,796800000,160000000,32
1985,MISSISSIPPI,28,SOYBEANS,2620000,2700000,365018000,70740000,27
1985,MISSOURI,29,SOYBEANS,5230000,5300000,894958000,180435000,34.5
1985,NEBRASKA,31,SOYBEANS,2360000,2400000,412906000,84960000,36
1985,NEW JERSEY,34,SOYBEANS,129000,130000,21491000,4386000,34
1985,NORTH CAROLINA,37,SOYBEANS,1700000,1800000,197064000,39100000,23
1985,NORTH DAKOTA,38,SOYBEANS,490000,500000,61025000,12740000,26
1985,OHIO,39,SOYBEANS,3870000,3900000,819086000,160605000,41.5
1985,OKLAHOMA,40,SOYBEANS,190000,210000,20539000,4370000,23
1985,PENNSYLVANIA,42,SOYBEANS,185000,190000,30756000,6475000,35
1985,SOUTH CAROLINA,45,SOYBEANS,1230000,1290000,125214000,24600000,20
1985,SOUTH DAKOTA,46,SOYBEANS,1270000,1280000,195072000,40640000,32
1985,TENNESSEE,47,SOYBEANS,1460000,1500000,229921000,45260000,31
1985,TEXAS,48,SOYBEANS,290000,320000,34075000,7250000,25
1985,VIRGINIA,51,SOYBEANS,695000,720000,89481000,17375000,25
1985,WISCONSIN,55,SOYBEANS,300000,350000,46560000,9600000,32
1985,ALABAMA,1,WHEAT,"400,000","500,000","39,040,000","12,800,000",32
1985,ARIZONA,4,WHEAT,"112,000","114,000","34,472,000","9,804,000",87.5
1985,ARKANSAS,5,WHEAT,"570,000","650,000","55,450,000","18,240,000",32
1985,CALIFORNIA,6,WHEAT,"830,000","885,000","236,353,000","68,860,000",83
1985,COLORADO,8,WHEAT,"3,522,000","3,774,000","386,517,000","139,302,000",39.6
1985,DELAWARE,10,WHEAT,"43,000","45,000","5,944,000","2,064,000",48
1985,FLORIDA,12,WHEAT,"100,000","120,000","9,900,000","3,300,000",33
1985,GEORGIA,13,WHEAT,"825,000","950,000","72,377,000","25,575,000",31
1985,IDAHO,16,WHEAT,"1,350,000","1,500,000","228,883,000","72,030,000",53.4
1985,ILLINOIS,17,WHEAT,"750,000","850,000","110,985,000","36,750,000",49
1985,INDIANA,18,WHEAT,"700,000","770,000","107,961,000","37,100,000",53
1985,IOWA,19,WHEAT,"112,000","120,000","15,859,000","5,376,000",48
1985,KANSAS,20,WHEAT,"11,400,000","12,400,000","1,238,952,000","433,200,000",38
1985,KENTUCKY,21,WHEAT,"310,000","430,000","30,566,000","10,540,000",34
1985,LOUISIANA,22,WHEAT,"210,000","250,000","23,205,000","7,140,000",34
1985,MARYLAND,24,WHEAT,"133,000","140,000","18,964,000","6,517,000",49
1985,MICHIGAN,26,WHEAT,"750,000","770,000","127,800,000","45,000,000",60
1985,MINNESOTA,27,WHEAT,"2,683,000","2,835,000","427,571,000","142,426,000",53.1
1985,MISSISSIPPI,28,WHEAT,"300,000","380,000","30,690,000","9,300,000",31
1985,MISSOURI,29,WHEAT,"1,280,000","1,500,000","143,770,000","49,920,000",39
1985,MONTANA,30,WHEAT,"3,960,000","5,660,000","174,147,000","50,240,000",12.7
1985,NEBRASKA,31,WHEAT,"2,300,000","2,600,000","250,263,000","89,700,000",39
1985,NEVADA,32,WHEAT,"24,000","27,000","4,881,000","1,770,000",73.8
1985,NEW JERSEY,34,WHEAT,"37,000","45,000","6,157,000","1,924,000",52
1985,NEW MEXICO,35,WHEAT,"570,000","730,000","59,508,000","20,520,000",36
1985,NEW YORK,36,WHEAT,"145,000","155,000","23,548,000","8,410,000",58
1985,NORTH CAROLINA,37,WHEAT,"760,000","800,000","63,916,000","22,040,000",29
1985,NORTH DAKOTA,38,WHEAT,"8,870,000","9,350,000","1,053,977,000","323,255,000",36.4
1985,OHIO,39,WHEAT,"950,000","1,000,000","175,522,000","58,900,000",62
1985,OKLAHOMA,40,WHEAT,"5,500,000","7,800,000","480,150,000","165,000,000",30
1985,OREGON,41,WHEAT,"1,065,000","1,140,000","189,415,000","56,040,000",52.6
1985,PENNSYLVANIA,42,WHEAT,"210,000","220,000","30,744,000","10,080,000",48
1985,SOUTH CAROLINA,45,WHEAT,"430,000","460,000","35,540,000","12,470,000",29
1985,SOUTH DAKOTA,46,WHEAT,"3,755,000","4,170,000","361,426,000","111,215,000",29.6
1985,TENNESSEE,47,WHEAT,"250,000","340,000","24,000,000","8,000,000",32
1985,TEXAS,48,WHEAT,"5,850,000","8,100,000","555,984,000","187,200,000",32
1985,UTAH,49,WHEAT,"260,000","274,000","26,000,000","8,640,000",33.2
1985,VIRGINIA,51,WHEAT,"285,000","340,000","31,108,000","10,545,000",37
1985,WASHINGTON,53,WHEAT,"2,690,000","2,850,000","437,333,000","128,250,000",47.7
1985,WEST VIRGINIA,54,WHEAT,"8,000","10,000","1,015,000","344,000",43
1985,WISCONSIN,55,WHEAT,"157,000","170,000","24,640,000","8,800,000",56.1
1985,WYOMING,56,WHEAT,"248,000","311,000","16,678,000","5,528,000",22.3
1984,ALABAMA,1,CORN,385000,450000,71321000,25025000,65
1984,ARIZONA,4,CORN,18000,23000,7630000,2430000,135
1984,ARKANSAS,5,CORN,49000,55000,13406000,4655000,95
1984,CALIFORNIA,6,CORN,375000,570000,173400000,51000000,136
1984,COLORADO,8,CORN,680000,840000,242379000,91120000,134
1984,CONNECTICUT,9,CORN,,62000,,,
1984,DELAWARE,10,CORN,150000,160000,50003000,16950000,113
1984,FLORIDA,12,CORN,210000,250000,41633000,13650000,65
1984,GEORGIA,13,CORN,985000,1080000,241502000,80770000,82
1984,IDAHO,16,CORN,75000,165000,24780000,8850000,118
1984,ILLINOIS,17,CORN,10940000,11200000,3317446000,1247160000,114
1984,INDIANA,18,CORN,6030000,6200000,1834326000,705510000,117
1984,IOWA,19,CORN,12900000,13400000,3626448000,1444800000,112
1984,KANSAS,20,CORN,955000,1150000,330669000,119375000,125
1984,KENTUCKY,21,CORN,1460000,1650000,411720000,146000000,100
1984,LOUISIANA,22,CORN,82000,95000,31591000,9430000,115
1984,MAINE,23,CORN,,42000,,,
1984,MARYLAND,24,CORN,590000,685000,203987000,69620000,118
1984,MASSACHUSETTS,25,CORN,,45000,,,
1984,MICHIGAN,26,CORN,2620000,3050000,563405000,220080000,84
1984,MINNESOTA,27,CORN,6440000,7250000,1702028000,689080000,107
1984,MISSISSIPPI,28,CORN,70000,120000,16660000,4900000,70
1984,MISSOURI,29,CORN,1930000,2100000,415336000,154400000,80
1984,MONTANA,30,CORN,15000,90000,4278000,1380000,92
1984,NEBRASKA,31,CORN,6950000,7400000,2079996000,806200000,116
1984,NEW HAMPSHIRE,33,CORN,,23000,,,
1984,NEW JERSEY,34,CORN,99000,130000,29660000,10593000,107
1984,NEW MEXICO,35,CORN,63000,87000,28067000,9450000,150
1984,NEW YORK,36,CORN,670000,1350000,173765000,60970000,91
1984,NORTH CAROLINA,37,CORN,1620000,1800000,408240000,145800000,90
1984,NORTH DAKOTA,38,CORN,630000,970000,106861000,41580000,66
1984,OHIO,39,CORN,3900000,4150000,1191918000,460200000,118
1984,OKLAHOMA,40,CORN,50000,75000,16275000,5250000,105
1984,OREGON,41,CORN,42000,75000,20368000,6678000,159
1984,PENNSYLVANIA,42,CORN,1350000,1780000,420255000,148500000,110
1984,RHODE ISLAND,44,CORN,,4000,,,
1984,SOUTH CAROLINA,45,CORN,447000,490000,95882000,34866000,78
1984,SOUTH DAKOTA,46,CORN,2780000,3400000,456337000,186260000,67
1984,TENNESSEE,47,CORN,690000,850000,190095000,65550000,95
1984,TEXAS,48,CORN,1550000,1680000,436775000,144150000,93
1984,UTAH,49,CORN,16000,82000,5947000,1888000,118
1984,VERMONT,50,CORN,,112000,,,
1984,VIRGINIA,51,CORN,540000,750000,162864000,56160000,104
1984,WASHINGTON,53,CORN,150000,200000,69750000,23250000,155
1984,WEST VIRGINIA,54,CORN,81000,115000,21870000,8100000,100
1984,WISCONSIN,55,CORN,3250000,4150000,888810000,344500000,106
1984,WYOMING,56,CORN,60000,112000,16200000,6000000,100
1984,ALABAMA,1,SOYBEANS,1370000,1400000,174634000,28770000,21
1984,ARKANSAS,5,SOYBEANS,3900000,4050000,607386000,101400000,26
1984,DELAWARE,10,SOYBEANS,250000,260000,35220000,6000000,24
1984,FLORIDA,12,SOYBEANS,325000,340000,48360000,7800000,24
1984,GEORGIA,13,SOYBEANS,2000000,2100000,239600000,40000000,20
1984,ILLINOIS,17,SOYBEANS,9020000,9200000,1676367000,284130000,31.5
1984,INDIANA,18,SOYBEANS,4350000,4400000,885443000,150075000,34.5
1984,IOWA,19,SOYBEANS,8400000,8500000,1500282000,264600000,31.5
1984,KANSAS,20,SOYBEANS,1590000,1700000,160829000,27825000,17.5
1984,KENTUCKY,21,SOYBEANS,1460000,1520000,257851000,42340000,29
1984,LOUISIANA,22,SOYBEANS,2430000,2500000,402287000,66825000,27.5
1984,MARYLAND,24,SOYBEANS,425000,435000,72471000,12325000,29
1984,MICHIGAN,26,SOYBEANS,1190000,1200000,186033000,32130000,27
1984,MINNESOTA,27,SOYBEANS,5240000,5300000,968352000,172920000,33
1984,MISSISSIPPI,28,SOYBEANS,3200000,3300000,466176000,76800000,24
1984,MISSOURI,29,SOYBEANS,5300000,5500000,634516000,108650000,20.5
1984,NEBRASKA,31,SOYBEANS,2550000,2600000,373269000,66300000,26
1984,NEW JERSEY,34,SOYBEANS,133000,135000,24738000,4123000,31
1984,NORTH CAROLINA,37,SOYBEANS,1790000,1850000,276448000,46540000,26
1984,NORTH DAKOTA,38,SOYBEANS,740000,750000,95142000,17020000,23
1984,OHIO,39,SOYBEANS,3770000,3800000,809117000,137605000,36.5
1984,OKLAHOMA,40,SOYBEANS,220000,240000,23617000,4180000,19
1984,PENNSYLVANIA,42,SOYBEANS,170000,175000,34808000,5950000,35
1984,SOUTH CAROLINA,45,SOYBEANS,1490000,1520000,178800000,29800000,20
1984,SOUTH DAKOTA,46,SOYBEANS,1360000,1400000,172978000,31280000,23
1984,TENNESSEE,47,SOYBEANS,1850000,1900000,287157000,48100000,26
1984,TEXAS,48,SOYBEANS,410000,450000,65157000,11890000,29
1984,VIRGINIA,51,SOYBEANS,730000,750000,128133000,21535000,29.5
1984,WISCONSIN,55,SOYBEANS,450000,480000,79515000,13950000,31
1984,ALABAMA,1,WHEAT,"380,000","480,000","48,165,000","14,820,000",39
1984,ARIZONA,4,WHEAT,"142,000","145,000","52,146,000","12,780,000",90
1984,ARKANSAS,5,WHEAT,"1,400,000","1,500,000","202,664,000","61,600,000",44
1984,CALIFORNIA,6,WHEAT,"784,000","870,000","229,476,000","61,840,000",78.9
1984,COLORADO,8,WHEAT,"3,270,000","3,875,000","366,549,000","115,020,000",35.2
1984,DELAWARE,10,WHEAT,"49,000","50,000","6,630,000","2,009,000",41
1984,GEORGIA,13,WHEAT,"890,000","1,000,000","99,680,000","31,150,000",35
1984,IDAHO,16,WHEAT,"1,280,000","1,550,000","269,159,000","81,400,000",63.6
1984,ILLINOIS,17,WHEAT,"1,600,000","1,800,000","230,208,000","70,400,000",44
1984,INDIANA,18,WHEAT,"1,050,000","1,170,000","156,975,000","48,300,000",46
1984,IOWA,19,WHEAT,"100,000","110,000","11,736,000","3,600,000",36
1984,KANSAS,20,WHEAT,"11,200,000","13,300,000","1,431,584,000","431,200,000",38.5
1984,KENTUCKY,21,WHEAT,"500,000","670,000","62,700,000","19,000,000",38
1984,LOUISIANA,22,WHEAT,"320,000","400,000","45,920,000","13,120,000",41
1984,MARYLAND,24,WHEAT,"140,000","147,000","20,047,000","6,020,000",43
1984,MICHIGAN,26,WHEAT,"800,000","900,000","145,008,000","45,600,000",57
1984,MINNESOTA,27,WHEAT,"2,553,000","2,635,000","411,378,000","120,711,000",47.3
1984,MISSISSIPPI,28,WHEAT,"660,000","770,000","85,272,000","25,080,000",38
1984,MISSOURI,29,WHEAT,"2,050,000","2,350,000","268,120,000","84,050,000",41
1984,MONTANA,30,WHEAT,"4,640,000","5,015,000","369,363,000","104,655,000",22.6
1984,NEBRASKA,31,WHEAT,"2,250,000","3,200,000","266,490,000","81,000,000",36
1984,NEVADA,32,WHEAT,"24,000","27,000","5,516,000","1,840,000",76.7
1984,NEW JERSEY,34,WHEAT,"39,000","48,000","5,702,000","1,677,000",43
1984,NEW MEXICO,35,WHEAT,"460,000","730,000","40,305,000","11,960,000",26
1984,NEW YORK,36,WHEAT,"170,000","180,000","25,415,000","7,820,000",46
1984,NORTH CAROLINA,37,WHEAT,"620,000","700,000","89,311,000","26,660,000",43
1984,NORTH DAKOTA,38,WHEAT,"8,660,000","8,820,000","1,013,346,000","284,190,000",32.8
1984,OHIO,39,WHEAT,"1,100,000","1,240,000","160,204,000","48,400,000",44
1984,OKLAHOMA,40,WHEAT,"5,300,000","7,700,000","641,088,000","190,800,000",36
1984,OREGON,41,WHEAT,"1,115,000","1,200,000","239,240,000","68,945,000",61.8
1984,PENNSYLVANIA,42,WHEAT,"220,000","230,000","30,096,000","8,360,000",38
1984,SOUTH CAROLINA,45,WHEAT,"380,000","400,000","47,652,000","14,440,000",38
1984,SOUTH DAKOTA,46,WHEAT,"3,662,000","3,995,000","427,875,000","126,038,000",34.4
1984,TENNESSEE,47,WHEAT,"535,000","670,000","70,620,000","21,400,000",40
1984,TEXAS,48,WHEAT,"5,000,000","7,400,000","508,500,000","150,000,000",30
1984,UTAH,49,WHEAT,"231,000","269,000","27,259,000","8,055,000",34.9
1984,VIRGINIA,51,WHEAT,"275,000","320,000","41,456,000","12,375,000",45
1984,WASHINGTON,53,WHEAT,"2,610,000","2,820,000","553,208,000","160,350,000",61.4
1984,WEST VIRGINIA,54,WHEAT,"10,000","12,000","1,340,000","400,000",40
1984,WISCONSIN,55,WHEAT,"177,000","190,000","31,330,000","9,640,000",54.5
1984,WYOMING,56,WHEAT,"282,000","325,000","25,585,000","8,072,000",28.6
1983,ALABAMA,1,CORN,305000,350000,63882000,17995000,59
1983,ARIZONA,4,CORN,13000,20000,7163000,1885000,145
1983,ARKANSAS,5,CORN,33000,40000,9108000,2640000,80
1983,CALIFORNIA,6,CORN,260000,440000,134784000,33280000,128
1983,COLORADO,8,CORN,610000,780000,235911000,74420000,122
1983,CONNECTICUT,9,CORN,,60000,,,
1983,DELAWARE,10,CORN,145000,155000,40890000,10875000,75
1983,FLORIDA,12,CORN,122000,168000,31061000,8174000,67
1983,GEORGIA,13,CORN,735000,830000,200655000,55125000,75
1983,IDAHO,16,CORN,65000,145000,24752000,7735000,119
1983,ILLINOIS,17,CORN,7900000,8200000,2034566000,624100000,79
1983,INDIANA,18,CORN,4670000,4900000,1125003000,340910000,73
1983,IOWA,19,CORN,8550000,9100000,2320812000,743850000,87
1983,KANSAS,20,CORN,920000,1140000,278070000,85560000,93
1983,KENTUCKY,21,CORN,960000,1230000,163123000,46080000,48
1983,LOUISIANA,22,CORN,56000,70000,18144000,5040000,90
1983,MAINE,23,CORN,,40000,,,
1983,MARYLAND,24,CORN,545000,650000,138975000,37060000,68
1983,MASSACHUSETTS,25,CORN,,43000,,,
1983,MICHIGAN,26,CORN,1800000,2200000,529920000,165600000,92
1983,MINNESOTA,27,CORN,4370000,5100000,1123265000,367080000,84
1983,MISSISSIPPI,28,CORN,55000,100000,11968000,3520000,64
1983,MISSOURI,29,CORN,1430000,1700000,247962000,72930000,51
1983,MONTANA,30,CORN,13000,65000,4368000,1365000,105
1983,NEBRASKA,31,CORN,4850000,5300000,1472509000,470450000,97
1983,NEW HAMPSHIRE,33,CORN,,26000,,,
1983,NEW JERSEY,34,CORN,90000,125000,22338000,6120000,68
1983,NEW MEXICO,35,CORN,50000,70000,23520000,7000000,140
1983,NEW YORK,36,CORN,600000,1200000,191160000,54000000,90
1983,NORTH CAROLINA,37,CORN,1280000,1500000,281856000,76800000,60
1983,NORTH DAKOTA,38,CORN,435000,720000,88309000,29145000,67
1983,OHIO,39,CORN,2800000,3080000,734720000,224000000,80
1983,OKLAHOMA,40,CORN,37000,60000,14918000,4144000,112
1983,OREGON,41,CORN,33000,65000,19566000,5346000,162
1983,PENNSYLVANIA,42,CORN,1050000,1600000,271688000,72450000,69
1983,RHODE ISLAND,44,CORN,,4000,,,
1983,SOUTH CAROLINA,45,CORN,275000,320000,59675000,17050000,62
1983,SOUTH DAKOTA,46,CORN,1970000,2450000,318451000,104410000,53
1983,TENNESSEE,47,CORN,480000,650000,84096000,23040000,48
1983,TEXAS,48,CORN,1080000,1150000,355136000,104760000,97
1983,UTAH,49,CORN,14000,80000,5713000,1540000,110
1983,VERMONT,50,CORN,,108000,,,
1983,VIRGINIA,51,CORN,340000,610000,60384000,16320000,48
1983,WASHINGTON,53,CORN,110000,160000,63712000,17600000,160
1983,WEST VIRGINIA,54,CORN,60000,103000,15678000,4680000,78
1983,WISCONSIN,55,CORN,2300000,3190000,702765000,223100000,97
1983,WYOMING,56,CORN,68000,110000,22277000,7072000,104
1983,ALABAMA,1,SOYBEANS,1500000,1550000,234000000,30000000,20
1983,ARKANSAS,5,SOYBEANS,3800000,3900000,553261000,70300000,18.5
1983,DELAWARE,10,SOYBEANS,250000,255000,56985000,7250000,29
1983,FLORIDA,12,SOYBEANS,312000,327000,63570000,7800000,25
1983,GEORGIA,13,SOYBEANS,2000000,2050000,318780000,42000000,21
1983,ILLINOIS,17,SOYBEANS,9050000,9100000,2119782000,266975000,29.5
1983,INDIANA,18,SOYBEANS,3950000,4000000,974702000,122450000,31
1983,IOWA,19,SOYBEANS,7960000,8000000,2167508000,278600000,35
1983,KANSAS,20,SOYBEANS,1520000,1600000,189453000,24320000,16
1983,KENTUCKY,21,SOYBEANS,1440000,1500000,190699000,24480000,17
1983,LOUISIANA,22,SOYBEANS,2620000,2670000,529292000,68120000,26
1983,MARYLAND,24,SOYBEANS,385000,390000,78679000,10010000,26
1983,MICHIGAN,26,SOYBEANS,1040000,1050000,264316000,33800000,32.5
1983,MINNESOTA,27,SOYBEANS,4600000,4650000,1168860000,151800000,33
1983,MISSISSIPPI,28,SOYBEANS,3100000,3200000,462365000,58900000,19
1983,MISSOURI,29,SOYBEANS,5150000,5300000,810610000,103000000,20
1983,NEBRASKA,31,SOYBEANS,2070000,2100000,452492000,58995000,28.5
1983,NEW JERSEY,34,SOYBEANS,133000,135000,23677000,3059000,23
1983,NORTH CAROLINA,37,SOYBEANS,1650000,1750000,260370000,33000000,20
1983,NORTH DAKOTA,38,SOYBEANS,530000,540000,105465000,14310000,27
1983,OHIO,39,SOYBEANS,3280000,3300000,830234000,104960000,32
1983,OKLAHOMA,40,SOYBEANS,230000,250000,29716000,3910000,17
1983,PENNSYLVANIA,42,SOYBEANS,145000,152000,27144000,3480000,24
1983,SOUTH CAROLINA,45,SOYBEANS,1430000,1480000,183805000,23595000,16.5
1983,SOUTH DAKOTA,46,SOYBEANS,985000,1000000,199949000,26103000,26.5
1983,TENNESSEE,47,SOYBEANS,1970000,2020000,250899000,31520000,16
1983,TEXAS,48,SOYBEANS,420000,460000,70214000,9450000,22.5
1983,VIRGINIA,51,SOYBEANS,610000,650000,76616000,9760000,16
1983,WISCONSIN,55,SOYBEANS,395000,400000,105070000,13825000,35
1983,ALABAMA,1,WHEAT,"460,000","600,000","49,335,000","15,180,000",33
1983,ARIZONA,4,WHEAT,"119,000","135,000","44,477,000","11,094,000",93.2
1983,ARKANSAS,5,WHEAT,"1,500,000","1,700,000","191,295,000","58,500,000",39
1983,CALIFORNIA,6,WHEAT,"680,000","810,000","187,916,000","46,560,000",68.5
1983,COLORADO,8,WHEAT,"3,063,000","3,865,000","395,260,000","122,103,000",39.9
1983,DELAWARE,10,WHEAT,"54,000","55,000","7,181,000","2,106,000",39
1983,GEORGIA,13,WHEAT,"910,000","1,060,000","99,936,000","30,940,000",34
1983,IDAHO,16,WHEAT,"1,305,000","1,500,000","315,014,000","91,710,000",70.3
1983,ILLINOIS,17,WHEAT,"1,400,000","1,550,000","214,452,000","64,400,000",46
1983,INDIANA,18,WHEAT,"970,000","1,100,000","164,240,000","49,470,000",51
1983,IOWA,19,WHEAT,"50,000","75,000","6,460,000","1,900,000",38
1983,KANSAS,20,WHEAT,"10,800,000","13,200,000","1,523,880,000","448,200,000",41.5
1983,KENTUCKY,21,WHEAT,"520,000","740,000","53,841,000","16,120,000",31
1983,LOUISIANA,22,WHEAT,"250,000","430,000","27,000,000","7,500,000",30
1983,MARYLAND,24,WHEAT,"131,000","145,000","18,584,000","5,371,000",41
1983,MICHIGAN,26,WHEAT,"730,000","830,000","121,260,000","35,770,000",49
1983,MINNESOTA,27,WHEAT,"2,140,000","2,340,000","302,138,000","78,960,000",36.9
1983,MISSISSIPPI,28,WHEAT,"600,000","720,000","73,440,000","20,400,000",34
1983,MISSOURI,29,WHEAT,"1,850,000","2,200,000","234,802,000","70,300,000",38
1983,MONTANA,30,WHEAT,"4,455,000","4,810,000","505,238,000","136,930,000",30.7
1983,NEBRASKA,31,WHEAT,"2,300,000","2,800,000","331,315,000","98,900,000",43
1983,NEVADA,32,WHEAT,"18,000","21,000","4,459,000","1,260,000",70
1983,NEW JERSEY,34,WHEAT,"38,000","55,000","5,107,000","1,520,000",40
1983,NEW MEXICO,35,WHEAT,"470,000","750,000","46,069,000","13,630,000",29
1983,NEW YORK,36,WHEAT,"160,000","175,000","24,288,000","7,360,000",46
1983,NORTH CAROLINA,37,WHEAT,"470,000","600,000","48,739,000","15,980,000",34
1983,NORTH DAKOTA,38,WHEAT,"7,205,000","7,370,000","733,097,000","194,130,000",26.9
1983,OHIO,39,WHEAT,"1,200,000","1,300,000","196,980,000","58,800,000",49
1983,OKLAHOMA,40,WHEAT,"4,300,000","7,800,000","508,690,000","150,500,000",35
1983,OREGON,41,WHEAT,"1,085,000","1,170,000","239,331,000","65,570,000",60.4
1983,PENNSYLVANIA,42,WHEAT,"200,000","210,000","27,740,000","7,600,000",38
1983,SOUTH CAROLINA,45,WHEAT,"375,000","440,000","34,125,000","10,500,000",28
1983,SOUTH DAKOTA,46,WHEAT,"2,727,000","3,080,000","323,404,000","89,729,000",32.9
1983,TENNESSEE,47,WHEAT,"600,000","820,000","65,340,000","19,800,000",33
1983,TEXAS,48,WHEAT,"4,600,000","7,750,000","544,180,000","161,000,000",35
1983,UTAH,49,WHEAT,"217,000","250,000","26,535,000","8,027,000",37
1983,VIRGINIA,51,WHEAT,"340,000","410,000","48,552,000","14,280,000",42
1983,WASHINGTON,53,WHEAT,"2,690,000","3,050,000","635,058,000","172,570,000",64.2
1983,WEST VIRGINIA,54,WHEAT,"9,000","11,000","1,304,000","378,000",42
1983,WISCONSIN,55,WHEAT,"128,000","148,000","20,343,000","5,812,000",45.4
1983,WYOMING,56,WHEAT,"271,000","344,000","28,993,000","8,964,000",33.1
1982,ALABAMA,1,CORN,380000,450000,67716000,25080000,66
1982,ARIZONA,4,CORN,18000,30000,7722000,2376000,132
1982,ARKANSAS,5,CORN,30000,40000,7047000,2700000,90
1982,CALIFORNIA,6,CORN,330000,550000,146718000,42900000,130
1982,COLORADO,8,CORN,790000,980000,280253000,101910000,129
1982,CONNECTICUT,9,CORN,,62000,,,
1982,DELAWARE,10,CORN,177000,188000,46038000,18054000,102
1982,FLORIDA,12,CORN,210000,265000,33957000,13860000,66
1982,GEORGIA,13,CORN,815000,900000,179422000,69275000,85
1982,IDAHO,16,CORN,71000,152000,23430000,8520000,120
1982,ILLINOIS,17,CORN,11440000,11700000,3911450000,1498640000,131
1982,INDIANA,18,CORN,6270000,6450000,1903948000,790020000,126
1982,IOWA,19,CORN,13150000,13750000,4244820000,1578000000,120
1982,KANSAS,20,CORN,1220000,1400000,376907000,139080000,114
1982,KENTUCKY,21,CORN,1490000,1680000,391349000,153470000,103
1982,LOUISIANA,22,CORN,40000,55000,8640000,3200000,80
1982,MAINE,23,CORN,,42000,,,
1982,MARYLAND,24,CORN,640000,750000,171392000,65920000,103
1982,MASSACHUSETTS,25,CORN,,46000,,,
1982,MICHIGAN,26,CORN,2740000,3150000,727086000,293180000,107
1982,MINNESOTA,27,CORN,6500000,7300000,1887665000,734500000,113
1982,MISSISSIPPI,28,CORN,90000,150000,15903000,5580000,62
1982,MISSOURI,29,CORN,1970000,2130000,537219000,198970000,101
1982,MONTANA,30,CORN,14000,80000,3290000,1400000,100
1982,NEBRASKA,31,CORN,6800000,7300000,2109360000,748000000,110
1982,NEW HAMPSHIRE,33,CORN,,26000,,,
1982,NEW JERSEY,34,CORN,114000,152000,30438000,11400000,100
1982,NEW MEXICO,35,CORN,65000,90000,23481000,8125000,125
1982,NEW YORK,36,CORN,765000,1410000,207621000,70380000,92
1982,NORTH CAROLINA,37,CORN,1570000,1740000,363706000,155430000,99
1982,NORTH DAKOTA,38,CORN,520000,890000,87693000,35360000,68
1982,OHIO,39,CORN,4000000,4280000,1153680000,456000000,114
1982,OKLAHOMA,40,CORN,45000,80000,13275000,4500000,100
1982,OREGON,41,CORN,39000,70000,18720000,6240000,160
1982,PENNSYLVANIA,42,CORN,1300000,1820000,342992000,126100000,97
1982,RHODE ISLAND,44,CORN,,4000,,,
1982,SOUTH CAROLINA,45,CORN,380000,430000,90288000,33440000,88
1982,SOUTH DAKOTA,46,CORN,2690000,3400000,468706000,193680000,72
1982,TENNESSEE,47,CORN,630000,800000,150255000,56700000,90
1982,TEXAS,48,CORN,1140000,1200000,367479000,119700000,105
1982,UTAH,49,CORN,17000,90000,6219000,2006000,118
1982,VERMONT,50,CORN,,108000,,,
1982,VIRGINIA,51,CORN,620000,835000,156550000,62620000,101
1982,WASHINGTON,53,CORN,160000,220000,72000000,24000000,150
1982,WEST VIRGINIA,54,CORN,80000,120000,19992000,7840000,98
1982,WISCONSIN,55,CORN,3350000,4400000,973242000,361800000,108
1982,WYOMING,56,CORN,49000,92000,13377000,5145000,105
1982,ALABAMA,1,SOYBEANS,2000000,2050000,268000000,50000000,25
1982,ARKANSAS,5,SOYBEANS,4400000,4500000,602976000,105600000,24
1982,DELAWARE,10,SOYBEANS,270000,275000,36612000,6480000,24
1982,FLORIDA,12,SOYBEANS,402000,429000,56963000,10452000,26
1982,GEORGIA,13,SOYBEANS,2350000,2400000,345803000,63450000,27
1982,ILLINOIS,17,SOYBEANS,9200000,9250000,2086238000,354200000,38.5
1982,INDIANA,18,SOYBEANS,4500000,4540000,954608000,173250000,38.5
1982,IOWA,19,SOYBEANS,8400000,8470000,1793610000,306600000,36.5
1982,KANSAS,20,SOYBEANS,1780000,1820000,258242000,46280000,26
1982,KENTUCKY,21,SOYBEANS,1630000,1680000,294720000,51345000,31.5
1982,LOUISIANA,22,SOYBEANS,2900000,3000000,426010000,75400000,26
1982,MARYLAND,24,SOYBEANS,415000,420000,68600000,12035000,29
1982,MICHIGAN,26,SOYBEANS,1140000,1150000,192956000,35340000,31
1982,MINNESOTA,27,SOYBEANS,4830000,4950000,985562000,169050000,35
1982,MISSISSIPPI,28,SOYBEANS,3550000,3700000,529802000,92300000,26
1982,MISSOURI,29,SOYBEANS,5700000,5800000,961020000,171000000,30
1982,NEBRASKA,31,SOYBEANS,2250000,2300000,434700000,78750000,35
1982,NEW JERSEY,34,SOYBEANS,170000,172000,23248000,4250000,25
1982,NORTH CAROLINA,37,SOYBEANS,2100000,2150000,292950000,52500000,25
1982,NORTH DAKOTA,38,SOYBEANS,415000,425000,47235000,8715000,21
1982,OHIO,39,SOYBEANS,3700000,3750000,756576000,133200000,36
1982,OKLAHOMA,40,SOYBEANS,280000,300000,26208000,5040000,18
1982,PENNSYLVANIA,42,SOYBEANS,135000,143000,22808000,4185000,31
1982,SOUTH CAROLINA,45,SOYBEANS,1800000,1850000,227700000,39600000,22
1982,SOUTH DAKOTA,46,SOYBEANS,800000,820000,136152000,24400000,30.5
1982,TENNESSEE,47,SOYBEANS,2300000,2400000,339492000,60950000,26.5
1982,TEXAS,48,SOYBEANS,920000,1000000,124430000,23000000,25
1982,VIRGINIA,51,SOYBEANS,665000,680000,109925000,19285000,29
1982,WISCONSIN,55,SOYBEANS,440000,460000,76793000,13640000,31
1982,ALABAMA,1,WHEAT,"725,000","850,000","69,600,000","23,200,000",32
1982,ARIZONA,4,WHEAT,"143,000","145,000","44,674,000","12,407,000",86.8
1982,ARKANSAS,5,WHEAT,"1,900,000","2,000,000","231,040,000","72,200,000",38
1982,CALIFORNIA,6,WHEAT,"1,075,000","1,150,000","290,062,000","77,175,000",71.8
1982,COLORADO,8,WHEAT,"2,958,000","3,350,000","284,547,000","84,984,000",28.7
1982,DELAWARE,10,WHEAT,"58,000","59,000","6,960,000","2,320,000",40
1982,GEORGIA,13,WHEAT,"1,370,000","1,470,000","137,438,000","45,210,000",33
1982,IDAHO,16,WHEAT,"1,510,000","1,600,000","352,914,000","94,770,000",62.8
1982,ILLINOIS,17,WHEAT,"1,500,000","1,600,000","208,575,000","67,500,000",45
1982,INDIANA,18,WHEAT,"1,030,000","1,150,000","134,971,000","43,260,000",42
1982,IOWA,19,WHEAT,"100,000","115,000","9,900,000","3,000,000",30
1982,KANSAS,20,WHEAT,"13,100,000","14,100,000","1,563,485,000","458,500,000",35
1982,KENTUCKY,21,WHEAT,"620,000","750,000","74,921,000","23,560,000",38
1982,LOUISIANA,22,WHEAT,"500,000","550,000","60,800,000","19,000,000",38
1982,MARYLAND,24,WHEAT,"136,000","145,000","17,707,000","5,712,000",42
1982,MICHIGAN,26,WHEAT,"560,000","650,000","75,998,000","22,960,000",41
1982,MINNESOTA,27,WHEAT,"3,184,000","3,240,000","456,463,000","126,809,000",39.8
1982,MISSISSIPPI,28,WHEAT,"950,000","1,100,000","108,300,000","36,100,000",38
1982,MISSOURI,29,WHEAT,"2,200,000","2,500,000","219,164,000","74,800,000",34
1982,MONTANA,30,WHEAT,"5,360,000","5,750,000","639,544,000","180,320,000",33.6
1982,NEBRASKA,31,WHEAT,"2,900,000","3,050,000","340,025,000","101,500,000",35
1982,NEVADA,32,WHEAT,"29,000","32,000","6,672,000","1,890,000",65.2
1982,NEW JERSEY,34,WHEAT,"45,000","60,000","5,598,000","1,800,000",40
1982,NEW MEXICO,35,WHEAT,"510,000","730,000","43,223,000","12,750,000",25
1982,NEW YORK,36,WHEAT,"125,000","145,000","17,945,000","5,438,000",43.5
1982,NORTH CAROLINA,37,WHEAT,"650,000","700,000","70,200,000","23,400,000",36
1982,NORTH DAKOTA,38,WHEAT,"10,300,000","10,525,000","1,129,246,000","324,835,000",31.5
1982,OHIO,39,WHEAT,"1,200,000","1,430,000","162,540,000","51,600,000",43
1982,OKLAHOMA,40,WHEAT,"6,900,000","8,000,000","787,842,000","227,700,000",33
1982,OREGON,41,WHEAT,"1,200,000","1,260,000","254,635,000","63,500,000",52.9
1982,PENNSYLVANIA,42,WHEAT,"228,000","235,000","26,676,000","8,208,000",36
1982,SOUTH CAROLINA,45,WHEAT,"550,000","580,000","57,420,000","19,800,000",36
1982,SOUTH DAKOTA,46,WHEAT,"3,595,000","3,900,000","341,758,000","98,530,000",27.4
1982,TENNESSEE,47,WHEAT,"830,000","980,000","89,640,000","29,880,000",36
1982,TEXAS,48,WHEAT,"6,000,000","8,200,000","492,480,000","144,000,000",24
1982,UTAH,49,WHEAT,"266,000","275,000","30,760,000","9,273,000",34.9
1982,VIRGINIA,51,WHEAT,"350,000","400,000","40,565,000","13,300,000",38
1982,WASHINGTON,53,WHEAT,"2,840,000","2,990,000","556,908,000","138,880,000",48.9
1982,WEST VIRGINIA,54,WHEAT,"9,000","11,000","1,055,000","315,000",35
1982,WISCONSIN,55,WHEAT,"122,000","130,000","17,348,000","5,596,000",45.9
1982,WYOMING,56,WHEAT,"309,000","325,000","29,165,000","8,985,000",29.1
1981,ALABAMA,1,CORN,530000,600000,78705000,29150000,55
1981,ARIZONA,4,CORN,30000,45000,11895000,3900000,130
1981,ARKANSAS,5,CORN,49000,65000,8982000,3185000,65
1981,CALIFORNIA,6,CORN,275000,470000,119763000,35750000,130
1981,COLORADO,8,CORN,770000,960000,261954000,103950000,135
1981,CONNECTICUT,9,CORN,,64000,,,
1981,DELAWARE,10,CORN,181000,196000,40770000,15385000,85
1981,FLORIDA,12,CORN,327000,444000,53121000,18639000,57
1981,GEORGIA,13,CORN,1380000,1600000,195960000,69000000,50
1981,IDAHO,16,CORN,65000,147000,24294000,7475000,115
1981,ILLINOIS,17,CORN,11320000,11600000,3608590000,1426320000,126
1981,INDIANA,18,CORN,6000000,6250000,1600560000,648000000,108
1981,IOWA,19,CORN,13850000,14400000,4172313000,1731250000,125
1981,KANSAS,20,CORN,1175000,1350000,381969000,148050000,126
1981,KENTUCKY,21,CORN,1490000,1680000,375271000,146020000,98
1981,LOUISIANA,22,CORN,33000,45000,7673000,2475000,75
1981,MAINE,23,CORN,,42000,,,
1981,MARYLAND,24,CORN,680000,775000,187272000,69360000,102
1981,MASSACHUSETTS,25,CORN,,46000,,,
1981,MICHIGAN,26,CORN,2800000,3200000,642432000,268800000,96
1981,MINNESOTA,27,CORN,6770000,7700000,1735151000,744700000,110
1981,MISSISSIPPI,28,CORN,115000,180000,20608000,6440000,56
1981,MISSOURI,29,CORN,1940000,2100000,514798000,207580000,107
1981,MONTANA,30,CORN,10000,86000,2788000,850000,85
1981,NEBRASKA,31,CORN,6880000,7400000,1985912000,791200000,115
1981,NEW HAMPSHIRE,33,CORN,,28000,,,
1981,NEW JERSEY,34,CORN,130000,170000,33591000,12870000,99
1981,NEW MEXICO,35,CORN,65000,85000,23629000,8320000,128
1981,NEW YORK,36,CORN,830000,1460000,206869000,77190000,93
1981,NORTH CAROLINA,37,CORN,1830000,2000000,377639000,140910000,77
1981,NORTH DAKOTA,38,CORN,513000,900000,99312000,41553000,81
1981,OHIO,39,CORN,3750000,4100000,892800000,360000000,96
1981,OKLAHOMA,40,CORN,50000,100000,13455000,4500000,90
1981,OREGON,41,CORN,22000,53000,9059000,2970000,135
1981,PENNSYLVANIA,42,CORN,1400000,1870000,360192000,134400000,96
1981,RHODE ISLAND,44,CORN,,5000,,,
1981,SOUTH CAROLINA,45,CORN,570000,645000,85956000,33060000,58
1981,SOUTH DAKOTA,46,CORN,2580000,3400000,415380000,180600000,70
1981,TENNESSEE,47,CORN,640000,770000,145152000,53760000,84
1981,TEXAS,48,CORN,1090000,1150000,367286000,127530000,117
1981,UTAH,49,CORN,15000,90000,5561000,1650000,110
1981,VERMONT,50,CORN,,110000,,,
1981,VIRGINIA,51,CORN,625000,820000,151875000,56250000,90
1981,WASHINGTON,53,CORN,114000,163000,45201000,14820000,130
1981,WEST VIRGINIA,54,CORN,84000,125000,20402000,7728000,92
1981,WISCONSIN,55,CORN,3500000,4520000,903420000,378000000,108
1981,WYOMING,56,CORN,46000,88000,12701000,5060000,110
1981,ALABAMA,1,SOYBEANS,2020000,2050000,282477000,46460000,23
1981,ARKANSAS,5,SOYBEANS,4500000,4550000,611820000,99000000,22
1981,DELAWARE,10,SOYBEANS,255000,260000,43031000,6885000,27
1981,FLORIDA,12,SOYBEANS,410000,423000,61008000,9840000,24
1981,GEORGIA,13,SOYBEANS,2200000,2300000,254562000,41800000,19
1981,ILLINOIS,17,SOYBEANS,9150000,9250000,2138355000,347700000,38
1981,INDIANA,18,SOYBEANS,4600000,4650000,924462000,151800000,33
1981,IOWA,19,SOYBEANS,8050000,8100000,1912680000,322000000,40
1981,KANSAS,20,SOYBEANS,1510000,1540000,264099000,45300000,30
1981,KENTUCKY,21,SOYBEANS,1650000,1700000,302891000,47850000,29
1981,LOUISIANA,22,SOYBEANS,3030000,3110000,405323000,63630000,21
1981,MARYLAND,24,SOYBEANS,355000,360000,64409000,10473000,29.5
1981,MICHIGAN,26,SOYBEANS,1040000,1050000,188448000,31200000,30
1981,MINNESOTA,27,SOYBEANS,4350000,4460000,817104000,139200000,32
1981,MISSISSIPPI,28,SOYBEANS,3700000,3800000,484071000,77700000,21
1981,MISSOURI,29,SOYBEANS,5000000,5120000,907500000,150000000,30
1981,NEBRASKA,31,SOYBEANS,2070000,2150000,455441000,78660000,38
1981,NEW JERSEY,34,SOYBEANS,168000,170000,29037000,4872000,29
1981,NORTH CAROLINA,37,SOYBEANS,1850000,1920000,283513000,46250000,25
1981,NORTH DAKOTA,38,SOYBEANS,245000,250000,39102000,6860000,28
1981,OHIO,39,SOYBEANS,3450000,3500000,608632000,98325000,28.5
1981,OKLAHOMA,40,SOYBEANS,270000,280000,36936000,6480000,24
1981,PENNSYLVANIA,42,SOYBEANS,130000,135000,24180000,4030000,31
1981,SOUTH CAROLINA,45,SOYBEANS,1550000,1600000,191270000,31000000,20
1981,SOUTH DAKOTA,46,SOYBEANS,770000,780000,127504000,22330000,29
1981,TENNESSEE,47,SOYBEANS,2350000,2450000,356025000,58750000,25
1981,TEXAS,48,SOYBEANS,480000,560000,60192000,10560000,22
1981,VIRGINIA,51,SOYBEANS,635000,645000,108458000,17780000,28
1981,WISCONSIN,55,SOYBEANS,375000,380000,73631000,12375000,33
1981,ALABAMA,1,WHEAT,"565,000","650,000","82,038,000","24,860,000",44
1981,ARIZONA,4,WHEAT,"258,000","261,000","100,765,000","21,844,000",84.7
1981,ARKANSAS,5,WHEAT,"1,650,000","1,750,000","238,128,000","67,650,000",41
1981,CALIFORNIA,6,WHEAT,"1,345,000","1,420,000","449,347,000","105,545,000",78.5
1981,COLORADO,8,WHEAT,"3,108,000","3,511,000","314,758,000","87,877,000",28.3
1981,DELAWARE,10,WHEAT,"48,000","50,000","6,144,000","1,920,000",40
1981,GEORGIA,13,WHEAT,"1,070,000","1,150,000","152,753,000","46,010,000",43
1981,IDAHO,16,WHEAT,"1,510,000","1,590,000","327,196,000","89,780,000",59.5
1981,ILLINOIS,17,WHEAT,"1,950,000","2,000,000","332,475,000","97,500,000",50
1981,INDIANA,18,WHEAT,"1,300,000","1,350,000","208,104,000","59,800,000",46
1981,IOWA,19,WHEAT,"125,000","131,000","18,038,000","4,875,000",39
1981,KANSAS,20,WHEAT,"12,100,000","13,900,000","1,146,800,000","302,500,000",25
1981,KENTUCKY,21,WHEAT,"680,000","810,000","98,532,000","28,560,000",42
1981,LOUISIANA,22,WHEAT,"275,000","310,000","42,735,000","11,550,000",42
1981,MARYLAND,24,WHEAT,"137,000","140,000","18,255,000","5,617,000",41
1981,MICHIGAN,26,WHEAT,"830,000","840,000","144,005,000","41,500,000",50
1981,MINNESOTA,27,WHEAT,"3,510,000","3,570,000","527,945,000","140,025,000",39.9
1981,MISSISSIPPI,28,WHEAT,"600,000","650,000","78,000,000","24,000,000",40
1981,MISSOURI,29,WHEAT,"2,750,000","3,200,000","385,770,000","115,500,000",42
1981,MONTANA,30,WHEAT,"5,820,000","6,040,000","639,708,000","172,830,000",29.7
1981,NEBRASKA,31,WHEAT,"2,900,000","3,000,000","384,192,000","104,400,000",36
1981,NEVADA,32,WHEAT,"31,000","34,000","6,290,000","1,850,000",59.7
1981,NEW JERSEY,34,WHEAT,"56,000","64,000","7,691,000","2,352,000",42
1981,NEW MEXICO,35,WHEAT,"500,000","700,000","40,370,000","11,000,000",22
1981,NEW YORK,36,WHEAT,"160,000","170,000","22,528,000","7,040,000",44
1981,NORTH CAROLINA,37,WHEAT,"550,000","600,000","72,930,000","21,450,000",39
1981,NORTH DAKOTA,38,WHEAT,"11,570,000","11,825,000","1,173,026,000","328,260,000",28.4
1981,OHIO,39,WHEAT,"1,600,000","1,640,000","249,920,000","70,400,000",44
1981,OKLAHOMA,40,WHEAT,"6,400,000","7,700,000","663,552,000","172,800,000",27
1981,OREGON,41,WHEAT,"1,260,000","1,300,000","286,914,000","74,330,000",59
1981,PENNSYLVANIA,42,WHEAT,"240,000","250,000","30,240,000","8,640,000",36
1981,SOUTH CAROLINA,45,WHEAT,"410,000","430,000","46,638,000","14,350,000",35
1981,SOUTH DAKOTA,46,WHEAT,"3,820,000","4,060,000","320,016,000","88,970,000",23.3
1981,TENNESSEE,47,WHEAT,"850,000","1,025,000","130,900,000","37,400,000",44
1981,TEXAS,48,WHEAT,"6,550,000","7,800,000","669,410,000","183,400,000",28
1981,UTAH,49,WHEAT,"265,000","282,000","34,732,000","9,340,000",35.2
1981,VIRGINIA,51,WHEAT,"390,000","420,000","57,314,000","17,160,000",44
1981,WASHINGTON,53,WHEAT,"3,050,000","3,180,000","666,666,000","168,350,000",55.2
1981,WEST VIRGINIA,54,WHEAT,"9,000","11,000","1,183,000","324,000",36
1981,WISCONSIN,55,WHEAT,"121,000","130,000","19,313,000","5,518,000",45.6
1981,WYOMING,56,WHEAT,"279,000","307,000","28,161,000","8,280,000",29.7
1980,ALABAMA,1,CORN,423000,540000,54821000,15228000,36
1980,ARIZONA,4,CORN,35000,50000,13650000,3500000,100
1980,ARKANSAS,5,CORN,37000,60000,3605000,1036000,28
1980,CALIFORNIA,6,CORN,270000,450000,147623000,36450000,135
1980,COLORADO,8,CORN,760000,970000,273524000,89680000,118
1980,CONNECTICUT,9,CORN,,61000,,,
1980,DELAWARE,10,CORN,177000,190000,46898000,12744000,72
1980,FLORIDA,12,CORN,328000,407000,54645000,16072000,49
1980,GEORGIA,13,CORN,1300000,1600000,188370000,54600000,42
1980,IDAHO,16,CORN,50000,146000,17588000,5250000,105
1980,ILLINOIS,17,CORN,11440000,11700000,3340709000,1063920000,93
1980,INDIANA,18,CORN,6280000,6450000,1905101000,602880000,96
1980,IOWA,19,CORN,13300000,14000000,4345110000,1463000000,110
1980,KANSAS,20,CORN,1180000,1700000,368254000,110920000,94
1980,KENTUCKY,21,CORN,1480000,1650000,347060000,103600000,70
1980,LOUISIANA,22,CORN,30000,50000,4830000,1380000,46
1980,MAINE,23,CORN,,45000,,,
1980,MARYLAND,24,CORN,640000,750000,168653000,46080000,72
1980,MASSACHUSETTS,25,CORN,,45000,,,
1980,MICHIGAN,26,CORN,2560000,2950000,741760000,243200000,95
1980,MINNESOTA,27,CORN,6290000,7250000,1738871000,610130000,97
1980,MISSISSIPPI,28,CORN,88000,170000,8131000,2464000,28
1980,MISSOURI,29,CORN,2070000,2600000,357655000,109710000,53
1980,MONTANA,30,CORN,8000,85000,2131000,592000,74
1980,NEBRASKA,31,CORN,7100000,7800000,1834640000,603500000,85
1980,NEW HAMPSHIRE,33,CORN,,30000,,,
1980,NEW JERSEY,34,CORN,118000,158000,31772000,8850000,75
1980,NEW MEXICO,35,CORN,75000,105000,24300000,6750000,90
1980,NEW YORK,36,CORN,730000,1350000,232863000,67890000,93
1980,NORTH CAROLINA,37,CORN,1730000,1900000,350844000,103800000,60
1980,NORTH DAKOTA,38,CORN,290000,700000,48273000,16820000,58
1980,OHIO,39,CORN,3900000,4150000,1379391000,440700000,113
1980,OKLAHOMA,40,CORN,75000,125000,18638000,5250000,70
1980,OREGON,41,CORN,13000,47000,5434000,1430000,110
1980,PENNSYLVANIA,42,CORN,1280000,1800000,347520000,96000000,75
1980,RHODE ISLAND,44,CORN,,5000,,,
1980,SOUTH CAROLINA,45,CORN,515000,585000,77126000,24720000,48
1980,SOUTH DAKOTA,46,CORN,2300000,3480000,346196000,121900000,53
1980,TENNESSEE,47,CORN,640000,810000,102746000,29440000,46
1980,TEXAS,48,CORN,1300000,1500000,402480000,117000000,90
1980,UTAH,49,CORN,15000,100000,5625000,1500000,100
1980,VERMONT,50,CORN,,109000,,,
1980,VIRGINIA,51,CORN,595000,830000,113883000,32725000,55
1980,WASHINGTON,53,CORN,88000,145000,42240000,11000000,125
1980,WEST VIRGINIA,54,CORN,64000,108000,18797000,5696000,89
1980,WISCONSIN,55,CORN,3350000,4200000,1031264000,348400000,104
1980,WYOMING,56,CORN,37000,87000,11126000,3589000,97
1980,ALABAMA,1,SOYBEANS,2100000,2200000,240345000,31500000,15
1980,ARKANSAS,5,SOYBEANS,4350000,4800000,516128000,65250000,15
1980,DELAWARE,10,SOYBEANS,260000,265000,41600000,5200000,20
1980,FLORIDA,12,SOYBEANS,460000,475000,79948000,10120000,22
1980,GEORGIA,13,SOYBEANS,1950000,2200000,178542000,23400000,12
1980,ILLINOIS,17,SOYBEANS,9350000,9400000,2386775000,313225000,33.5
1980,INDIANA,18,SOYBEANS,4380000,4400000,1198368000,157680000,36
1980,IOWA,19,SOYBEANS,8270000,8300000,2368859000,318395000,38.5
1980,KANSAS,20,SOYBEANS,1450000,1550000,181352000,23925000,16.5
1980,KENTUCKY,21,SOYBEANS,1600000,1650000,279000000,36000000,22.5
1980,LOUISIANA,22,SOYBEANS,3350000,3450000,527290000,67000000,20
1980,MARYLAND,24,SOYBEANS,390000,400000,74599000,9360000,24
1980,MICHIGAN,26,SOYBEANS,970000,980000,239755000,32010000,33
1980,MINNESOTA,27,SOYBEANS,4760000,4800000,1097561000,149940000,31.5
1980,MISSISSIPPI,28,SOYBEANS,3850000,4000000,482944000,61600000,16
1980,MISSOURI,29,SOYBEANS,5530000,5700000,1035105000,135485000,24.5
1980,NEBRASKA,31,SOYBEANS,1770000,1830000,384975000,53100000,30
1980,NEW JERSEY,34,SOYBEANS,194000,200000,27133000,3492000,18
1980,NEW YORK,36,SOYBEANS,19000,20000,3156000,456000,24
1980,NORTH CAROLINA,37,SOYBEANS,1930000,2030000,272014000,34740000,18
1980,NORTH DAKOTA,38,SOYBEANS,200000,210000,24640000,3500000,17.5
1980,OHIO,39,SOYBEANS,3760000,3800000,1040918000,135360000,36
1980,OKLAHOMA,40,SOYBEANS,300000,350000,22020000,3000000,10
1980,PENNSYLVANIA,42,SOYBEANS,130000,135000,24365000,3185000,24.5
1980,SOUTH CAROLINA,45,SOYBEANS,1600000,1700000,163280000,20800000,13
1980,SOUTH DAKOTA,46,SOYBEANS,770000,780000,144144000,20020000,26
1980,TENNESSEE,47,SOYBEANS,2550000,2650000,361692000,45900000,18
1980,TEXAS,48,SOYBEANS,630000,700000,106999000,13860000,22
1980,VIRGINIA,51,SOYBEANS,610000,620000,72468000,9150000,15
1980,WISCONSIN,55,SOYBEANS,330000,335000,80042000,10890000,33
1980,ALABAMA,1,WHEAT,"260,000","325,000","25,526,000","6,630,000",25.5
1980,ARIZONA,4,WHEAT,"215,000","225,000","69,852,000","17,200,000",80
1980,ARKANSAS,5,WHEAT,"865,000","950,000","124,249,000","32,870,000",38
1980,CALIFORNIA,6,WHEAT,"1,150,000","1,235,000","364,941,000","85,500,000",74.3
1980,COLORADO,8,WHEAT,"3,400,000","3,554,000","407,769,000","110,300,000",32.4
1980,DELAWARE,10,WHEAT,"27,000","33,000","4,212,000","1,080,000",40
1980,GEORGIA,13,WHEAT,"600,000","660,000","72,468,000","19,800,000",33
1980,IDAHO,16,WHEAT,"1,550,000","1,635,000","356,888,000","96,030,000",62
1980,ILLINOIS,17,WHEAT,"1,570,000","1,600,000","303,104,000","76,930,000",49
1980,INDIANA,18,WHEAT,"1,100,000","1,150,000","207,515,000","53,900,000",49
1980,IOWA,19,WHEAT,"92,000","100,000","13,460,000","3,496,000",38
1980,KANSAS,20,WHEAT,"12,000,000","13,000,000","1,587,600,000","420,000,000",35
1980,KENTUCKY,21,WHEAT,"350,000","450,000","53,226,000","13,825,000",39.5
1980,LOUISIANA,22,WHEAT,"67,000","100,000","7,129,000","1,876,000",28
1980,MARYLAND,24,WHEAT,"97,000","100,000","14,891,000","3,686,000",38
1980,MICHIGAN,26,WHEAT,"800,000","820,000","126,720,000","35,200,000",44
1980,MINNESOTA,27,WHEAT,"3,169,000","3,615,000","425,486,000","102,556,000",32.4
1980,MISSISSIPPI,28,WHEAT,"300,000","375,000","39,060,000","9,300,000",31
1980,MISSOURI,29,WHEAT,"2,070,000","2,200,000","336,458,000","89,010,000",43
1980,MONTANA,30,WHEAT,"5,100,000","5,970,000","510,962,000","119,800,000",23.5
1980,NEBRASKA,31,WHEAT,"2,850,000","3,000,000","413,706,000","108,300,000",38
1980,NEVADA,32,WHEAT,"29,000","32,000","6,840,000","1,800,000",62.1
1980,NEW JERSEY,34,WHEAT,"43,000","52,000","7,359,000","1,849,000",43
1980,NEW MEXICO,35,WHEAT,"500,000","650,000","39,900,000","10,500,000",21
1980,NEW YORK,36,WHEAT,"150,000","160,000","23,700,000","6,000,000",40
1980,NORTH CAROLINA,37,WHEAT,"400,000","425,000","52,500,000","14,000,000",35
1980,NORTH DAKOTA,38,WHEAT,"9,620,000","11,735,000","810,308,000","179,650,000",18.7
1980,OHIO,39,WHEAT,"1,370,000","1,400,000","273,219,000","67,130,000",49
1980,OKLAHOMA,40,WHEAT,"6,500,000","7,500,000","756,600,000","195,000,000",30
1980,OREGON,41,WHEAT,"1,350,000","1,410,000","313,470,000","77,400,000",57.3
1980,PENNSYLVANIA,42,WHEAT,"250,000","260,000","37,925,000","9,250,000",37
1980,SOUTH CAROLINA,45,WHEAT,"192,000","205,000","25,436,000","6,912,000",36
1980,SOUTH DAKOTA,46,WHEAT,"3,245,000","4,050,000","269,910,000","62,425,000",19.2
1980,TENNESSEE,47,WHEAT,"490,000","600,000","70,756,000","18,620,000",38
1980,TEXAS,48,WHEAT,"5,200,000","6,800,000","486,200,000","130,000,000",25
1980,UTAH,49,WHEAT,"272,000","292,000","35,105,000","8,942,000",32.9
1980,VIRGINIA,51,WHEAT,"286,000","317,000","40,952,000","10,582,000",37
1980,WASHINGTON,53,WHEAT,"3,160,000","3,320,000","650,493,000","160,220,000",50.7
1980,WEST VIRGINIA,54,WHEAT,"10,000","12,000","1,520,000","380,000",38
1980,WISCONSIN,55,WHEAT,"111,000","119,000","16,805,000","4,365,000",39.3
1980,WYOMING,56,WHEAT,"315,000","352,000","32,810,000","8,620,000",27.4
1979,ALABAMA,1,CORN,502000,570000,90335000,30622000,61
1979,ARIZONA,4,CORN,45000,60000,16250000,5175000,115
1979,ARKANSAS,5,CORN,35000,50000,5481000,2030000,58
1979,CALIFORNIA,6,CORN,260000,430000,99169000,30420000,117
1979,COLORADO,8,CORN,760000,1015000,244196000,96520000,127
1979,CONNECTICUT,9,CORN,,57000,,,
1979,DELAWARE,10,CORN,159000,172000,47032000,16218000,102
1979,FLORIDA,12,CORN,339000,401000,51206000,17967000,53
1979,GEORGIA,13,CORN,1550000,1670000,288145000,100750000,65
1979,IDAHO,16,CORN,50000,143000,12760000,4400000,88
1979,ILLINOIS,17,CORN,11050000,11300000,3606610000,1403350000,127
1979,INDIANA,18,CORN,6030000,6250000,1722168000,675360000,112
1979,IOWA,19,CORN,13100000,13750000,4026154000,1663700000,127
1979,KANSAS,20,CORN,1470000,1750000,431695000,171990000,117
1979,KENTUCKY,21,CORN,1300000,1440000,360672000,132600000,102
1979,LOUISIANA,22,CORN,41000,57000,6199000,2214000,54
1979,MAINE,23,CORN,,45000,,,
1979,MARYLAND,24,CORN,595000,697000,167290000,58905000,99
1979,MASSACHUSETTS,25,CORN,,44000,,,
1979,MICHIGAN,26,CORN,2500000,2900000,584250000,237500000,95
1979,MINNESOTA,27,CORN,6060000,6900000,1369560000,606000000,100
1979,MISSISSIPPI,28,CORN,110000,190000,17732000,5720000,52
1979,MISSOURI,29,CORN,2330000,2500000,583176000,239990000,103
1979,MONTANA,30,CORN,10000,85000,1833000,770000,77
1979,NEBRASKA,31,CORN,7150000,7600000,1989845000,822250000,115
1979,NEW HAMPSHIRE,33,CORN,,27000,,,
1979,NEW JERSEY,34,CORN,95000,137000,24710000,8550000,90
1979,NEW MEXICO,35,CORN,74000,106000,23705000,8436000,114
1979,NEW YORK,36,CORN,650000,1300000,162058000,59800000,92
1979,NORTH CAROLINA,37,CORN,1690000,1850000,364770000,128440000,76
1979,NORTH DAKOTA,38,CORN,313000,590000,50668000,23788000,76
1979,OHIO,39,CORN,3630000,3850000,1089545000,417450000,115
1979,OKLAHOMA,40,CORN,75000,125000,22275000,8250000,110
1979,OREGON,41,CORN,12000,47000,3843000,1260000,105
1979,PENNSYLVANIA,42,CORN,1280000,1725000,361152000,121600000,95
1979,RHODE ISLAND,44,CORN,,4000,,,
1979,SOUTH CAROLINA,45,CORN,509000,570000,118088000,40720000,80
1979,SOUTH DAKOTA,46,CORN,2850000,3440000,436563000,210900000,74
1979,TENNESSEE,47,CORN,620000,750000,150195000,52700000,85
1979,TEXAS,48,CORN,1260000,1400000,373086000,132300000,105
1979,UTAH,49,CORN,16000,96000,4437000,1504000,94
1979,VERMONT,50,CORN,,108000,,,
1979,VIRGINIA,51,CORN,615000,810000,144457000,51045000,83
1979,WASHINGTON,53,CORN,97000,148000,34958000,11931000,123
1979,WEST VIRGINIA,54,CORN,59000,98000,13338000,5251000,89
1979,WISCONSIN,55,CORN,3080000,4050000,770893000,317240000,103
1979,WYOMING,56,CORN,29000,87000,6156000,2523000,87
1979,ALABAMA,1,SOYBEANS,2150000,2200000,330563000,53750000,25
1979,ARKANSAS,5,SOYBEANS,5150000,5200000,928648000,144200000,28
1979,DELAWARE,10,SOYBEANS,275000,280000,52305000,8250000,30
1979,FLORIDA,12,SOYBEANS,453000,460000,86704000,13137000,29
1979,GEORGIA,13,SOYBEANS,1950000,2000000,347256000,54600000,28
1979,ILLINOIS,17,SOYBEANS,9620000,9700000,2423663000,375180000,39
1979,INDIANA,18,SOYBEANS,4420000,4500000,1005638000,159120000,36
1979,IOWA,19,SOYBEANS,8170000,8200000,1890334000,306375000,37.5
1979,KANSAS,20,SOYBEANS,1560000,1580000,246800000,41340000,26.5
1979,KENTUCKY,21,SOYBEANS,1660000,1720000,346359000,53950000,32.5
1979,LOUISIANA,22,SOYBEANS,3350000,3400000,602196000,93800000,28
1979,MARYLAND,24,SOYBEANS,405000,410000,76424000,12150000,30
1979,MICHIGAN,26,SOYBEANS,1010000,1020000,185739000,30300000,30
1979,MINNESOTA,27,SOYBEANS,5080000,5150000,978611000,162560000,32
1979,MISSISSIPPI,28,SOYBEANS,4100000,4200000,757393000,118900000,29
1979,MISSOURI,29,SOYBEANS,5830000,5900000,1142272000,183645000,31.5
1979,NEBRASKA,31,SOYBEANS,1610000,1630000,325703000,54740000,34
1979,NEW JERSEY,34,SOYBEANS,203000,205000,37758000,6090000,30
1979,NEW YORK,36,SOYBEANS,25000,26000,3868000,650000,26
1979,NORTH CAROLINA,37,SOYBEANS,1950000,2000000,295571000,45825000,23.5
1979,NORTH DAKOTA,38,SOYBEANS,206000,210000,32260000,5562000,27
1979,OHIO,39,SOYBEANS,4080000,4100000,916837000,144840000,35.5
1979,OKLAHOMA,40,SOYBEANS,360000,390000,48852000,8280000,23
1979,PENNSYLVANIA,42,SOYBEANS,125000,130000,24000000,4000000,32
1979,SOUTH CAROLINA,45,SOYBEANS,1660000,1700000,259358000,39840000,24
1979,SOUTH DAKOTA,46,SOYBEANS,685000,700000,134500000,22605000,33
1979,TENNESSEE,47,SOYBEANS,2620000,2700000,449199000,70740000,27
1979,TEXAS,48,SOYBEANS,805000,860000,125999000,20930000,26
1979,VIRGINIA,51,SOYBEANS,536000,540000,96239000,15276000,28.5
1979,WISCONSIN,55,SOYBEANS,295000,300000,60180000,10030000,34
1979,ALABAMA,1,WHEAT,"145,000","220,000","14,703,000","3,770,000",26
1979,ARIZONA,4,WHEAT,"125,000","135,000","34,961,000","9,540,000",76.3
1979,ARKANSAS,5,WHEAT,"420,000","530,000","54,537,000","14,700,000",35
1979,CALIFORNIA,6,WHEAT,"800,000","840,000","227,543,000","56,450,000",70.6
1979,COLORADO,8,WHEAT,"2,641,000","3,245,000","247,786,000","70,224,000",26.6
1979,DELAWARE,10,WHEAT,"21,000","22,000","2,999,000","714,000",34
1979,GEORGIA,13,WHEAT,"175,000","210,000","22,969,000","6,125,000",35
1979,IDAHO,16,WHEAT,"1,470,000","1,615,000","261,522,000","74,140,000",50.4
1979,ILLINOIS,17,WHEAT,"1,250,000","1,310,000","213,388,000","53,750,000",43
1979,INDIANA,18,WHEAT,"945,000","1,000,000","176,772,000","44,415,000",47
1979,IOWA,19,WHEAT,"60,000","70,000","7,326,000","2,220,000",37
1979,KANSAS,20,WHEAT,"10,800,000","12,100,000","1,526,688,000","410,400,000",38
1979,KENTUCKY,21,WHEAT,"290,000","380,000","44,080,000","11,020,000",38
1979,LOUISIANA,22,WHEAT,"26,000","38,000","2,839,000","728,000",28
1979,MARYLAND,24,WHEAT,"90,000","97,000","13,720,000","3,330,000",37
1979,MICHIGAN,26,WHEAT,"735,000","750,000","120,731,000","31,605,000",43
1979,MINNESOTA,27,WHEAT,"2,578,000","2,640,000","342,269,000","90,384,000",35.1
1979,MISSISSIPPI,28,WHEAT,"115,000","160,000","15,088,000","3,680,000",32
1979,MISSOURI,29,WHEAT,"1,600,000","1,780,000","267,520,000","70,400,000",44
1979,MONTANA,30,WHEAT,"5,125,000","5,985,000","424,236,000","116,475,000",22.7
1979,NEBRASKA,31,WHEAT,"2,550,000","3,000,000","319,056,000","86,700,000",34
1979,NEVADA,32,WHEAT,"24,000","26,000","5,796,000","1,420,000",59.2
1979,NEW JERSEY,34,WHEAT,"41,000","51,000","5,904,000","1,476,000",36
1979,NEW MEXICO,35,WHEAT,"410,000","576,000","35,629,000","9,020,000",22
1979,NEW YORK,36,WHEAT,"160,000","170,000","24,731,000","6,560,000",41
1979,NORTH CAROLINA,37,WHEAT,"210,000","235,000","27,972,000","7,560,000",36
1979,NORTH DAKOTA,38,WHEAT,"9,600,000","9,900,000","977,403,000","252,235,000",26.3
1979,OHIO,39,WHEAT,"1,320,000","1,350,000","258,509,000","63,360,000",48
1979,OKLAHOMA,40,WHEAT,"5,700,000","7,000,000","849,072,000","216,600,000",38
1979,OREGON,41,WHEAT,"1,245,000","1,450,000","218,924,000","57,310,000",46
1979,PENNSYLVANIA,42,WHEAT,"235,000","245,000","30,888,000","7,285,000",31
1979,SOUTH CAROLINA,45,WHEAT,"100,000","110,000","12,870,000","3,300,000",33
1979,SOUTH DAKOTA,46,WHEAT,"2,805,000","3,455,000","223,603,000","60,060,000",21.4
1979,TENNESSEE,47,WHEAT,"250,000","340,000","32,300,000","8,500,000",34
1979,TEXAS,48,WHEAT,"4,600,000","5,800,000","532,680,000","138,000,000",30
1979,UTAH,49,WHEAT,"282,000","314,000","26,939,000","7,448,000",26.4
1979,VIRGINIA,51,WHEAT,"180,000","215,000","25,830,000","6,300,000",35
1979,WASHINGTON,53,WHEAT,"2,980,000","3,650,000","464,920,000","118,000,000",39.6
1979,WEST VIRGINIA,54,WHEAT,"10,000","12,000","1,360,000","340,000",34
1979,WISCONSIN,55,WHEAT,"54,000","57,000","8,000,000","2,162,000",40
1979,WYOMING,56,WHEAT,"287,000","341,000","22,533,000","6,354,000",22.1
1978,ALABAMA,1,CORN,544000,640000,63920000,27200000,50
1978,ARIZONA,4,CORN,50000,70000,14375000,5750000,115
1978,ARKANSAS,5,CORN,30000,40000,4320000,1800000,60
1978,CALIFORNIA,6,CORN,281000,420000,101969000,35406000,126
1978,COLORADO,8,CORN,730000,1015000,181478000,80300000,110
1978,CONNECTICUT,9,CORN,,56000,,,
1978,DELAWARE,10,CORN,157000,169000,35118000,15072000,96
1978,FLORIDA,12,CORN,342000,405000,37346000,17784000,52
1978,GEORGIA,13,CORN,1500000,1700000,184500000,75000000,50
1978,IDAHO,16,CORN,58000,144000,11858000,5046000,87
1978,ILLINOIS,17,CORN,11170000,11450000,2851701000,1239870000,111
1978,INDIANA,18,CORN,6200000,6400000,1493208000,669600000,108
1978,IOWA,19,CORN,12850000,13600000,3206718000,1477750000,115
1978,KANSAS,20,CORN,1500000,1820000,359550000,153000000,102
1978,KENTUCKY,21,CORN,1410000,1580000,287640000,119850000,85
1978,LOUISIANA,22,CORN,47000,65000,6655000,2773000,59
1978,MAINE,23,CORN,,47000,,,
1978,MARYLAND,24,CORN,590000,697000,136207000,57230000,97
1978,MASSACHUSETTS,25,CORN,,45000,,,
1978,MICHIGAN,26,CORN,2400000,2850000,431568000,194400000,81
1978,MINNESOTA,27,CORN,6190000,7000000,1339021000,643760000,104
1978,MISSISSIPPI,28,CORN,135000,215000,20034000,7560000,56
1978,MISSOURI,29,CORN,2300000,2500000,452226000,200100000,87
1978,MONTANA,30,CORN,10000,88000,1606000,720000,72
1978,NEBRASKA,31,CORN,6750000,7250000,1693305000,762750000,113
1978,NEW HAMPSHIRE,33,CORN,,27000,,,
1978,NEW JERSEY,34,CORN,103000,143000,22964000,9373000,91
1978,NEW MEXICO,35,CORN,72000,105000,18240000,7632000,106
1978,NEW YORK,36,CORN,600000,1300000,125904000,51600000,86
1978,NORTH CAROLINA,37,CORN,1600000,1760000,291840000,121600000,76
1978,NORTH DAKOTA,38,CORN,300000,600000,48822000,23700000,79
1978,OHIO,39,CORN,3610000,3870000,864234000,379050000,105
1978,OKLAHOMA,40,CORN,65000,120000,10478000,4225000,65
1978,OREGON,41,CORN,13000,45000,3580000,1326000,102
1978,PENNSYLVANIA,42,CORN,1220000,1665000,310612000,115900000,95
1978,RHODE ISLAND,44,CORN,,4000,,,
1978,SOUTH CAROLINA,45,CORN,550000,635000,76808000,31350000,57
1978,SOUTH DAKOTA,46,CORN,2650000,3350000,339121000,177550000,67
1978,TENNESSEE,47,CORN,660000,820000,109296000,45540000,69
1978,TEXAS,48,CORN,1440000,1600000,352800000,144000000,100
1978,UTAH,49,CORN,16000,92000,3816000,1440000,90
1978,VERMONT,50,CORN,,109000,,,
1978,VIRGINIA,51,CORN,630000,865000,122882000,52290000,83
1978,WASHINGTON,53,CORN,65000,119000,19562000,7410000,114
1978,WEST VIRGINIA,54,CORN,58000,93000,10049000,4466000,77
1978,WISCONSIN,55,CORN,3000000,4000000,629160000,294000000,98
1978,WYOMING,56,CORN,34000,87000,6197000,2754000,81
1978,ALABAMA,1,SOYBEANS,1850000,1900000,249806000,38850000,21
1978,ARKANSAS,5,SOYBEANS,4700000,4750000,773808000,115150000,24.5
1978,DELAWARE,10,SOYBEANS,260000,265000,49990000,7540000,29
1978,FLORIDA,12,SOYBEANS,410000,420000,69700000,10250000,25
1978,GEORGIA,13,SOYBEANS,1680000,1750000,187866000,29400000,17.5
1978,ILLINOIS,17,SOYBEANS,9240000,9300000,2089395000,309540000,33.5
1978,INDIANA,18,SOYBEANS,4180000,4200000,963323000,144210000,34.5
1978,IOWA,19,SOYBEANS,7550000,7600000,1879950000,283125000,37.5
1978,KANSAS,20,SOYBEANS,1490000,1520000,178085000,26820000,18
1978,KENTUCKY,21,SOYBEANS,1360000,1400000,278256000,40800000,30
1978,LOUISIANA,22,SOYBEANS,3040000,3100000,497040000,76000000,25
1978,MARYLAND,24,SOYBEANS,380000,385000,80621000,12160000,32
1978,MICHIGAN,26,SOYBEANS,900000,910000,147096000,21600000,24
1978,MINNESOTA,27,SOYBEANS,4060000,4100000,952963000,146160000,36
1978,MISSISSIPPI,28,SOYBEANS,3800000,3900000,541671000,81700000,21.5
1978,MISSOURI,29,SOYBEANS,5440000,5500000,1037218000,155040000,28.5
1978,NEBRASKA,31,SOYBEANS,1250000,1270000,276250000,42500000,34
1978,NEW JERSEY,34,SOYBEANS,191000,195000,40263000,5921000,31
1978,NEW YORK,36,SOYBEANS,24000,25000,3511000,552000,23
1978,NORTH CAROLINA,37,SOYBEANS,1680000,1750000,264902000,40320000,24
1978,NORTH DAKOTA,38,SOYBEANS,173000,175000,32117000,4758000,27.5
1978,OHIO,39,SOYBEANS,3870000,3900000,867151000,127710000,33
1978,OKLAHOMA,40,SOYBEANS,340000,370000,32385000,5100000,15
1978,PENNSYLVANIA,42,SOYBEANS,80000,83000,16632000,2520000,31.5
1978,SOUTH CAROLINA,45,SOYBEANS,1470000,1510000,222176000,32340000,22
1978,SOUTH DAKOTA,46,SOYBEANS,390000,400000,74701000,11895000,30.5
1978,TENNESSEE,47,SOYBEANS,2420000,2530000,382735000,56870000,23.5
1978,TEXAS,48,SOYBEANS,745000,800000,124381000,19743000,26.5
1978,VIRGINIA,51,SOYBEANS,475000,480000,91105000,13300000,28
1978,WISCONSIN,55,SOYBEANS,215000,220000,44582000,6880000,32
1978,ALABAMA,1,WHEAT,"90,000","180,000","7,020,000","2,340,000",26
1978,ARIZONA,4,WHEAT,"138,000","145,000","28,356,000","9,660,000",70
1978,ARKANSAS,5,WHEAT,"300,000","400,000","30,969,000","11,100,000",37
1978,CALIFORNIA,6,WHEAT,"665,000","715,000","136,959,000","42,725,000",64.2
1978,COLORADO,8,WHEAT,"2,523,000","3,038,000","166,304,000","59,283,000",23.5
1978,DELAWARE,10,WHEAT,"17,000","24,000","1,767,000","595,000",35
1978,FLORIDA,12,WHEAT,"12,000","17,000","1,296,000","432,000",36
1978,GEORGIA,13,WHEAT,"120,000","160,000","11,328,000","3,840,000",32
1978,IDAHO,16,WHEAT,"1,370,000","1,435,000","235,154,000","75,370,000",55
1978,ILLINOIS,17,WHEAT,"880,000","1,000,000","101,323,000","33,440,000",38
1978,INDIANA,18,WHEAT,"740,000","820,000","87,734,000","28,860,000",39
1978,IOWA,19,WHEAT,"45,000","60,000","3,767,000","1,395,000",31
1978,KANSAS,20,WHEAT,"10,000,000","11,300,000","867,000,000","300,000,000",30
1978,KENTUCKY,21,WHEAT,"180,000","260,000","20,412,000","6,480,000",36
1978,LOUISIANA,22,WHEAT,"15,000","29,000","1,647,000","540,000",36
1978,MARYLAND,24,WHEAT,"80,000","90,000","8,880,000","2,960,000",37
1978,MICHIGAN,26,WHEAT,"410,000","430,000","54,120,000","16,400,000",40
1978,MINNESOTA,27,WHEAT,"2,776,000","2,850,000","275,551,000","93,225,000",33.6
1978,MISSISSIPPI,28,WHEAT,"65,000","100,000","5,944,000","2,015,000",31
1978,MISSOURI,29,WHEAT,"840,000","960,000","83,966,000","28,560,000",34
1978,MONTANA,30,WHEAT,"4,840,000","5,100,000","402,081,000","146,050,000",30.2
1978,NEBRASKA,31,WHEAT,"2,550,000","2,900,000","227,664,000","81,600,000",32
1978,NEVADA,32,WHEAT,"22,000","24,000","4,454,000","1,310,000",59.5
1978,NEW JERSEY,34,WHEAT,"25,000","36,000","2,745,000","900,000",36
1978,NEW MEXICO,35,WHEAT,"336,000","559,000","17,237,000","6,048,000",18
1978,NEW YORK,36,WHEAT,"75,000","86,000","8,794,000","2,625,000",35
1978,NORTH CAROLINA,37,WHEAT,"180,000","220,000","16,929,000","5,940,000",33
1978,NORTH DAKOTA,38,WHEAT,"9,585,000","9,760,000","813,154,000","286,065,000",29.8
1978,OHIO,39,WHEAT,"1,080,000","1,150,000","135,626,000","42,120,000",39
1978,OKLAHOMA,40,WHEAT,"5,400,000","7,000,000","441,774,000","145,800,000",27
1978,OREGON,41,WHEAT,"1,225,000","1,285,000","182,257,000","51,925,000",42.4
1978,PENNSYLVANIA,42,WHEAT,"215,000","225,000","23,768,000","7,095,000",33
1978,SOUTH CAROLINA,45,WHEAT,"65,000","80,000","6,435,000","2,145,000",33
1978,SOUTH DAKOTA,46,WHEAT,"3,090,000","3,575,000","185,174,000","66,000,000",21.4
1978,TENNESSEE,47,WHEAT,"180,000","260,000","18,270,000","6,300,000",35
1978,TEXAS,48,WHEAT,"2,700,000","5,700,000","158,220,000","54,000,000",20
1978,UTAH,49,WHEAT,"270,000","310,000","24,158,000","8,103,000",30
1978,VIRGINIA,51,WHEAT,"133,000","176,000","14,198,000","4,655,000",35
1978,WASHINGTON,53,WHEAT,"2,910,000","3,120,000","442,152,000","128,160,000",44
1978,WEST VIRGINIA,54,WHEAT,"9,000","11,000","891,000","297,000",33
1978,WISCONSIN,55,WHEAT,"45,000","48,000","4,368,000","1,560,000",34.7
1978,WYOMING,56,WHEAT,"294,000","351,000","20,788,000","7,606,000",25.9
1977,ALABAMA,1,CORN,375000,840000,22838000,10875000,29
1977,ARIZONA,4,CORN,50000,65000,11000000,5000000,100
1977,ARKANSAS,5,CORN,43000,55000,4900000,2279000,53
1977,CALIFORNIA,6,CORN,247000,430000,68765000,28652000,116
1977,COLORADO,8,CORN,695000,970000,156403000,80620000,116
1977,CONNECTICUT,9,CORN,,54000,,,
1977,DELAWARE,10,CORN,173000,190000,20539000,9688000,56
1977,FLORIDA,12,CORN,299000,623000,16744000,10465000,35
1977,GEORGIA,13,CORN,1000000,2240000,49680000,24000000,24
1977,IDAHO,16,CORN,40000,132000,7740000,3440000,86
1977,ILLINOIS,17,CORN,11280000,11550000,2475396000,1184400000,105
1977,INDIANA,18,CORN,6210000,6400000,1247837000,633420000,102
1977,IOWA,19,CORN,12700000,13800000,2173478000,1092200000,86
1977,KANSAS,20,CORN,1680000,2030000,320947000,161280000,96
1977,KENTUCKY,21,CORN,1470000,1650000,289737000,132300000,90
1977,LOUISIANA,22,CORN,65000,86000,6760000,3380000,52
1977,MAINE,23,CORN,,45000,,,
1977,MARYLAND,24,CORN,600000,730000,90288000,43200000,72
1977,MASSACHUSETTS,25,CORN,,44000,,,
1977,MICHIGAN,26,CORN,2490000,3000000,406368000,211650000,85
1977,MINNESOTA,27,CORN,6000000,6900000,1140000000,600000000,100
1977,MISSISSIPPI,28,CORN,160000,250000,11520000,5760000,36
1977,MISSOURI,29,CORN,2650000,2900000,412870000,201400000,76
1977,MONTANA,30,CORN,11000,90000,1698000,748000,68
1977,NEBRASKA,31,CORN,6550000,7150000,1277447000,648450000,99
1977,NEVADA,32,CORN,,3000,,,
1977,NEW HAMPSHIRE,33,CORN,,26000,,,
1977,NEW JERSEY,34,CORN,99000,149000,14207000,6930000,70
1977,NEW MEXICO,35,CORN,114000,135000,21546000,10260000,90
1977,NEW YORK,36,CORN,640000,1375000,122496000,55680000,87
1977,NORTH CAROLINA,37,CORN,1740000,2000000,178367000,88740000,51
1977,NORTH DAKOTA,38,CORN,260000,620000,37391000,18980000,73
1977,OHIO,39,CORN,3620000,3900000,764001000,380100000,105
1977,OKLAHOMA,40,CORN,95000,140000,16749000,7790000,82
1977,OREGON,41,CORN,12000,45000,2793000,1140000,95
1977,PENNSYLVANIA,42,CORN,1210000,1665000,258262000,111320000,92
1977,RHODE ISLAND,44,CORN,,4000,,,
1977,SOUTH CAROLINA,45,CORN,690000,825000,51398000,26910000,39
1977,SOUTH DAKOTA,46,CORN,2150000,3000000,232136000,126850000,59
1977,TENNESSEE,47,CORN,730000,900000,104244000,49640000,68
1977,TEXAS,48,CORN,1650000,1800000,349272000,161700000,98
1977,UTAH,49,CORN,13000,80000,2835000,1157000,89
1977,VERMONT,50,CORN,,105000,,,
1977,VIRGINIA,51,CORN,605000,915000,69878000,33275000,55
1977,WASHINGTON,53,CORN,64000,128000,17898000,7616000,119
1977,WEST VIRGINIA,54,CORN,54000,100000,8192000,3996000,74
1977,WISCONSIN,55,CORN,3050000,4100000,637572000,317200000,104
1977,WYOMING,56,CORN,30000,89000,5228000,2550000,85
1977,ALABAMA,1,SOYBEANS,1500000,1550000,178920000,31500000,21
1977,ARKANSAS,5,SOYBEANS,4600000,4650000,650670000,105800000,23
1977,DELAWARE,10,SOYBEANS,235000,240000,31584000,5640000,24
1977,FLORIDA,12,SOYBEANS,327000,334000,49050000,8175000,25
1977,GEORGIA,13,SOYBEANS,1090000,1250000,134288000,21800000,20
1977,ILLINOIS,17,SOYBEANS,8850000,8900000,2021163000,336300000,38
1977,INDIANA,18,SOYBEANS,3900000,3930000,806637000,144300000,37
1977,IOWA,19,SOYBEANS,7080000,7100000,1487933000,251340000,35.5
1977,KANSAS,20,SOYBEANS,990000,1020000,155183000,28215000,28.5
1977,KENTUCKY,21,SOYBEANS,1320000,1350000,252886000,40920000,31
1977,LOUISIANA,22,SOYBEANS,2780000,2850000,377607000,65330000,23.5
1977,MARYLAND,24,SOYBEANS,350000,355000,52637000,9450000,27
1977,MICHIGAN,26,SOYBEANS,770000,780000,132240000,23870000,31
1977,MINNESOTA,27,SOYBEANS,3770000,3800000,789627000,133835000,35.5
1977,MISSISSIPPI,28,SOYBEANS,3650000,3750000,484976000,78475000,21.5
1977,MISSOURI,29,SOYBEANS,4650000,4730000,854112000,148800000,32
1977,NEBRASKA,31,SOYBEANS,1130000,1150000,233503000,40680000,36
1977,NEW JERSEY,34,SOYBEANS,177000,185000,24001000,4248000,24
1977,NEW YORK,36,SOYBEANS,21000,23000,2743000,483000,23
1977,NORTH CAROLINA,37,SOYBEANS,1320000,1450000,170848000,28380000,21.5
1977,NORTH DAKOTA,38,SOYBEANS,175000,180000,20405000,3500000,20
1977,OHIO,39,SOYBEANS,3480000,3500000,708876000,121800000,35
1977,OKLAHOMA,40,SOYBEANS,350000,370000,43068000,8050000,23
1977,PENNSYLVANIA,42,SOYBEANS,88000,91000,15004000,2728000,31
1977,SOUTH CAROLINA,45,SOYBEANS,1300000,1350000,161233000,26650000,20.5
1977,SOUTH DAKOTA,46,SOYBEANS,315000,320000,54093000,9608000,30.5
1977,TENNESSEE,47,SOYBEANS,2220000,2320000,296326000,52170000,23.5
1977,TEXAS,48,SOYBEANS,760000,800000,107749000,20140000,26.5
1977,VIRGINIA,51,SOYBEANS,440000,450000,49324000,8360000,19
1977,WISCONSIN,55,SOYBEANS,192000,200000,36691000,6720000,35
1977,ALABAMA,1,WHEAT,"110,000","170,000","6,314,000","3,080,000",28
1977,ARIZONA,4,WHEAT,"140,000","147,000","26,946,000","10,080,000",72
1977,ARKANSAS,5,WHEAT,"660,000","825,000","53,797,000","25,740,000",39
1977,CALIFORNIA,6,WHEAT,"660,000","890,000","115,552,000","42,548,000",64.5
1977,COLORADO,8,WHEAT,"2,576,000","3,030,000","121,888,000","57,374,000",22.3
1977,DELAWARE,10,WHEAT,"29,000","37,000","1,853,000","870,000",30
1977,FLORIDA,12,WHEAT,"13,000","19,000","829,000","377,000",29
1977,GEORGIA,13,WHEAT,"100,000","135,000","7,425,000","3,300,000",33
1977,IDAHO,16,WHEAT,"1,340,000","1,530,000","152,616,000","57,900,000",43.2
1977,ILLINOIS,17,WHEAT,"1,570,000","1,650,000","138,396,000","67,510,000",43
1977,INDIANA,18,WHEAT,"1,240,000","1,350,000","114,948,000","55,800,000",45
1977,IOWA,19,WHEAT,"109,000","130,000","8,510,000","4,033,000",37
1977,KANSAS,20,WHEAT,"12,100,000","13,200,000","772,464,000","344,850,000",28.5
1977,KENTUCKY,21,WHEAT,"274,000","380,000","21,290,000","10,138,000",37
1977,LOUISIANA,22,WHEAT,"38,000","51,000","2,713,000","1,292,000",34
1977,MARYLAND,24,WHEAT,"99,000","117,000","7,591,000","3,564,000",36
1977,MICHIGAN,26,WHEAT,"825,000","870,000","66,660,000","33,000,000",40
1977,MINNESOTA,27,WHEAT,"3,327,000","3,425,000","326,320,000","131,894,000",39.6
1977,MISSISSIPPI,28,WHEAT,"105,000","140,000","7,140,000","3,570,000",34
1977,MISSOURI,29,WHEAT,"1,850,000","2,100,000","148,629,000","72,150,000",39
1977,MONTANA,30,WHEAT,"5,060,000","5,400,000","309,287,000","130,920,000",25.9
1977,NEBRASKA,31,WHEAT,"2,950,000","3,300,000","229,215,000","103,250,000",35
1977,NEVADA,32,WHEAT,"26,000","28,000","3,786,000","1,440,000",55.4
1977,NEW JERSEY,34,WHEAT,"38,000","55,000","2,533,000","1,178,000",31
1977,NEW MEXICO,35,WHEAT,"425,000","576,000","19,273,000","9,137,000",21.5
1977,NEW YORK,36,WHEAT,"175,000","190,000","13,377,000","6,825,000",39
1977,NORTH CAROLINA,37,WHEAT,"200,000","235,000","13,200,000","6,000,000",30
1977,NORTH DAKOTA,38,WHEAT,"9,254,000","9,960,000","567,367,000","229,907,000",24.8
1977,OHIO,39,WHEAT,"1,540,000","1,580,000","158,512,000","72,380,000",47
1977,OKLAHOMA,40,WHEAT,"6,500,000","7,800,000","407,160,000","175,500,000",27
1977,OREGON,41,WHEAT,"1,230,000","1,308,000","131,908,000","47,620,000",38.7
1977,PENNSYLVANIA,42,WHEAT,"245,000","260,000","19,404,000","8,085,000",33
1977,SOUTH CAROLINA,45,WHEAT,"85,000","96,000","5,177,000","2,465,000",29
1977,SOUTH DAKOTA,46,WHEAT,"3,016,000","3,655,000","175,852,000","71,964,000",23.9
1977,TENNESSEE,47,WHEAT,"280,000","373,000","22,680,000","10,080,000",36
1977,TEXAS,48,WHEAT,"4,700,000","6,300,000","252,625,000","117,500,000",25
1977,UTAH,49,WHEAT,"245,000","285,000","13,766,000","5,665,000",23.1
1977,VIRGINIA,51,WHEAT,"201,000","245,000","13,397,000","6,231,000",31
1977,WASHINGTON,53,WHEAT,"2,985,000","3,120,000","284,667,000","101,305,000",33.9
1977,WEST VIRGINIA,54,WHEAT,"10,000","12,000","682,000","310,000",31
1977,WISCONSIN,55,WHEAT,"75,000","83,000","6,086,000","3,075,000",41
1977,WYOMING,56,WHEAT,"281,000","353,000","12,077,000","5,620,000",20
1976,ALABAMA,1,CORN,800000,880000,117600000,48000000,60
1976,ARIZONA,4,CORN,28000,42000,4368000,1680000,60
1976,ARKANSAS,5,CORN,45000,55000,6300000,2520000,56
1976,CALIFORNIA,6,CORN,290000,480000,87406000,31900000,110
1976,COLORADO,8,CORN,630000,895000,136874000,64260000,102
1976,CONNECTICUT,9,CORN,,53000,,,
1976,DELAWARE,10,CORN,195000,209000,42900000,17160000,88
1976,FLORIDA,12,CORN,480000,542000,74880000,28800000,60
1976,GEORGIA,13,CORN,2160000,2300000,309355000,133920000,62
1976,IDAHO,16,CORN,41000,135000,8016000,3485000,85
1976,ILLINOIS,17,CORN,11590000,11900000,2653878000,1240130000,107
1976,INDIANA,18,CORN,6300000,6500000,1455300000,693000000,110
1976,IOWA,19,CORN,12900000,13950000,2406495000,1173900000,91
1976,KANSAS,20,CORN,1790000,2150000,364301000,171840000,96
1976,KENTUCKY,21,CORN,1360000,1540000,307958000,138720000,102
1976,LOUISIANA,22,CORN,71000,90000,12652000,4686000,66
1976,MAINE,23,CORN,,43000,,,
1976,MARYLAND,24,CORN,630000,740000,144320000,57960000,92
1976,MASSACHUSETTS,25,CORN,,43000,,,
1976,MICHIGAN,26,CORN,2340000,2800000,329378000,161460000,69
1976,MINNESOTA,27,CORN,5600000,7200000,670712000,330400000,59
1976,MISSISSIPPI,28,CORN,172000,240000,20938000,8084000,47
1976,MISSOURI,29,CORN,2850000,3200000,394640000,173850000,61
1976,MONTANA,30,CORN,11000,86000,2021000,825000,75
1976,NEBRASKA,31,CORN,6100000,6850000,1068110000,518500000,85
1976,NEVADA,32,CORN,,3000,,,
1976,NEW HAMPSHIRE,33,CORN,,24000,,,
1976,NEW JERSEY,34,CORN,115000,161000,23538000,9890000,86
1976,NEW MEXICO,35,CORN,96000,125000,22579000,10080000,105
1976,NEW YORK,36,CORN,573000,1260000,112319000,46413000,81
1976,NORTH CAROLINA,37,CORN,1880000,2050000,357952000,150400000,80
1976,NORTH DAKOTA,38,CORN,204000,510000,17870000,8160000,40
1976,OHIO,39,CORN,3820000,4100000,826266000,393460000,103
1976,OKLAHOMA,40,CORN,106000,145000,23060000,10070000,95
1976,OREGON,41,CORN,10000,45000,2613000,950000,95
1976,PENNSYLVANIA,42,CORN,1180000,1630000,251694000,106200000,90
1976,RHODE ISLAND,44,CORN,,4000,,,
1976,SOUTH CAROLINA,45,CORN,667000,750000,122261000,52026000,78
1976,SOUTH DAKOTA,46,CORN,1200000,3200000,81096000,37200000,31
1976,TENNESSEE,47,CORN,715000,890000,152438000,58630000,82
1976,TEXAS,48,CORN,1550000,1700000,433380000,186000000,120
1976,UTAH,49,CORN,15000,100000,3443000,1350000,90
1976,VERMONT,50,CORN,,101000,,,
1976,VIRGINIA,51,CORN,645000,875000,124769000,50310000,78
1976,WASHINGTON,53,CORN,44000,107000,12712000,4708000,107
1976,WEST VIRGINIA,54,CORN,61000,104000,13420000,5368000,88
1976,WISCONSIN,55,CORN,2220000,3700000,320035000,150960000,68
1976,WYOMING,56,CORN,22000,81000,4287000,1914000,87
1976,ALABAMA,1,SOYBEANS,1170000,1200000,180835000,28080000,24
1976,ARKANSAS,5,SOYBEANS,4320000,4360000,533520000,82080000,19
1976,DELAWARE,10,SOYBEANS,205000,208000,31537000,4920000,24
1976,FLORIDA,12,SOYBEANS,253000,259000,46046000,6578000,26
1976,GEORGIA,13,SOYBEANS,870000,890000,131666000,20445000,23.5
1976,ILLINOIS,17,SOYBEANS,7560000,7600000,1758834000,249480000,33
1976,INDIANA,18,SOYBEANS,3280000,3300000,747184000,111520000,34
1976,IOWA,19,SOYBEANS,6450000,6470000,1409648000,199950000,31
1976,KANSAS,20,SOYBEANS,865000,900000,84597000,12975000,15
1976,KENTUCKY,21,SOYBEANS,1070000,1100000,194719000,28890000,27
1976,LOUISIANA,22,SOYBEANS,2250000,2280000,403830000,63000000,28
1976,MARYLAND,24,SOYBEANS,295000,300000,48380000,7375000,25
1976,MICHIGAN,26,SOYBEANS,565000,570000,83629000,11583000,20.5
1976,MINNESOTA,27,SOYBEANS,3020000,3050000,479697000,66440000,22
1976,MISSISSIPPI,28,SOYBEANS,3250000,3335000,459030000,71500000,22
1976,MISSOURI,29,SOYBEANS,4200000,4300000,558600000,84000000,20
1976,NEBRASKA,31,SOYBEANS,980000,995000,127008000,19600000,20
1976,NEW JERSEY,34,SOYBEANS,148000,150000,23621000,3552000,24
1976,NEW YORK,36,SOYBEANS,15000,15000,2535000,390000,26
1976,NORTH CAROLINA,37,SOYBEANS,1120000,1220000,163856000,24640000,22
1976,NORTH DAKOTA,38,SOYBEANS,147000,150000,13417000,1838000,12.5
1976,OHIO,39,SOYBEANS,2880000,2900000,664330000,95040000,33
1976,OKLAHOMA,40,SOYBEANS,270000,280000,38313000,5940000,22
1976,PENNSYLVANIA,42,SOYBEANS,60000,62000,11049000,1740000,29
1976,SOUTH CAROLINA,45,SOYBEANS,1190000,1230000,146084000,21420000,18
1976,SOUTH DAKOTA,46,SOYBEANS,271000,280000,30729000,4607000,17
1976,TENNESSEE,47,SOYBEANS,1800000,1920000,268515000,40500000,22.5
1976,TEXAS,48,SOYBEANS,347000,375000,55034000,9022000,26
1976,VIRGINIA,51,SOYBEANS,398000,410000,57113000,8159000,20.5
1976,WISCONSIN,55,SOYBEANS,152000,160000,22405000,3344000,22
1976,ALABAMA,1,WHEAT,"105,000","175,000","9,072,000","2,835,000",27
1976,ARIZONA,4,WHEAT,"431,000","440,000","126,497,000","32,325,000",75
1976,ARKANSAS,5,WHEAT,"630,000","710,000","77,150,000","24,570,000",39
1976,CALIFORNIA,6,WHEAT,"940,000","1,150,000","210,518,000","59,720,000",63.5
1976,COLORADO,8,WHEAT,"2,440,000","3,150,000","126,284,000","53,440,000",21.9
1976,DELAWARE,10,WHEAT,"32,000","35,000","3,517,000","1,120,000",35
1976,FLORIDA,12,WHEAT,"14,000","19,000","1,260,000","420,000",30
1976,GEORGIA,13,WHEAT,"115,000","150,000","10,838,000","3,565,000",31
1976,IDAHO,16,WHEAT,"1,525,000","1,680,000","178,913,000","72,850,000",47.8
1976,ILLINOIS,17,WHEAT,"1,850,000","1,900,000","217,893,000","72,150,000",39
1976,INDIANA,18,WHEAT,"1,500,000","1,550,000","158,220,000","54,000,000",36
1976,IOWA,19,WHEAT,"130,000","145,000","13,377,000","4,550,000",35
1976,KANSAS,20,WHEAT,"11,300,000","12,900,000","878,010,000","339,000,000",30
1976,KENTUCKY,21,WHEAT,"330,000","450,000","30,179,000","10,230,000",31
1976,LOUISIANA,22,WHEAT,"32,000","49,000","3,485,000","1,056,000",33
1976,MARYLAND,24,WHEAT,"112,000","125,000","13,279,000","4,256,000",38
1976,MICHIGAN,26,WHEAT,"870,000","880,000","83,642,000","33,060,000",38
1976,MINNESOTA,27,WHEAT,"4,056,000","4,155,000","357,693,000","130,482,000",32.2
1976,MISSISSIPPI,28,WHEAT,"120,000","150,000","10,788,000","3,480,000",29
1976,MISSOURI,29,WHEAT,"1,840,000","2,120,000","178,517,000","60,720,000",33
1976,MONTANA,30,WHEAT,"5,415,000","5,580,000","406,774,000","167,295,000",30.9
1976,NEBRASKA,31,WHEAT,"2,950,000","3,400,000","224,672,000","94,400,000",32
1976,NEVADA,32,WHEAT,"31,000","34,000","4,813,000","1,677,000",54.1
1976,NEW JERSEY,34,WHEAT,"50,000","57,000","6,027,000","2,100,000",42
1976,NEW MEXICO,35,WHEAT,"262,000","528,000","17,018,000","6,825,000",26
1976,NEW YORK,36,WHEAT,"175,000","185,000","17,756,000","6,650,000",38
1976,NORTH CAROLINA,37,WHEAT,"240,000","275,000","20,880,000","6,960,000",29
1976,NORTH DAKOTA,38,WHEAT,"11,655,000","11,930,000","748,932,000","287,830,000",24.7
1976,OHIO,39,WHEAT,"1,600,000","1,700,000","184,320,000","64,000,000",40
1976,OKLAHOMA,40,WHEAT,"6,300,000","7,800,000","420,336,000","151,200,000",24
1976,OREGON,41,WHEAT,"1,333,000","1,370,000","168,240,000","60,301,000",45.2
1976,PENNSYLVANIA,42,WHEAT,"275,000","290,000","24,750,000","8,250,000",30
1976,SOUTH CAROLINA,45,WHEAT,"125,000","138,000","9,913,000","3,250,000",26
1976,SOUTH DAKOTA,46,WHEAT,"2,990,000","3,950,000","108,569,000","39,520,000",13.2
1976,TENNESSEE,47,WHEAT,"300,000","365,000","33,855,000","11,100,000",37
1976,TEXAS,48,WHEAT,"4,700,000","6,500,000","314,336,000","103,400,000",22
1976,UTAH,49,WHEAT,"280,000","319,000","17,709,000","6,918,000",24.7
1976,VIRGINIA,51,WHEAT,"240,000","275,000","23,270,000","7,680,000",32
1976,WASHINGTON,53,WHEAT,"3,200,000","3,285,000","394,697,000","144,050,000",45
1976,WEST VIRGINIA,54,WHEAT,"11,000","13,000","1,056,000","352,000",32
1976,WISCONSIN,55,WHEAT,"93,000","98,000","8,939,000","3,238,000",34.8
1976,WYOMING,56,WHEAT,"330,000","370,000","18,261,000","7,955,000",24.1
1975,ALABAMA,1,CORN,660000,750000,91410000,33000000,50
1975,ARIZONA,4,CORN,12000,22000,1267000,396000,33
1975,ARKANSAS,5,CORN,38000,50000,5035000,1900000,50
1975,CALIFORNIA,6,CORN,254000,418000,87488000,27686000,109
1975,COLORADO,8,CORN,560000,810000,134982000,51520000,92
1975,CONNECTICUT,9,CORN,,53000,,,
1975,DELAWARE,10,CORN,170000,184000,40820000,15640000,92
1975,FLORIDA,12,CORN,375000,441000,45563000,16875000,45
1975,GEORGIA,13,CORN,1880000,2020000,278146000,103400000,55
1975,IDAHO,16,CORN,33000,125000,7669000,2739000,83
1975,ILLINOIS,17,CORN,10810000,11100000,3210138000,1253960000,116
1975,INDIANA,18,CORN,5630000,5850000,1368315000,551740000,98
1975,IOWA,19,CORN,12420000,13350000,2794500000,1117800000,90
1975,KANSAS,20,CORN,1640000,1950000,352600000,141040000,86
1975,KENTUCKY,21,CORN,1140000,1330000,225595000,87780000,77
1975,LOUISIANA,22,CORN,45000,60000,6750000,2250000,50
1975,MAINE,23,CORN,,43000,,,
1975,MARYLAND,24,CORN,550000,655000,132572000,50600000,92
1975,MASSACHUSETTS,25,CORN,,39000,,,
1975,MICHIGAN,26,CORN,2200000,2650000,413600000,176000000,80
1975,MINNESOTA,27,CORN,5820000,7000000,1018500000,407400000,70
1975,MISSISSIPPI,28,CORN,145000,195000,17003000,5945000,41
1975,MISSOURI,29,CORN,2700000,3000000,440559000,170100000,63
1975,MONTANA,30,CORN,10000,86000,2029000,730000,73
1975,NEBRASKA,31,CORN,5920000,6500000,1247936000,503200000,85
1975,NEVADA,32,CORN,,3000,,,
1975,NEW HAMPSHIRE,33,CORN,,23000,,,
1975,NEW JERSEY,34,CORN,90000,138000,19173000,7290000,81
1975,NEW MEXICO,35,CORN,75000,100000,19650000,7500000,100
1975,NEW YORK,36,CORN,545000,1230000,121857000,47415000,87
1975,NORTH CAROLINA,37,CORN,1590000,1750000,286566000,106530000,67
1975,NORTH DAKOTA,38,CORN,140000,500000,17993000,7140000,51
1975,OHIO,39,CORN,3340000,3600000,776550000,310620000,93
1975,OKLAHOMA,40,CORN,91000,128000,19146000,7280000,80
1975,OREGON,41,CORN,8000,43000,2074000,680000,85
1975,PENNSYLVANIA,42,CORN,1080000,1550000,230256000,88560000,82
1975,RHODE ISLAND,44,CORN,,4000,,,
1975,SOUTH CAROLINA,45,CORN,550000,620000,99484000,37400000,68
1975,SOUTH DAKOTA,46,CORN,2250000,3570000,207293000,83250000,37
1975,TENNESSEE,47,CORN,615000,780000,100737000,36900000,60
1975,TEXAS,48,CORN,1150000,1250000,315077000,118450000,103
1975,UTAH,49,CORN,15000,100000,3870000,1290000,86
1975,VERMONT,50,CORN,,100000,,,
1975,VIRGINIA,51,CORN,565000,772000,133747000,49720000,88
1975,WASHINGTON,53,CORN,34000,92000,10431000,3536000,104
1975,WEST VIRGINIA,54,CORN,65000,104000,14752000,5525000,85
1975,WISCONSIN,55,CORN,2390000,3500000,511795000,198370000,83
1975,WYOMING,56,CORN,20000,81000,4912000,1600000,80
1975,ALABAMA,1,SOYBEANS,1260000,1300000,150646000,30870000,24.5
1975,ARKANSAS,5,SOYBEANS,4700000,4750000,551075000,117500000,25
1975,DELAWARE,10,SOYBEANS,225000,228000,26438000,5625000,25
1975,FLORIDA,12,SOYBEANS,281000,291000,29674000,6744000,24
1975,GEORGIA,13,SOYBEANS,1160000,1190000,137547000,29580000,25.5
1975,ILLINOIS,17,SOYBEANS,8320000,8350000,1530547000,299520000,36
1975,INDIANA,18,SOYBEANS,3630000,3650000,605593000,121605000,33.5
1975,IOWA,19,SOYBEANS,6970000,7000000,1206228000,236980000,34
1975,KANSAS,20,SOYBEANS,1080000,1100000,108184000,22680000,21
1975,KENTUCKY,21,SOYBEANS,1100000,1150000,144639000,29700000,27
1975,LOUISIANA,22,SOYBEANS,1920000,2000000,229920000,48000000,25
1975,MARYLAND,24,SOYBEANS,330000,335000,42874000,9240000,28
1975,MICHIGAN,26,SOYBEANS,610000,615000,75811000,15860000,26
1975,MINNESOTA,27,SOYBEANS,3650000,3700000,494721000,98550000,27
1975,MISSISSIPPI,28,SOYBEANS,3120000,3230000,337662000,70200000,22.5
1975,MISSOURI,29,SOYBEANS,4370000,4450000,549921000,113620000,26
1975,NEBRASKA,31,SOYBEANS,1200000,1220000,155844000,32400000,27
1975,NEW JERSEY,34,SOYBEANS,113000,115000,13456000,2938000,26
1975,NEW YORK,36,SOYBEANS,11000,11000,1262000,297000,27
1975,NORTH CAROLINA,37,SOYBEANS,1420000,1500000,155838000,33370000,23.5
1975,NORTH DAKOTA,38,SOYBEANS,149000,180000,14501000,2906000,19.5
1975,OHIO,39,SOYBEANS,3100000,3120000,511500000,102300000,33
1975,OKLAHOMA,40,SOYBEANS,237000,245000,23150000,5214000,22
1975,PENNSYLVANIA,42,SOYBEANS,52000,54000,6552000,1456000,28
1975,SOUTH CAROLINA,45,SOYBEANS,1380000,1420000,142996000,30360000,22
1975,SOUTH DAKOTA,46,SOYBEANS,342000,345000,42152000,8550000,25
1975,TENNESSEE,47,SOYBEANS,1850000,1950000,213675000,46250000,25
1975,TEXAS,48,SOYBEANS,370000,395000,39868000,9250000,25
1975,VIRGINIA,51,SOYBEANS,460000,480000,54510000,11500000,25
1975,WISCONSIN,55,SOYBEANS,207000,216000,25709000,5279000,25.5
1975,ALABAMA,1,WHEAT,"110,000","155,000","7,867,000","2,640,000",24
1975,ARIZONA,4,WHEAT,"260,000","270,000","57,694,000","18,200,000",70
1975,ARKANSAS,5,WHEAT,"450,000","540,000","38,745,000","13,500,000",30
1975,CALIFORNIA,6,WHEAT,"1,001,000","1,075,000","204,287,000","61,241,000",61.2
1975,COLORADO,8,WHEAT,"2,498,000","3,074,000","183,048,000","56,499,000",22.6
1975,DELAWARE,10,WHEAT,"45,000","47,000","4,361,000","1,530,000",34
1975,FLORIDA,12,WHEAT,"13,000","26,000","1,008,000","325,000",25
1975,GEORGIA,13,WHEAT,"135,000","160,000","10,534,000","3,645,000",27
1975,IDAHO,16,WHEAT,"1,420,000","1,550,000","214,672,000","63,220,000",44.5
1975,ILLINOIS,17,WHEAT,"1,730,000","1,790,000","211,181,000","67,470,000",39
1975,INDIANA,18,WHEAT,"1,400,000","1,450,000","198,352,000","61,600,000",44
1975,IOWA,19,WHEAT,"100,000","106,000","11,764,000","3,400,000",34
1975,KANSAS,20,WHEAT,"12,100,000","12,800,000","1,200,078,000","350,900,000",29
1975,KENTUCKY,21,WHEAT,"320,000","410,000","32,205,000","10,880,000",34
1975,LOUISIANA,22,WHEAT,"20,000","51,000","944,000","320,000",16
1975,MARYLAND,24,WHEAT,"142,000","156,000","13,905,000","4,828,000",34
1975,MICHIGAN,26,WHEAT,"900,000","910,000","110,124,000","34,200,000",38
1975,MINNESOTA,27,WHEAT,"2,867,000","3,143,000","352,571,000","88,368,000",30.8
1975,MISSISSIPPI,28,WHEAT,"122,000","153,000","8,374,000","2,928,000",24
1975,MISSOURI,29,WHEAT,"1,520,000","1,710,000","153,490,000","50,160,000",33
1975,MONTANA,30,WHEAT,"4,975,000","5,130,000","559,668,000","155,925,000",31.3
1975,NEBRASKA,31,WHEAT,"3,070,000","3,200,000","333,034,000","98,240,000",32
1975,NEVADA,32,WHEAT,"31,000","34,000","6,225,000","1,820,000",58.7
1975,NEW JERSEY,34,WHEAT,"58,000","68,000","6,097,000","2,088,000",36
1975,NEW MEXICO,35,WHEAT,"440,000","505,000","40,269,000","11,440,000",26
1975,NEW YORK,36,WHEAT,"205,000","215,000","24,272,000","8,200,000",40
1975,NORTH CAROLINA,37,WHEAT,"275,000","315,000","23,785,000","8,525,000",31
1975,NORTH DAKOTA,38,WHEAT,"10,213,000","10,627,000","1,131,964,000","264,392,000",25.9
1975,OHIO,39,WHEAT,"1,680,000","1,725,000","230,731,000","70,560,000",42
1975,OKLAHOMA,40,WHEAT,"6,700,000","7,400,000","551,544,000","160,800,000",24
1975,OREGON,41,WHEAT,"1,255,000","1,310,000","219,391,000","58,040,000",46.2
1975,PENNSYLVANIA,42,WHEAT,"317,000","330,000","30,331,000","10,144,000",32
1975,SOUTH CAROLINA,45,WHEAT,"130,000","140,000","9,688,000","3,510,000",27
1975,SOUTH DAKOTA,46,WHEAT,"2,965,000","3,200,000","256,815,000","62,610,000",21.1
1975,TENNESSEE,47,WHEAT,"270,000","350,000","24,106,000","8,370,000",31
1975,TEXAS,48,WHEAT,"5,700,000","6,500,000","443,118,000","131,100,000",23
1975,UTAH,49,WHEAT,"288,000","309,000","25,349,000","7,362,000",25.6
1975,VIRGINIA,51,WHEAT,"278,000","314,000","25,078,000","8,618,000",31
1975,WASHINGTON,53,WHEAT,"3,060,000","3,180,000","553,071,000","147,880,000",48.3
1975,WEST VIRGINIA,54,WHEAT,"11,000","13,000","1,102,000","352,000",32
1975,WISCONSIN,55,WHEAT,"93,000","100,000","9,091,000","2,820,000",30.3
1975,WYOMING,56,WHEAT,"332,000","359,000","29,896,000","8,277,000",24.9
1974,ALABAMA,1,CORN,630000,695000,91022000,27090000,43
1974,ARIZONA,4,CORN,10000,21000,1258000,340000,34
1974,ARKANSAS,5,CORN,23000,36000,3380000,1012000,44
1974,CALIFORNIA,6,CORN,225000,398000,89559000,24075000,107
1974,COLORADO,8,CORN,540000,795000,159818000,52920000,98
1974,CONNECTICUT,9,CORN,,52000,,,
1974,DELAWARE,10,CORN,175000,185000,41706000,12600000,72
1974,FLORIDA,12,CORN,376000,429000,59558000,18048000,48
1974,GEORGIA,13,CORN,1880000,2000000,335843000,105280000,56
1974,IDAHO,16,CORN,35000,120000,10535000,3010000,86
1974,ILLINOIS,17,CORN,9900000,10400000,2451636000,811800000,82
1974,INDIANA,18,CORN,5310000,5620000,1174519000,387630000,73
1974,IOWA,19,CORN,12100000,13200000,2874960000,968000000,80
1974,KANSAS,20,CORN,1670000,2160000,397109000,131930000,79
1974,KENTUCKY,21,CORN,1075000,1240000,271502000,88150000,82
1974,LOUISIANA,22,CORN,55000,71000,8712000,2640000,48
1974,MAINE,23,CORN,,44000,,,
1974,MARYLAND,24,CORN,535000,639000,150453000,46010000,86
1974,MASSACHUSETTS,25,CORN,,38000,,,
1974,MICHIGAN,26,CORN,1975000,2520000,344835000,118500000,60
1974,MINNESOTA,27,CORN,5900000,6940000,1068136000,365800000,62
1974,MISSISSIPPI,28,CORN,144000,205000,20546000,5904000,41
1974,MISSOURI,29,CORN,2710000,3110000,460971000,146340000,54
1974,MONTANA,30,CORN,13000,95000,2898000,845000,65
1974,NEBRASKA,31,CORN,5700000,6800000,1165080000,399000000,70
1974,NEVADA,32,CORN,,3000,,,
1974,NEW HAMPSHIRE,33,CORN,,22000,,,
1974,NEW JERSEY,34,CORN,87000,127000,21880000,7221000,83
1974,NEW MEXICO,35,CORN,49000,77000,11583000,3773000,77
1974,NEW YORK,36,CORN,525000,1200000,124079000,40950000,78
1974,NORTH CAROLINA,37,CORN,1570000,1720000,374445000,117750000,75
1974,NORTH DAKOTA,38,CORN,170000,533000,25051000,8160000,48
1974,OHIO,39,CORN,3540000,3850000,801810000,265500000,75
1974,OKLAHOMA,40,CORN,104000,144000,29469000,9152000,88
1974,OREGON,41,CORN,8000,41000,2650000,736000,92
1974,PENNSYLVANIA,42,CORN,1100000,1530000,273537000,89100000,81
1974,RHODE ISLAND,44,CORN,,4000,,,
1974,SOUTH CAROLINA,45,CORN,539000,600000,105935000,33418000,62
1974,SOUTH DAKOTA,46,CORN,2330000,3800000,234515000,76890000,33
1974,TENNESSEE,47,CORN,548000,730000,113321000,33428000,61
1974,TEXAS,48,CORN,880000,1000000,250166000,80960000,92
1974,UTAH,49,CORN,14000,95000,3472000,1120000,80
1974,VERMONT,50,CORN,,97000,,,
1974,VIRGINIA,51,CORN,570000,780000,146832000,45600000,80
1974,WASHINGTON,53,CORN,25000,83000,8786000,2475000,99
1974,WEST VIRGINIA,54,CORN,66000,107000,16503000,5016000,76
1974,WISCONSIN,55,CORN,2270000,3490000,496404000,161170000,71
1974,WYOMING,56,CORN,29000,89000,7083000,2059000,71
1974,ALABAMA,1,SOYBEANS,920000,950000,148332000,21160000,23
1974,ARKANSAS,5,SOYBEANS,4100000,4200000,570720000,82000000,20
1974,DELAWARE,10,SOYBEANS,220000,225000,40841000,5720000,26
1974,FLORIDA,12,SOYBEANS,266000,272000,50487000,6916000,26
1974,GEORGIA,13,SOYBEANS,930000,950000,155849000,22785000,24.5
1974,ILLINOIS,17,SOYBEANS,8440000,8570000,1342002000,206780000,24.5
1974,INDIANA,18,SOYBEANS,3890000,3960000,685613000,97250000,25
1974,IOWA,19,SOYBEANS,7110000,7200000,1266149000,199080000,28
1974,KANSAS,20,SOYBEANS,990000,1030000,125532000,19800000,20
1974,KENTUCKY,21,SOYBEANS,1020000,1050000,170932000,24990000,24.5
1974,LOUISIANA,22,SOYBEANS,1760000,1800000,332077000,46640000,26.5
1974,MARYLAND,24,SOYBEANS,340000,345000,66259000,9520000,28
1974,MICHIGAN,26,SOYBEANS,600000,610000,79128000,12600000,21
1974,MINNESOTA,27,SOYBEANS,3860000,3900000,531599000,84920000,22
1974,MISSISSIPPI,28,SOYBEANS,2400000,2500000,324792000,46800000,19.5
1974,MISSOURI,29,SOYBEANS,4250000,4350000,597593000,91375000,21.5
1974,NEBRASKA,31,SOYBEANS,1150000,1170000,175249000,28175000,24.5
1974,NEW JERSEY,34,SOYBEANS,98000,100000,19127000,2842000,29
1974,NEW YORK,36,SOYBEANS,13000,13000,2366000,338000,26
1974,NORTH CAROLINA,37,SOYBEANS,1420000,1475000,212744000,31240000,22
1974,NORTH DAKOTA,38,SOYBEANS,165000,168000,16338000,2723000,16.5
1974,OHIO,39,SOYBEANS,3140000,3180000,549437000,81640000,26
1974,OKLAHOMA,40,SOYBEANS,219000,230000,31221000,4818000,22
1974,PENNSYLVANIA,42,SOYBEANS,55000,59000,9356000,1485000,27
1974,SOUTH CAROLINA,45,SOYBEANS,1200000,1240000,160560000,24000000,20
1974,SOUTH DAKOTA,46,SOYBEANS,368000,370000,48134000,7360000,20
1974,TENNESSEE,47,SOYBEANS,1520000,1620000,225674000,31920000,21
1974,TEXAS,48,SOYBEANS,250000,265000,44618000,6750000,27
1974,VIRGINIA,51,SOYBEANS,430000,447000,68525000,10320000,24
1974,WISCONSIN,55,SOYBEANS,217000,230000,27689000,4340000,20
1974,ALABAMA,1,WHEAT,"95,000","135,000","8,173,000","2,233,000",23.5
1974,ARIZONA,4,WHEAT,"200,000","215,000","40,820,000","13,000,000",65
1974,ARKANSAS,5,WHEAT,"330,000","390,000","31,482,000","8,745,000",26.5
1974,CALIFORNIA,6,WHEAT,"750,000","816,000","141,449,000","37,500,000",50
1974,COLORADO,8,WHEAT,"2,900,000","3,097,000","276,702,000","72,625,000",25
1974,DELAWARE,10,WHEAT,"43,000","46,000","5,448,000","1,505,000",35
1974,FLORIDA,12,WHEAT,"18,000","33,000","1,231,000","324,000",18
1974,GEORGIA,13,WHEAT,"150,000","200,000","11,738,000","3,525,000",23.5
1974,IDAHO,16,WHEAT,"1,440,000","1,550,000","246,026,000","61,860,000",43
1974,ILLINOIS,17,WHEAT,"1,730,000","1,790,000","201,372,000","51,900,000",30
1974,INDIANA,18,WHEAT,"1,250,000","1,295,000","186,094,000","46,875,000",37.5
1974,IOWA,19,WHEAT,"62,000","66,000","7,682,000","1,860,000",30
1974,KANSAS,20,WHEAT,"11,600,000","12,000,000","1,231,340,000","319,000,000",27.5
1974,KENTUCKY,21,WHEAT,"360,000","425,000","42,752,000","11,340,000",31.5
1974,LOUISIANA,22,WHEAT,"20,000","55,000","1,580,000","400,000",20
1974,MARYLAND,24,WHEAT,"148,000","158,000","20,359,000","5,624,000",38
1974,MICHIGAN,26,WHEAT,"850,000","860,000","123,760,000","34,000,000",40
1974,MINNESOTA,27,WHEAT,"2,794,000","2,860,000","359,587,000","80,862,000",28.9
1974,MISSISSIPPI,28,WHEAT,"130,000","155,000","11,765,000","3,250,000",25
1974,MISSOURI,29,WHEAT,"1,310,000","1,450,000","140,183,000","37,990,000",29
1974,MONTANA,30,WHEAT,"4,857,000","5,020,000","509,213,000","120,108,000",24.7
1974,NEBRASKA,31,WHEAT,"2,900,000","3,000,000","375,666,000","98,600,000",34
1974,NEVADA,32,WHEAT,"29,000","32,000","5,760,000","1,500,000",51.7
1974,NEW JERSEY,34,WHEAT,"54,000","60,000","8,035,000","2,160,000",40
1974,NEW MEXICO,35,WHEAT,"200,000","476,000","13,600,000","3,400,000",17
1974,NEW YORK,36,WHEAT,"210,000","220,000","33,501,000","9,030,000",43
1974,NORTH CAROLINA,37,WHEAT,"275,000","310,000","32,571,000","9,900,000",36
1974,NORTH DAKOTA,38,WHEAT,"10,316,000","10,500,000","1,043,923,000","210,752,000",20.4
1974,OHIO,39,WHEAT,"1,450,000","1,490,000","234,233,000","59,450,000",41
1974,OKLAHOMA,40,WHEAT,"6,400,000","7,000,000","530,880,000","134,400,000",21
1974,OREGON,41,WHEAT,"1,265,000","1,324,000","234,188,000","52,745,000",41.7
1974,PENNSYLVANIA,42,WHEAT,"320,000","330,000","41,818,000","11,520,000",36
1974,SOUTH CAROLINA,45,WHEAT,"136,000","155,000","12,290,000","3,604,000",26.5
1974,SOUTH DAKOTA,46,WHEAT,"3,095,000","3,255,000","248,835,000","57,020,000",18.4
1974,TENNESSEE,47,WHEAT,"285,000","345,000","28,845,000","8,265,000",29
1974,TEXAS,48,WHEAT,"3,300,000","5,600,000","204,336,000","52,800,000",16
1974,UTAH,49,WHEAT,"295,000","319,000","31,891,000","7,982,000",27.1
1974,VIRGINIA,51,WHEAT,"275,000","300,000","33,272,000","10,175,000",37
1974,WASHINGTON,53,WHEAT,"3,130,000","3,280,000","532,501,000","123,550,000",39.5
1974,WEST VIRGINIA,54,WHEAT,"12,000","14,000","1,513,000","396,000",33
1974,WISCONSIN,55,WHEAT,"78,000","83,000","11,219,000","2,853,000",36.6
1974,WYOMING,56,WHEAT,"306,000","335,000","29,628,000","7,290,000",23.8
1973,ALABAMA,1,CORN,610000,694000,72114000,28060000,46
1973,ARIZONA,4,CORN,9000,23000,806000,288000,32
1973,ARKANSAS,5,CORN,21000,34000,1838000,735000,35
1973,CALIFORNIA,6,CORN,235000,410000,76739000,24675000,105
1973,COLORADO,8,CORN,485000,795000,123190000,48500000,100
1973,CONNECTICUT,9,CORN,,50000,,,
1973,DELAWARE,10,CORN,170000,183000,35547000,14450000,85
1973,FLORIDA,12,CORN,340000,400000,37281000,14620000,43
1973,GEORGIA,13,CORN,1670000,1840000,219638000,80160000,48
1973,IDAHO,16,CORN,32000,125000,7547000,2848000,89
1973,ILLINOIS,17,CORN,9530000,9830000,2591398000,981590000,103
1973,INDIANA,18,CORN,5240000,5400000,1341545000,534480000,102
1973,IOWA,19,CORN,11280000,11970000,3113957000,1206960000,107
1973,KANSAS,20,CORN,1540000,1900000,378840000,154000000,100
1973,KENTUCKY,21,CORN,1010000,1160000,227503000,85850000,85
1973,LOUISIANA,22,CORN,57000,74000,5626000,2394000,42
1973,MAINE,23,CORN,,40000,,,
1973,MARYLAND,24,CORN,500000,611000,103700000,42500000,85
1973,MASSACHUSETTS,25,CORN,,37000,,,
1973,MICHIGAN,26,CORN,1855000,2300000,369293000,146545000,79
1973,MINNESOTA,27,CORN,5520000,6200000,1273133000,513360000,93
1973,MISSISSIPPI,28,CORN,148000,200000,14430000,5772000,39
1973,MISSOURI,29,CORN,2600000,2800000,576576000,228800000,88
1973,MONTANA,30,CORN,11000,92000,2096000,803000,73
1973,NEBRASKA,31,CORN,5900000,6480000,1336586000,554600000,94
1973,NEVADA,32,CORN,,3000,,,
1973,NEW HAMPSHIRE,33,CORN,,21000,,,
1973,NEW JERSEY,34,CORN,75000,120000,15879000,5925000,79
1973,NEW MEXICO,35,CORN,29000,60000,5583000,2030000,70
1973,NEW YORK,36,CORN,420000,1070000,86940000,31500000,75
1973,NORTH CAROLINA,37,CORN,1400000,1550000,277816000,114800000,82
1973,NORTH DAKOTA,38,CORN,180000,544000,23486000,10080000,56
1973,OHIO,39,CORN,3040000,3300000,634752000,243200000,80
1973,OKLAHOMA,40,CORN,93000,137000,21678000,8370000,90
1973,OREGON,41,CORN,7000,41000,1953000,630000,90
1973,PENNSYLVANIA,42,CORN,1040000,1490000,217402000,81120000,78
1973,RHODE ISLAND,44,CORN,,4000,,,
1973,SOUTH CAROLINA,45,CORN,430000,500000,62599000,24940000,58
1973,SOUTH DAKOTA,46,CORN,2710000,3870000,346826000,146340000,54
1973,TENNESSEE,47,CORN,533000,720000,95684000,35178000,66
1973,TEXAS,48,CORN,640000,750000,156256000,60800000,95
1973,UTAH,49,CORN,13000,90000,3180000,1144000,88
1973,VERMONT,50,CORN,,90000,,,
1973,VIRGINIA,51,CORN,550000,754000,114466000,47300000,86
1973,WASHINGTON,53,CORN,37000,105000,11748000,3996000,108
1973,WEST VIRGINIA,54,CORN,63000,100000,13491000,5229000,83
1973,WISCONSIN,55,CORN,2090000,3200000,456226000,173470000,83
1973,WYOMING,56,CORN,30000,86000,7396000,2670000,89
1973,ALABAMA,1,SOYBEANS,970000,1000000,114887000,20370000,21
1973,ARKANSAS,5,SOYBEANS,4650000,4700000,657975000,116250000,25
1973,DELAWARE,10,SOYBEANS,205000,208000,32029000,5740000,28
1973,FLORIDA,12,SOYBEANS,254000,262000,34442000,6096000,24
1973,GEORGIA,13,SOYBEANS,900000,920000,105462000,18900000,21
1973,ILLINOIS,17,SOYBEANS,9130000,9200000,1679555000,287595000,31.5
1973,INDIANA,18,SOYBEANS,4290000,4310000,772972000,135135000,31.5
1973,IOWA,19,SOYBEANS,7650000,7700000,1469565000,260100000,34
1973,KANSAS,20,SOYBEANS,1200000,1240000,149688000,26400000,22
1973,KENTUCKY,21,SOYBEANS,1000000,1040000,146640000,26000000,26
1973,LOUISIANA,22,SOYBEANS,1580000,1620000,201569000,35550000,22.5
1973,MARYLAND,24,SOYBEANS,325000,330000,55916000,10075000,31
1973,MICHIGAN,26,SOYBEANS,693000,700000,95301000,16632000,24
1973,MINNESOTA,27,SOYBEANS,4290000,4320000,697940000,124410000,29
1973,MISSISSIPPI,28,SOYBEANS,2750000,2830000,344245000,60500000,22
1973,MISSOURI,29,SOYBEANS,4700000,4800000,720792000,126900000,27
1973,NEBRASKA,31,SOYBEANS,1210000,1230000,194931000,36300000,30
1973,NEW JERSEY,34,SOYBEANS,85000,88000,9818000,1785000,21
1973,NEW YORK,36,SOYBEANS,12000,12000,1622000,312000,26
1973,NORTH CAROLINA,37,SOYBEANS,1450000,1500000,194184000,34800000,24
1973,NORTH DAKOTA,38,SOYBEANS,218000,220000,28177000,5123000,23.5
1973,OHIO,39,SOYBEANS,3590000,3620000,522722000,91545000,25.5
1973,OKLAHOMA,40,SOYBEANS,200000,210000,23364000,4400000,22
1973,PENNSYLVANIA,42,SOYBEANS,60000,63000,8658000,1560000,26
1973,SOUTH CAROLINA,45,SOYBEANS,1210000,1260000,132193000,22990000,19
1973,SOUTH DAKOTA,46,SOYBEANS,396000,400000,51797000,9504000,24
1973,TENNESSEE,47,SOYBEANS,1570000,1640000,202185000,36895000,23.5
1973,TEXAS,48,SOYBEANS,425000,450000,44455000,8500000,20
1973,VIRGINIA,51,SOYBEANS,413000,430000,63338000,11151000,27
1973,WISCONSIN,55,SOYBEANS,241000,246000,33620000,6025000,25
1973,ALABAMA,1,WHEAT,"80,000","127,000","5,005,000","1,840,000",23
1973,ARIZONA,4,WHEAT,"185,000","200,000","32,708,000","12,580,000",68
1973,ARKANSAS,5,WHEAT,"217,000","305,000","17,317,000","6,076,000",28
1973,CALIFORNIA,6,WHEAT,"572,000","627,000","96,376,000","30,880,000",54
1973,COLORADO,8,WHEAT,"2,605,000","2,731,000","249,693,000","63,860,000",24.5
1973,DELAWARE,10,WHEAT,"33,000","36,000","3,361,000","1,155,000",35
1973,FLORIDA,12,WHEAT,"24,000","45,000","1,373,000","528,000",22
1973,GEORGIA,13,WHEAT,"110,000","150,000","7,989,000","2,970,000",27
1973,IDAHO,16,WHEAT,"1,075,000","1,200,000","214,732,000","48,395,000",45
1973,ILLINOIS,17,WHEAT,"1,300,000","1,390,000","119,340,000","39,000,000",30
1973,INDIANA,18,WHEAT,"703,000","740,000","71,847,000","24,605,000",35
1973,IOWA,19,WHEAT,"34,000","40,000","3,275,000","1,088,000",32
1973,KANSAS,20,WHEAT,"10,400,000","10,800,000","1,443,000,000","384,800,000",37
1973,KENTUCKY,21,WHEAT,"164,000","241,000","17,751,000","5,412,000",33
1973,LOUISIANA,22,WHEAT,"16,000","50,000","933,000","352,000",22
1973,MARYLAND,24,WHEAT,"116,000","125,000","12,058,000","4,060,000",35
1973,MICHIGAN,26,WHEAT,"568,000","585,000","85,484,000","19,880,000",35
1973,MINNESOTA,27,WHEAT,"2,010,000","2,056,000","336,054,000","78,152,000",38.9
1973,MISSISSIPPI,28,WHEAT,"100,000","135,000","7,290,000","2,700,000",27
1973,MISSOURI,29,WHEAT,"850,000","980,000","75,480,000","25,500,000",30
1973,MONTANA,30,WHEAT,"4,052,000","4,235,000","410,400,000","96,714,000",23.9
1973,NEBRASKA,31,WHEAT,"2,680,000","2,800,000","356,440,000","93,800,000",35
1973,NEVADA,32,WHEAT,"19,000","22,000","4,271,000","1,112,000",58.5
1973,NEW JERSEY,34,WHEAT,"38,000","50,000","3,776,000","1,368,000",36
1973,NEW MEXICO,35,WHEAT,"289,000","401,000","28,988,000","8,526,000",29.5
1973,NEW YORK,36,WHEAT,"140,000","151,000","20,056,000","5,320,000",38
1973,NORTH CAROLINA,37,WHEAT,"180,000","230,000","18,144,000","6,300,000",35
1973,NORTH DAKOTA,38,WHEAT,"8,773,000","8,940,000","1,165,251,000","241,586,000",27.5
1973,OHIO,39,WHEAT,"800,000","840,000","97,024,000","25,600,000",32
1973,OKLAHOMA,40,WHEAT,"5,260,000","6,000,000","561,768,000","157,800,000",30
1973,OREGON,41,WHEAT,"1,032,000","1,125,000","167,288,000","35,976,000",34.9
1973,PENNSYLVANIA,42,WHEAT,"264,000","276,000","23,580,000","7,392,000",28
1973,SOUTH CAROLINA,45,WHEAT,"101,000","120,000","7,248,000","2,626,000",26
1973,SOUTH DAKOTA,46,WHEAT,"2,348,000","2,518,000","254,650,000","60,110,000",25.6
1973,TENNESSEE,47,WHEAT,"144,000","207,000","12,544,000","4,464,000",31
1973,TEXAS,48,WHEAT,"3,400,000","4,600,000","299,744,000","98,600,000",29
1973,UTAH,49,WHEAT,"254,000","285,000","26,214,000","6,331,000",24.9
1973,VIRGINIA,51,WHEAT,"175,000","195,000","18,195,000","6,475,000",37
1973,WASHINGTON,53,WHEAT,"2,720,000","3,345,000","436,188,000","89,200,000",32.8
1973,WEST VIRGINIA,54,WHEAT,"9,000","11,000","999,000","279,000",31
1973,WISCONSIN,55,WHEAT,"27,000","29,000","3,472,000","890,000",33
1973,WYOMING,56,WHEAT,"281,000","311,000","27,325,000","6,485,000",23.1
1972,ALABAMA,1,CORN,545000,631000,39240000,26160000,48
1972,ARIZONA,4,CORN,15000,26000,893000,525000,35
1972,ARKANSAS,5,CORN,28000,38000,1669000,1120000,40
1972,CALIFORNIA,6,CORN,215000,356000,39775000,21500000,100
1972,COLORADO,8,CORN,415000,740000,68151000,42330000,102
1972,CONNECTICUT,9,CORN,,50000,,,
1972,DELAWARE,10,CORN,165000,182000,20790000,13860000,84
1972,FLORIDA,12,CORN,307000,365000,19630000,14122000,46
1972,GEORGIA,13,CORN,1490000,1620000,123193000,77480000,52
1972,IDAHO,16,CORN,29000,122000,4062000,2523000,87
1972,ILLINOIS,17,CORN,9225000,9540000,1613453000,1014750000,110
1972,INDIANA,18,CORN,4884000,5050000,792380000,507936000,104
1972,IOWA,19,CORN,10600000,11255000,2028840000,1229600000,116
1972,KANSAS,20,CORN,1250000,1570000,197600000,130000000,104
1972,KENTUCKY,21,CORN,968000,1131000,143187000,83248000,86
1972,LOUISIANA,22,CORN,76000,89000,6002000,4028000,53
1972,MAINE,23,CORN,,39000,,,
1972,MARYLAND,24,CORN,443000,564000,54578000,35440000,80
1972,MASSACHUSETTS,25,CORN,,35000,,,
1972,MICHIGAN,26,CORN,1722000,2120000,212960000,142926000,83
1972,MINNESOTA,27,CORN,4899000,5650000,683411000,455607000,93
1972,MISSISSIPPI,28,CORN,163000,220000,11516000,7335000,45
1972,MISSOURI,29,CORN,2500000,2720000,325325000,227500000,91
1972,MONTANA,30,CORN,6000,80000,693000,468000,78
1972,NEBRASKA,31,CORN,5135000,5680000,817081000,534040000,104
1972,NEVADA,32,CORN,,3000,,,
1972,NEW HAMPSHIRE,33,CORN,,20000,,,
1972,NEW JERSEY,34,CORN,52000,105000,6542000,3848000,74
1972,NEW MEXICO,35,CORN,24000,49000,3150000,1800000,75
1972,NEW YORK,36,CORN,320000,985000,37210000,21760000,68
1972,NORTH CAROLINA,37,CORN,1280000,1450000,151552000,102400000,80
1972,NORTH DAKOTA,38,CORN,170000,495000,15604000,11390000,67
1972,OHIO,39,CORN,3090000,3333000,446320000,284280000,92
1972,OKLAHOMA,40,CORN,84000,143000,10990000,7476000,89
1972,OREGON,41,CORN,8000,41000,1166000,648000,81
1972,PENNSYLVANIA,42,CORN,900000,1440000,116640000,64800000,72
1972,RHODE ISLAND,44,CORN,,4000,,,
1972,SOUTH CAROLINA,45,CORN,375000,435000,36075000,24375000,65
1972,SOUTH DAKOTA,46,CORN,2414000,3280000,211660000,154496000,64
1972,TENNESSEE,47,CORN,480000,670000,55776000,33600000,70
1972,TEXAS,48,CORN,460000,580000,60527000,39560000,86
1972,UTAH,49,CORN,8000,80000,1398000,736000,92
1972,VERMONT,50,CORN,,92000,,,
1972,VIRGINIA,51,CORN,502000,718000,62082000,41666000,83
1972,WASHINGTON,53,CORN,43000,106000,8359000,4644000,108
1972,WEST VIRGINIA,54,CORN,53000,95000,6519000,3975000,75
1972,WISCONSIN,55,CORN,2143000,3051000,303342000,203585000,95
1972,WYOMING,56,CORN,27000,78000,3695000,2295000,85
1972,ALABAMA,1,SOYBEANS,800000,830000,60960000,16000000,20
1972,ARKANSAS,5,SOYBEANS,4050000,4140000,334530000,81000000,20
1972,DELAWARE,10,SOYBEANS,165000,168000,15428000,4125000,25
1972,FLORIDA,12,SOYBEANS,232000,238000,17539000,4872000,21
1972,GEORGIA,13,SOYBEANS,670000,720000,43316000,10050000,15
1972,ILLINOIS,17,SOYBEANS,7520000,7600000,1159697000,259440000,34.5
1972,INDIANA,18,SOYBEANS,3688000,3740000,462383000,108796000,29.5
1972,IOWA,19,SOYBEANS,6000000,6050000,1023840000,216000000,36
1972,KANSAS,20,SOYBEANS,875000,900000,100450000,24500000,28
1972,KENTUCKY,21,SOYBEANS,874000,933000,95808000,23598000,27
1972,LOUISIANA,22,SOYBEANS,1667000,1712000,151999000,39175000,23.5
1972,MARYLAND,24,SOYBEANS,265000,270000,28906000,7155000,27
1972,MICHIGAN,26,SOYBEANS,524000,570000,62670000,13624000,26
1972,MINNESOTA,27,SOYBEANS,3225000,3250000,413574000,90300000,28
1972,MISSISSIPPI,28,SOYBEANS,2464000,2580000,201321000,48048000,19.5
1972,MISSOURI,29,SOYBEANS,3960000,4050000,466092000,108900000,27.5
1972,NEBRASKA,31,SOYBEANS,707000,715000,102712000,22978000,32.5
1972,NEW JERSEY,34,SOYBEANS,77000,80000,5066000,1309000,17
1972,NEW YORK,36,SOYBEANS,8000,8000,588000,168000,21
1972,NORTH CAROLINA,37,SOYBEANS,1165000,1250000,120286000,29125000,25
1972,NORTH DAKOTA,38,SOYBEANS,190000,200000,16554000,3895000,20.5
1972,OHIO,39,SOYBEANS,3010000,3070000,344585000,79765000,26.5
1972,OKLAHOMA,40,SOYBEANS,170000,185000,15101000,3570000,21
1972,PENNSYLVANIA,42,SOYBEANS,41000,45000,3690000,1025000,25
1972,SOUTH CAROLINA,45,SOYBEANS,1080000,1130000,83716000,19980000,18.5
1972,SOUTH DAKOTA,46,SOYBEANS,253000,260000,30036000,7084000,28
1972,TENNESSEE,47,SOYBEANS,1298000,1411000,116223000,28556000,22
1972,TEXAS,48,SOYBEANS,210000,225000,22495000,5460000,26
1972,VIRGINIA,51,SOYBEANS,350000,376000,32442000,8050000,23
1972,WISCONSIN,55,SOYBEANS,145000,160000,18067000,4060000,28
1972,ALABAMA,1,WHEAT,"110,000","161,000","2,992,000","2,200,000",20
1972,ARIZONA,4,WHEAT,"170,000","189,000","18,680,000","11,390,000",67
1972,ARKANSAS,5,WHEAT,"296,000","361,000","14,566,000","10,952,000",37
1972,CALIFORNIA,6,WHEAT,"487,000","556,000","42,035,000","23,340,000",47.9
1972,COLORADO,8,WHEAT,"2,165,000","2,474,000","92,022,000","51,990,000",24
1972,DELAWARE,10,WHEAT,"31,000","33,000","1,402,000","1,023,000",33
1972,FLORIDA,12,WHEAT,"36,000","60,000","702,000","540,000",15
1972,GEORGIA,13,WHEAT,"140,000","225,000","3,808,000","2,800,000",20
1972,IDAHO,16,WHEAT,"958,000","1,034,000","84,977,000","44,226,000",46.2
1972,ILLINOIS,17,WHEAT,"1,200,000","1,265,000","78,840,000","54,000,000",45
1972,INDIANA,18,WHEAT,"826,000","891,000","54,714,000","39,648,000",48
1972,IOWA,19,WHEAT,"33,000","37,000","1,882,000","1,238,000",37.5
1972,KANSAS,20,WHEAT,"9,400,000","10,300,000","529,032,000","314,900,000",33.5
1972,KENTUCKY,21,WHEAT,"216,000","301,000","10,319,000","7,020,000",32.5
1972,LOUISIANA,22,WHEAT,"30,000","75,000","973,000","690,000",23
1972,MARYLAND,24,WHEAT,"110,000","123,000","5,617,000","4,070,000",37
1972,MICHIGAN,26,WHEAT,"535,000","601,000","35,738,000","21,400,000",40
1972,MINNESOTA,27,WHEAT,"1,498,000","1,522,000","95,589,000","49,292,000",32.9
1972,MISSISSIPPI,28,WHEAT,"160,000","189,000","6,696,000","4,960,000",31
1972,MISSOURI,29,WHEAT,"925,000","1,075,000","51,587,000","36,075,000",39
1972,MONTANA,30,WHEAT,"3,704,000","4,130,000","186,160,000","98,831,000",26.7
1972,NEBRASKA,31,WHEAT,"2,509,000","2,742,000","161,529,000","92,833,000",37
1972,NEVADA,32,WHEAT,"12,000","14,000","1,221,000","710,000",59.2
1972,NEW JERSEY,34,WHEAT,"35,000","44,000","1,942,000","1,330,000",38
1972,NEW MEXICO,35,WHEAT,"170,000","378,000","7,066,000","4,335,000",25.5
1972,NEW YORK,36,WHEAT,"140,000","154,000","8,463,000","5,460,000",39
1972,NORTH CAROLINA,37,WHEAT,"200,000","250,000","8,308,000","6,200,000",31
1972,NORTH DAKOTA,38,WHEAT,"7,507,000","7,627,000","411,198,000","216,818,000",28.9
1972,OHIO,39,WHEAT,"1,029,000","1,064,000","74,088,000","46,305,000",45
1972,OKLAHOMA,40,WHEAT,"3,900,000","5,700,000","152,490,000","89,700,000",23
1972,OREGON,41,WHEAT,"879,000","918,000","75,539,000","36,848,000",41.9
1972,PENNSYLVANIA,42,WHEAT,"269,000","290,000","13,428,000","8,608,000",32
1972,SOUTH CAROLINA,45,WHEAT,"136,000","155,000","3,726,000","2,720,000",20
1972,SOUTH DAKOTA,46,WHEAT,"1,912,000","2,046,000","98,514,000","54,430,000",28.5
1972,TENNESSEE,47,WHEAT,"240,000","296,000","10,982,000","7,680,000",32
1972,TEXAS,48,WHEAT,"2,000,000","4,050,000","68,640,000","44,000,000",22
1972,UTAH,49,WHEAT,"221,000","235,000","10,890,000","6,137,000",27.8
1972,VIRGINIA,51,WHEAT,"218,000","250,000","11,615,000","8,066,000",37
1972,WASHINGTON,53,WHEAT,"2,602,000","2,746,000","251,589,000","123,328,000",47.4
1972,WEST VIRGINIA,54,WHEAT,"11,000","14,000","662,000","385,000",35
1972,WISCONSIN,55,WHEAT,"29,000","43,000","1,429,000","901,000",31.1
1972,WYOMING,56,WHEAT,"254,000","295,000","14,471,000","8,830,000",34.8
1971,ALABAMA,1,CORN,626000,699000,32959000,28170000,45
1971,ARIZONA,4,CORN,16000,28000,660000,512000,32
1971,ARKANSAS,5,CORN,40000,48000,1966000,1560000,39
1971,CALIFORNIA,6,CORN,250000,379000,35250000,23500000,94
1971,COLORADO,8,CORN,450000,755000,46053000,38700000,86
1971,CONNECTICUT,9,CORN,,51000,,,
1971,DELAWARE,10,CORN,195000,210000,12320000,10530000,54
1971,FLORIDA,12,CORN,314000,376000,16463000,15386000,49
1971,GEORGIA,13,CORN,1672000,1800000,106540000,90288000,54
1971,IDAHO,16,CORN,33000,118000,3643000,2739000,83
1971,ILLINOIS,17,CORN,10070000,10370000,1163488000,1067420000,106
1971,INDIANA,18,CORN,5509000,5679000,561973000,556409000,101
1971,IOWA,19,CORN,11550000,12208000,1225224000,1178100000,102
1971,KANSAS,20,CORN,1311000,1660000,139490000,124545000,95
1971,KENTUCKY,21,CORN,1183000,1331000,102933000,91091000,77
1971,LOUISIANA,22,CORN,100000,120000,5805000,4500000,45
1971,MAINE,23,CORN,,33000,,,
1971,MARYLAND,24,CORN,516000,620000,45325000,37152000,72
1971,MASSACHUSETTS,25,CORN,,36000,,,
1971,MICHIGAN,26,CORN,1730000,2275000,122951000,119370000,69
1971,MINNESOTA,27,CORN,5725000,6572000,479927000,475175000,83
1971,MISSISSIPPI,28,CORN,220000,268000,10725000,8580000,39
1971,MISSOURI,29,CORN,3092000,3332000,299306000,272096000,88
1971,MONTANA,30,CORN,7000,75000,692000,532000,76
1971,NEBRASKA,31,CORN,5300000,5919000,500055000,450500000,85
1971,NEVADA,32,CORN,,2000,,,
1971,NEW HAMPSHIRE,33,CORN,,19000,,,
1971,NEW JERSEY,34,CORN,83000,120000,6636000,5395000,65
1971,NEW MEXICO,35,CORN,17000,50000,1225000,935000,55
1971,NEW YORK,36,CORN,405000,980000,41310000,34425000,85
1971,NORTH CAROLINA,37,CORN,1565000,1750000,103478000,89205000,57
1971,NORTH DAKOTA,38,CORN,185000,569000,10730000,10730000,58
1971,OHIO,39,CORN,3545000,3787000,341951000,322595000,91
1971,OKLAHOMA,40,CORN,62000,110000,5777000,4774000,77
1971,OREGON,41,CORN,8000,40000,952000,680000,85
1971,PENNSYLVANIA,42,CORN,1036000,1469000,101010000,77700000,75
1971,RHODE ISLAND,44,CORN,,4000,,,
1971,SOUTH CAROLINA,45,CORN,507000,565000,33127000,27378000,54
1971,SOUTH DAKOTA,46,CORN,2626000,3862000,126836000,120796000,46
1971,TENNESSEE,47,CORN,675000,801000,46170000,38475000,57
1971,TEXAS,48,CORN,552000,709000,59174000,44160000,80
1971,UTAH,49,CORN,15000,75000,1638000,1170000,78
1971,VERMONT,50,CORN,,84000,,,
1971,VIRGINIA,51,CORN,480000,720000,40147000,32640000,68
1971,WASHINGTON,53,CORN,61000,114000,8524000,6222000,102
1971,WEST VIRGINIA,54,CORN,59000,101000,5007000,4071000,69
1971,WISCONSIN,55,CORN,2304000,3212000,250629000,225792000,98
1971,WYOMING,56,CORN,29000,74000,2986000,2262000,78
1971,ALABAMA,1,SOYBEANS,655000,680000,49728000,17030000,26
1971,ARKANSAS,5,SOYBEANS,4300000,4350000,277350000,92450000,21.5
1971,DELAWARE,10,SOYBEANS,152000,155000,12385000,4256000,28
1971,FLORIDA,12,SOYBEANS,207000,211000,16808000,5796000,28
1971,GEORGIA,13,SOYBEANS,600000,620000,43758000,15300000,25.5
1971,ILLINOIS,17,SOYBEANS,7150000,7190000,729086000,235950000,33
1971,INDIANA,18,SOYBEANS,3377000,3400000,330980000,111441000,33
1971,IOWA,19,SOYBEANS,5500000,5516000,548763000,178750000,32.5
1971,KANSAS,20,SOYBEANS,871000,880000,53389000,17856000,20.5
1971,KENTUCKY,21,SOYBEANS,705000,734000,61562000,20798000,29.5
1971,LOUISIANA,22,SOYBEANS,1644000,1695000,119552000,39456000,24
1971,MARYLAND,24,SOYBEANS,220000,225000,18942000,6600000,30
1971,MICHIGAN,26,SOYBEANS,500000,520000,31263000,10250000,20.5
1971,MINNESOTA,27,SOYBEANS,2780000,2820000,196935000,63940000,23
1971,MISSISSIPPI,28,SOYBEANS,2632000,2713000,172028000,56588000,21.5
1971,MISSOURI,29,SOYBEANS,3605000,3652000,292978000,97335000,27
1971,NEBRASKA,31,SOYBEANS,609000,618000,45523000,15225000,25
1971,NEW JERSEY,34,SOYBEANS,59000,62000,4626000,1652000,28
1971,NEW YORK,36,SOYBEANS,7000,7000,408000,154000,22
1971,NORTH CAROLINA,37,SOYBEANS,990000,1110000,68429000,23760000,24
1971,NORTH DAKOTA,38,SOYBEANS,208000,211000,8357000,2912000,14
1971,OHIO,39,SOYBEANS,2634000,2647000,247438000,80337000,30.5
1971,OKLAHOMA,40,SOYBEANS,163000,170000,9919000,3505000,21.5
1971,PENNSYLVANIA,42,SOYBEANS,32000,34000,2691000,928000,29
1971,SOUTH CAROLINA,45,SOYBEANS,1070000,1110000,68325000,23005000,21.5
1971,SOUTH DAKOTA,46,SOYBEANS,232000,235000,14811000,4872000,21
1971,TENNESSEE,47,SOYBEANS,1219000,1283000,91279000,31694000,26
1971,TEXAS,48,SOYBEANS,103000,114000,8204000,2781000,27
1971,VIRGINIA,51,SOYBEANS,353000,384000,25331000,8472000,24
1971,WISCONSIN,55,SOYBEANS,128000,130000,9174000,3008000,23.5
1971,ALABAMA,1,WHEAT,"120,000","164,000","5,150,000","3,480,000",29
1971,ARIZONA,4,WHEAT,"173,000","189,000","20,116,000","11,764,000",68
1971,ARKANSAS,5,WHEAT,"257,000","307,000","11,739,000","8,096,000",31.5
1971,CALIFORNIA,6,WHEAT,"568,000","610,000","43,276,000","26,626,000",46.9
1971,COLORADO,8,WHEAT,"2,132,000","2,373,000","71,569,000","59,641,000",28
1971,DELAWARE,10,WHEAT,"28,000","30,000","1,734,000","1,204,000",43
1971,FLORIDA,12,WHEAT,"54,000","70,000","2,349,000","1,620,000",30
1971,GEORGIA,13,WHEAT,"195,000","235,000","11,103,000","7,605,000",39
1971,IDAHO,16,WHEAT,"974,000","1,046,000","66,237,000","49,906,000",51.2
1971,ILLINOIS,17,WHEAT,"1,000,000","1,045,000","65,320,000","46,000,000",46
1971,INDIANA,18,WHEAT,"694,000","736,000","42,778,000","31,924,000",46
1971,IOWA,19,WHEAT,"36,000","40,000","1,857,000","1,386,000",38.5
1971,KANSAS,20,WHEAT,"9,061,000","9,593,000","412,639,000","312,605,000",34.5
1971,KENTUCKY,21,WHEAT,"180,000","241,000","10,584,000","7,200,000",40
1971,LOUISIANA,22,WHEAT,"35,000","75,000","1,232,000","805,000",23
1971,MARYLAND,24,WHEAT,"108,000","118,000","6,623,000","4,536,000",42
1971,MICHIGAN,26,WHEAT,"495,000","513,000","23,879,000","17,820,000",36
1971,MINNESOTA,27,WHEAT,"1,574,000","1,596,000","81,613,000","59,596,000",37.9
1971,MISSISSIPPI,28,WHEAT,"125,000","149,000","5,438,000","3,625,000",29
1971,MISSOURI,29,WHEAT,"775,000","900,000","43,710,000","31,000,000",40
1971,MONTANA,30,WHEAT,"4,314,000","4,516,000","137,880,000","112,011,000",26
1971,NEBRASKA,31,WHEAT,"2,434,000","2,539,000","126,763,000","102,228,000",42
1971,NEVADA,32,WHEAT,"12,000","14,000","1,057,000","700,000",58.3
1971,NEW JERSEY,34,WHEAT,"31,000","38,000","2,069,000","1,457,000",47
1971,NEW MEXICO,35,WHEAT,"160,000","347,000","5,376,000","3,840,000",24
1971,NEW YORK,36,WHEAT,"111,000","119,000","5,994,000","4,440,000",40
1971,NORTH CAROLINA,37,WHEAT,"245,000","290,000","15,381,000","10,535,000",43
1971,NORTH DAKOTA,38,WHEAT,"9,179,000","9,426,000","379,597,000","291,574,000",31.8
1971,OHIO,39,WHEAT,"944,000","967,000","56,489,000","41,536,000",44
1971,OKLAHOMA,40,WHEAT,"3,600,000","5,050,000","102,240,000","72,000,000",20
1971,OREGON,41,WHEAT,"768,000","809,000","49,335,000","34,500,000",44.9
1971,PENNSYLVANIA,42,WHEAT,"261,000","271,000","13,906,000","9,396,000",36
1971,SOUTH CAROLINA,45,WHEAT,"126,000","134,000","6,943,000","4,788,000",38
1971,SOUTH DAKOTA,46,WHEAT,"2,167,000","2,288,000","85,631,000","65,466,000",30.2
1971,TENNESSEE,47,WHEAT,"234,000","282,000","12,468,000","8,424,000",36
1971,TEXAS,48,WHEAT,"1,496,000","3,512,000","45,553,000","31,416,000",21
1971,UTAH,49,WHEAT,"205,000","217,000","8,734,000","6,245,000",30.5
1971,VIRGINIA,51,WHEAT,"205,000","236,000","12,808,000","9,020,000",44
1971,WASHINGTON,53,WHEAT,"2,325,000","2,416,000","159,627,000","113,210,000",48.7
1971,WEST VIRGINIA,54,WHEAT,"12,000","15,000","659,000","420,000",35
1971,WISCONSIN,55,WHEAT,"35,000","37,000","1,718,000","1,314,000",37.5
1971,WYOMING,56,WHEAT,"237,000","269,000","8,752,000","7,677,000",32.4
1970,ALABAMA,1,CORN,555000,699000,23239000,14708000,26.5
1970,ARIZONA,4,CORN,15000,31000,605000,360000,24
1970,ARKANSAS,5,CORN,44000,57000,2297000,1584000,36
1970,CALIFORNIA,6,CORN,203000,312000,31830000,19894000,98
1970,COLORADO,8,CORN,400000,661000,51216000,38800000,97
1970,CONNECTICUT,9,CORN,,48000,,,
1970,DELAWARE,10,CORN,185000,195000,20809000,14060000,76
1970,FLORIDA,12,CORN,291000,388000,11276000,7275000,25
1970,GEORGIA,13,CORN,1563000,1750000,78009000,48453000,31
1970,IDAHO,16,CORN,35000,112000,4167000,2835000,81
1970,ILLINOIS,17,CORN,9940000,10310000,1007717000,735560000,74
1970,INDIANA,18,CORN,4923000,5110000,508841000,374148000,76
1970,IOWA,19,CORN,10077000,10760000,1083278000,866622000,86
1970,KANSAS,20,CORN,1285000,1689000,107734000,82240000,64
1970,KENTUCKY,21,CORN,939000,1109000,71364000,46950000,50
1970,LOUISIANA,22,CORN,130000,152000,8273000,5590000,43
1970,MAINE,23,CORN,,28000,,,
1970,MARYLAND,24,CORN,501000,587000,61543000,41583000,83
1970,MASSACHUSETTS,25,CORN,,33000,,,
1970,MICHIGAN,26,CORN,1429000,1730000,152789000,115749000,81
1970,MINNESOTA,27,CORN,4521000,5220000,453456000,384285000,85
1970,MISSISSIPPI,28,CORN,223000,304000,9741000,6244000,28
1970,MISSOURI,29,CORN,2837000,3114000,242280000,173057000,61
1970,MONTANA,30,CORN,4000,62000,403000,288000,72
1970,NEBRASKA,31,CORN,4828000,5443000,458660000,366928000,76
1970,NEVADA,32,CORN,,3000,,,
1970,NEW HAMPSHIRE,33,CORN,,18000,,,
1970,NEW JERSEY,34,CORN,68000,106000,8221000,5304000,78
1970,NEW MEXICO,35,CORN,18000,48000,1508000,1026000,57
1970,NEW YORK,36,CORN,315000,847000,40748000,27720000,88
1970,NORTH CAROLINA,37,CORN,1400000,1600000,108500000,70000000,50
1970,NORTH DAKOTA,38,CORN,125000,500000,7268000,6375000,51
1970,OHIO,39,CORN,3040000,3265000,326618000,240160000,79
1970,OKLAHOMA,40,CORN,62000,107000,6384000,4836000,78
1970,OREGON,41,CORN,10000,37000,1287000,780000,78
1970,PENNSYLVANIA,42,CORN,914000,1260000,122832000,81346000,89
1970,RHODE ISLAND,44,CORN,,4000,,,
1970,SOUTH CAROLINA,45,CORN,447000,543000,19069000,12069000,27
1970,SOUTH DAKOTA,46,CORN,2444000,3388000,121247000,100204000,41
1970,TENNESSEE,47,CORN,569000,722000,39688000,25605000,45
1970,TEXAS,48,CORN,557000,670000,49038000,34534000,62
1970,UTAH,49,CORN,10000,63000,1260000,900000,90
1970,VERMONT,50,CORN,,77000,,,
1970,VIRGINIA,51,CORN,467000,692000,47634000,31756000,68
1970,WASHINGTON,53,CORN,43000,88000,7202000,4558000,106
1970,WEST VIRGINIA,54,CORN,53000,87000,5291000,3551000,67
1970,WISCONSIN,55,CORN,1858000,2769000,208728000,152356000,82
1970,WYOMING,56,CORN,30000,65000,2652000,1950000,65
1970,ALABAMA,1,SOYBEANS,600000,625000,38916000,13800000,23
1970,ARKANSAS,5,SOYBEANS,4400000,4460000,285120000,99000000,22.5
1970,DELAWARE,10,SOYBEANS,156000,159000,9435000,3276000,21
1970,FLORIDA,12,SOYBEANS,184000,188000,14941000,5152000,28
1970,GEORGIA,13,SOYBEANS,475000,490000,32229000,10925000,23
1970,ILLINOIS,17,SOYBEANS,6800000,6848000,611320000,210800000,31
1970,INDIANA,18,SOYBEANS,3278000,3300000,289611000,101618000,31
1970,IOWA,19,SOYBEANS,5680000,5709000,520572000,184600000,32.5
1970,KANSAS,20,SOYBEANS,930000,990000,38223000,13950000,15
1970,KENTUCKY,21,SOYBEANS,530000,555000,40784000,14310000,27
1970,LOUISIANA,22,SOYBEANS,1688000,1730000,116269000,40512000,24
1970,MARYLAND,24,SOYBEANS,213000,216000,14825000,5112000,24
1970,MICHIGAN,26,SOYBEANS,500000,515000,37630000,13250000,26.5
1970,MINNESOTA,27,SOYBEANS,3030000,3060000,219796000,78780000,26
1970,MISSISSIPPI,28,SOYBEANS,2580000,2630000,169506000,58050000,22.5
1970,MISSOURI,29,SOYBEANS,3465000,3546000,250937000,88358000,25.5
1970,NEBRASKA,31,SOYBEANS,812000,824000,49662000,17864000,22
1970,NEW JERSEY,34,SOYBEANS,54000,56000,3767000,1350000,25
1970,NEW YORK,36,SOYBEANS,6000,6000,318000,120000,20
1970,NORTH CAROLINA,37,SOYBEANS,867000,981000,60343000,20808000,24
1970,NORTH DAKOTA,38,SOYBEANS,181000,184000,7385000,2715000,15
1970,OHIO,39,SOYBEANS,2550000,2570000,206397000,72675000,28.5
1970,OKLAHOMA,40,SOYBEANS,185000,210000,8891000,3330000,18
1970,PENNSYLVANIA,42,SOYBEANS,28000,30000,2598000,896000,32
1970,SOUTH CAROLINA,45,SOYBEANS,1010000,1040000,58378000,20200000,20
1970,SOUTH DAKOTA,46,SOYBEANS,247000,253000,11759000,4323000,17.5
1970,TENNESSEE,47,SOYBEANS,1150000,1210000,73796000,26450000,23
1970,TEXAS,48,SOYBEANS,158000,170000,11547000,4424000,28
1970,VIRGINIA,51,SOYBEANS,339000,372000,19730000,6780000,20
1970,WISCONSIN,55,SOYBEANS,153000,155000,10025000,3672000,24
1970,ALABAMA,1,WHEAT,"85,000","120,000","2,999,000","2,380,000",28
1970,ARIZONA,4,WHEAT,"150,000","166,000","14,594,000","10,350,000",69
1970,ARKANSAS,5,WHEAT,"257,000","330,000","10,432,000","8,481,000",33
1970,CALIFORNIA,6,WHEAT,"630,000","670,000","40,950,000","28,550,000",45.3
1970,COLORADO,8,WHEAT,"2,095,000","2,493,000","71,017,000","59,678,000",28.5
1970,DELAWARE,10,WHEAT,"21,000","23,000","1,155,000","882,000",42
1970,FLORIDA,12,WHEAT,"38,000","45,000","1,473,000","1,178,000",31
1970,GEORGIA,13,WHEAT,"94,000","118,000","4,487,000","3,478,000",37
1970,IDAHO,16,WHEAT,"911,000","983,000","57,514,000","41,582,000",45.6
1970,ILLINOIS,17,WHEAT,"1,030,000","1,075,000","49,543,000","38,110,000",37
1970,INDIANA,18,WHEAT,"731,000","759,000","36,587,000","28,144,000",38.5
1970,IOWA,19,WHEAT,"40,000","43,000","1,750,000","1,400,000",35
1970,KANSAS,20,WHEAT,"9,061,000","9,690,000","373,766,000","299,013,000",33
1970,KENTUCKY,21,WHEAT,"159,000","219,000","7,498,000","5,724,000",36
1970,LOUISIANA,22,WHEAT,"27,000","60,000","986,000","770,000",28.5
1970,MARYLAND,24,WHEAT,"105,000","115,000","5,051,000","3,885,000",37
1970,MICHIGAN,26,WHEAT,"480,000","495,000","26,208,000","18,720,000",39
1970,MINNESOTA,27,WHEAT,"849,000","873,000","37,325,000","23,458,000",27.6
1970,MISSISSIPPI,28,WHEAT,"120,000","136,000","4,877,000","3,840,000",32
1970,MISSOURI,29,WHEAT,"855,000","975,000","35,551,000","28,215,000",33
1970,MONTANA,30,WHEAT,"3,383,000","3,506,000","111,395,000","85,167,000",25.2
1970,NEBRASKA,31,WHEAT,"2,410,000","2,565,000","111,728,000","91,580,000",38
1970,NEVADA,32,WHEAT,"14,000","16,000","1,126,000","810,000",57.9
1970,NEW JERSEY,34,WHEAT,"30,000","40,000","1,510,000","1,110,000",37
1970,NEW MEXICO,35,WHEAT,"184,000","297,000","6,707,000","4,968,000",27
1970,NEW YORK,36,WHEAT,"131,000","141,000","7,483,000","5,502,000",42
1970,NORTH CAROLINA,37,WHEAT,"198,000","234,000","11,324,000","8,514,000",43
1970,NORTH DAKOTA,38,WHEAT,"6,641,000","6,787,000","226,833,000","156,564,000",23.6
1970,OHIO,39,WHEAT,"925,000","948,000","49,562,000","35,150,000",38
1970,OKLAHOMA,40,WHEAT,"3,900,000","5,025,000","134,862,000","101,400,000",26
1970,OREGON,41,WHEAT,"673,000","735,000","39,007,000","26,717,000",39.7
1970,PENNSYLVANIA,42,WHEAT,"275,000","286,000","12,887,000","9,075,000",33
1970,SOUTH CAROLINA,45,WHEAT,"81,000","86,000","3,502,000","2,673,000",33
1970,SOUTH DAKOTA,46,WHEAT,"1,775,000","1,895,000","56,483,000","39,280,000",22.1
1970,TENNESSEE,47,WHEAT,"187,000","220,000","8,770,000","6,545,000",35
1970,TEXAS,48,WHEAT,"2,267,000","3,547,000","70,730,000","54,408,000",24
1970,UTAH,49,WHEAT,"212,000","223,000","8,528,000","6,081,000",28.7
1970,VIRGINIA,51,WHEAT,"174,000","190,000","10,336,000","7,656,000",44
1970,WASHINGTON,53,WHEAT,"2,108,000","2,309,000","137,344,000","92,800,000",44
1970,WEST VIRGINIA,54,WHEAT,"14,000","17,000","730,000","518,000",37
1970,WISCONSIN,55,WHEAT,"31,000","33,000","1,487,000","1,110,000",35.8
1970,WYOMING,56,WHEAT,"213,000","251,000","7,144,000","6,092,000",28.6
1969,ALABAMA,1,CORN,654000,785000,29352000,21582000,33
1969,ARIZONA,4,CORN,20000,32000,794000,540000,27
1969,ARKANSAS,5,CORN,43000,62000,1950000,1548000,36
1969,CALIFORNIA,6,CORN,177000,286000,23449000,16284000,92
1969,COLORADO,8,CORN,334000,600000,37441000,31730000,95
1969,CONNECTICUT,9,CORN,,46000,,,
1969,DELAWARE,10,CORN,180000,192000,17550000,14040000,78
1969,FLORIDA,12,CORN,327000,380000,16324000,12753000,39
1969,GEORGIA,13,CORN,1590000,1767000,76241000,55650000,35
1969,IDAHO,16,CORN,28000,93000,3165000,2380000,85
1969,ILLINOIS,17,CORN,9698000,10081000,1167251000,989196000,102
1969,INDIANA,18,CORN,4620000,4813000,531300000,462000000,100
1969,IOWA,19,CORN,9549000,10449000,1049340000,945351000,99
1969,KANSAS,20,CORN,1208000,1515000,107838000,95432000,79
1969,KENTUCKY,21,CORN,945000,1087000,94595000,72765000,77
1969,LOUISIANA,22,CORN,121000,151000,6044000,4477000,37
1969,MAINE,23,CORN,,23000,,,
1969,MARYLAND,24,CORN,487000,581000,50098000,39447000,81
1969,MASSACHUSETTS,25,CORN,,31000,,,
1969,MICHIGAN,26,CORN,1240000,1602000,110261000,96720000,78
1969,MINNESOTA,27,CORN,4022000,4835000,367410000,349914000,87
1969,MISSISSIPPI,28,CORN,274000,358000,12012000,8768000,32
1969,MISSOURI,29,CORN,2700000,3068000,218484000,183600000,68
1969,MONTANA,30,CORN,6000,63000,543000,438000,73
1969,NEBRASKA,31,CORN,4620000,5040000,473365000,434280000,94
1969,NEVADA,32,CORN,,3000,,,
1969,NEW HAMPSHIRE,33,CORN,,16000,,,
1969,NEW JERSEY,34,CORN,66000,104000,7154000,5379000,81.5
1969,NEW MEXICO,35,CORN,21000,51000,1646000,1176000,56
1969,NEW YORK,36,CORN,260000,789000,29614000,22100000,85
1969,NORTH CAROLINA,37,CORN,1281000,1456000,112369000,87108000,68
1969,NORTH DAKOTA,38,CORN,130000,527000,7410000,7410000,57
1969,OHIO,39,CORN,2773000,3043000,284676000,241251000,87
1969,OKLAHOMA,40,CORN,62000,105000,3901000,3224000,52
1969,OREGON,41,CORN,9000,34000,1058000,756000,84
1969,PENNSYLVANIA,42,CORN,868000,1212000,104646000,76384000,88
1969,RHODE ISLAND,44,CORN,,4000,,,
1969,SOUTH CAROLINA,45,CORN,423000,494000,28130000,21150000,50
1969,SOUTH DAKOTA,46,CORN,2346000,3227000,132901000,129030000,55
1969,TENNESSEE,47,CORN,605000,759000,40729000,30855000,51
1969,TEXAS,48,CORN,597000,779000,33886000,26268000,44
1969,UTAH,49,CORN,6000,54000,689000,510000,85
1969,VERMONT,50,CORN,,68000,,,
1969,VIRGINIA,51,CORN,444000,653000,43761000,34188000,77
1969,WASHINGTON,53,CORN,33000,83000,4732000,3531000,107
1969,WEST VIRGINIA,54,CORN,49000,82000,4731000,3479000,71
1969,WISCONSIN,55,CORN,1736000,2715000,177211000,152768000,88
1969,WYOMING,56,CORN,22000,66000,1946000,1595000,72.5
1969,ALABAMA,1,SOYBEANS,630000,660000,32744000,14175000,22.5
1969,ARKANSAS,5,SOYBEANS,4400000,4478000,222684000,92400000,21
1969,DELAWARE,10,SOYBEANS,156000,159000,10450000,4524000,29
1969,FLORIDA,12,SOYBEANS,169000,174000,10140000,4225000,25
1969,GEORGIA,13,SOYBEANS,400000,440000,24888000,10200000,25.5
1969,ILLINOIS,17,SOYBEANS,6730000,6846000,544592000,228820000,34
1969,INDIANA,18,SOYBEANS,3311000,3333000,242630000,105952000,32
1969,IOWA,19,SOYBEANS,5450000,5632000,418015000,177125000,32.5
1969,KANSAS,20,SOYBEANS,852000,866000,43503000,19596000,23
1969,KENTUCKY,21,SOYBEANS,450000,485000,29232000,12600000,28
1969,LOUISIANA,22,SOYBEANS,1608000,1696000,77795000,32964000,20.5
1969,MARYLAND,24,SOYBEANS,210000,215000,14973000,6510000,31
1969,MICHIGAN,26,SOYBEANS,495000,505000,27105000,11633000,23.5
1969,MINNESOTA,27,SOYBEANS,3000000,3040000,177750000,75000000,25
1969,MISSISSIPPI,28,SOYBEANS,2535000,2608000,121173000,50700000,20
1969,MISSOURI,29,SOYBEANS,3150000,3252000,186354000,80325000,25.5
1969,NEBRASKA,31,SOYBEANS,766000,777000,55765000,24895000,32.5
1969,NEW JERSEY,34,SOYBEANS,50000,53000,3335000,1425000,28.5
1969,NEW YORK,36,SOYBEANS,5000,5000,258000,123000,24.5
1969,NORTH CAROLINA,37,SOYBEANS,885000,1000000,54534000,23010000,26
1969,NORTH DAKOTA,38,SOYBEANS,200000,202000,7752000,3400000,17
1969,OHIO,39,SOYBEANS,2475000,2510000,172311000,73013000,29.5
1969,OKLAHOMA,40,SOYBEANS,220000,240000,8593000,3960000,18
1969,PENNSYLVANIA,42,SOYBEANS,25000,27000,1725000,750000,30
1969,SOUTH CAROLINA,45,SOYBEANS,1000000,1030000,53325000,22500000,22.5
1969,SOUTH DAKOTA,46,SOYBEANS,243000,256000,13180000,5832000,24
1969,TENNESSEE,47,SOYBEANS,1125000,1200000,62370000,27000000,24
1969,TEXAS,48,SOYBEANS,262000,282000,15992000,7336000,28
1969,VIRGINIA,51,SOYBEANS,361000,383000,22245000,9386000,26
1969,WISCONSIN,55,SOYBEANS,174000,180000,8791000,3741000,21.5
1969,ALABAMA,1,WHEAT,"87,000","123,000","3,028,000","2,523,000",29
1969,ARIZONA,4,WHEAT,"73,000","81,000","6,698,000","4,526,000",62
1969,ARKANSAS,5,WHEAT,"238,000","300,000","8,354,000","7,140,000",30
1969,CALIFORNIA,6,WHEAT,"405,000","444,000","22,326,000","15,380,000",38
1969,COLORADO,8,WHEAT,"1,962,000","2,684,000","47,687,000","42,201,000",21.5
1969,DELAWARE,10,WHEAT,"20,000","22,000","968,000","820,000",41
1969,FLORIDA,12,WHEAT,"35,000","40,000","1,281,000","1,050,000",30
1969,GEORGIA,13,WHEAT,"76,000","98,000","3,378,000","2,660,000",35
1969,IDAHO,16,WHEAT,"1,022,000","1,136,000","56,026,000","44,666,000",43.7
1969,ILLINOIS,17,WHEAT,"1,273,000","1,330,000","57,081,000","48,374,000",38
1969,INDIANA,18,WHEAT,"870,000","925,000","39,672,000","34,800,000",40
1969,IOWA,19,WHEAT,"44,000","54,000","1,725,000","1,474,000",33.5
1969,KANSAS,20,WHEAT,"9,849,000","10,767,000","363,330,000","305,319,000",31
1969,KENTUCKY,21,WHEAT,"169,000","236,000","7,010,000","5,746,000",34
1969,LOUISIANA,22,WHEAT,"26,000","55,000","715,000","611,000",23.5
1969,MARYLAND,24,WHEAT,"108,000","116,000","5,227,000","4,320,000",40
1969,MICHIGAN,26,WHEAT,"565,000","610,000","27,120,000","22,600,000",40
1969,MINNESOTA,27,WHEAT,"853,000","866,000","37,408,000","25,605,000",30
1969,MISSISSIPPI,28,WHEAT,"87,000","107,000","2,725,000","2,349,000",27
1969,MISSOURI,29,WHEAT,"950,000","1,090,000","34,751,000","29,450,000",31
1969,MONTANA,30,WHEAT,"3,750,000","3,920,000","122,319,000","99,754,000",26.6
1969,NEBRASKA,31,WHEAT,"2,650,000","2,910,000","97,666,000","83,475,000",31.5
1969,NEVADA,32,WHEAT,"12,000","14,000","1,063,000","765,000",63.8
1969,NEW JERSEY,34,WHEAT,"32,000","46,000","1,468,000","1,184,000",37
1969,NEW MEXICO,35,WHEAT,"159,000","288,000","4,923,000","3,816,000",24
1969,NEW YORK,36,WHEAT,"160,000","172,000","7,330,000","6,160,000",38.5
1969,NORTH CAROLINA,37,WHEAT,"198,000","227,000","10,229,000","8,316,000",42
1969,NORTH DAKOTA,38,WHEAT,"6,988,000","7,101,000","281,758,000","208,360,000",29.8
1969,OHIO,39,WHEAT,"1,017,000","1,053,000","45,989,000","38,646,000",38
1969,OKLAHOMA,40,WHEAT,"4,350,000","5,450,000","149,814,000","121,800,000",28
1969,OREGON,41,WHEAT,"772,000","817,000","38,647,000","29,502,000",38.2
1969,PENNSYLVANIA,42,WHEAT,"300,000","315,000","13,526,000","10,650,000",35.5
1969,SOUTH CAROLINA,45,WHEAT,"82,000","88,000","3,588,000","2,870,000",35
1969,SOUTH DAKOTA,46,WHEAT,"1,921,000","2,138,000","57,890,000","42,601,000",22.2
1969,TENNESSEE,47,WHEAT,"175,000","212,000","7,219,000","5,775,000",33
1969,TEXAS,48,WHEAT,"2,869,000","4,124,000","86,070,000","68,856,000",24
1969,UTAH,49,WHEAT,"234,000","247,000","8,283,000","6,258,000",26.7
1969,VIRGINIA,51,WHEAT,"166,000","183,000","8,994,000","7,138,000",43
1969,WASHINGTON,53,WHEAT,"2,312,000","2,722,000","115,284,000","88,680,000",38.4
1969,WEST VIRGINIA,54,WHEAT,"14,000","17,000","587,000","462,000",33
1969,WISCONSIN,55,WHEAT,"34,000","37,000","1,354,000","1,179,000",34.7
1969,WYOMING,56,WHEAT,"239,000","285,000","5,227,000","4,818,000",20.2
1968,ALABAMA,1,CORN,711000,831000,30203000,25596000,36
1968,ARIZONA,4,CORN,17000,29000,805000,544000,32
1968,ARKANSAS,5,CORN,51000,59000,2530000,2091000,41
1968,CALIFORNIA,6,CORN,185000,280000,23902000,17575000,95
1968,COLORADO,8,CORN,282000,519000,27566000,23970000,85
1968,CONNECTICUT,9,CORN,,45000,,,
1968,DELAWARE,10,CORN,177000,192000,9887000,8673000,49
1968,FLORIDA,12,CORN,396000,457000,19792000,16632000,42
1968,GEORGIA,13,CORN,1565000,1758000,73242000,62600000,40
1968,IDAHO,16,CORN,24000,83000,2440000,1968000,82
1968,ILLINOIS,17,CORN,10088000,10379000,998712000,907920000,90
1968,INDIANA,18,CORN,4736000,4925000,437606000,416768000,88
1968,IOWA,19,CORN,9775000,10346000,972710000,909075000,93
1968,KANSAS,20,CORN,1134000,1448000,93759000,88452000,78
1968,KENTUCKY,21,CORN,1027000,1166000,79305000,67782000,66
1968,LOUISIANA,22,CORN,139000,157000,9035000,7228000,52
1968,MAINE,23,CORN,,19000,,,
1968,MARYLAND,24,CORN,484000,570000,35138000,31944000,66
1968,MASSACHUSETTS,25,CORN,,29000,,,
1968,MICHIGAN,26,CORN,1250000,1655000,100425000,97500000,78
1968,MINNESOTA,27,CORN,4548000,5400000,380395000,372936000,82
1968,MISSISSIPPI,28,CORN,362000,430000,17506000,14118000,39
1968,MISSOURI,29,CORN,2958000,3189000,267610000,245514000,83
1968,MONTANA,30,CORN,4000,70000,378000,300000,75
1968,NEBRASKA,31,CORN,4239000,4839000,341918000,313686000,74
1968,NEVADA,32,CORN,,3000,,,
1968,NEW HAMPSHIRE,33,CORN,,15000,,,
1968,NEW JERSEY,34,CORN,54000,98000,4450000,3618000,67
1968,NEW MEXICO,35,CORN,20000,48000,1496000,1100000,55
1968,NEW YORK,36,CORN,259000,754000,24864000,20720000,80
1968,NORTH CAROLINA,37,CORN,1348000,1515000,90586000,80880000,60
1968,NORTH DAKOTA,38,CORN,132000,627000,6597000,6468000,49
1968,OHIO,39,CORN,2884000,3112000,265386000,248024000,86
1968,OKLAHOMA,40,CORN,61000,88000,4349000,3782000,62
1968,OREGON,41,CORN,7000,32000,776000,539000,77
1968,PENNSYLVANIA,42,CORN,810000,1225000,70875000,56700000,70
1968,RHODE ISLAND,44,CORN,,4000,,,
1968,SOUTH CAROLINA,45,CORN,430000,485000,23942000,20640000,48
1968,SOUTH DAKOTA,46,CORN,2374000,3164000,113572000,109204000,46
1968,TENNESSEE,47,CORN,658000,792000,40375000,34216000,52
1968,TEXAS,48,CORN,501000,602000,29960000,26052000,52
1968,UTAH,49,CORN,3000,46000,273000,210000,70
1968,VERMONT,50,CORN,,59000,,,
1968,VIRGINIA,51,CORN,444000,662000,35307000,31524000,71
1968,WASHINGTON,53,CORN,20000,62000,2522000,1940000,97
1968,WEST VIRGINIA,54,CORN,47000,82000,3522000,2773000,59
1968,WISCONSIN,55,CORN,1754000,2715000,179960000,166630000,95
1968,WYOMING,56,CORN,22000,61000,1947000,1650000,75
1968,ALABAMA,1,SOYBEANS,550000,580000,29282000,12100000,22
1968,ARKANSAS,5,SOYBEANS,4150000,4170000,223685000,91300000,22
1968,DELAWARE,10,SOYBEANS,156000,159000,7114000,2964000,19
1968,FLORIDA,12,SOYBEANS,143000,145000,8374000,3432000,24
1968,GEORGIA,13,SOYBEANS,410000,460000,16072000,6560000,16
1968,ILLINOIS,17,SOYBEANS,6663000,6717000,520512000,209884000,31.5
1968,INDIANA,18,SOYBEANS,3246000,3267000,249293000,103872000,32
1968,IOWA,19,SOYBEANS,5561000,5576000,434203000,177952000,32
1968,KANSAS,20,SOYBEANS,957000,973000,55028000,23925000,25
1968,KENTUCKY,21,SOYBEANS,445000,470000,28185000,11793000,26.5
1968,LOUISIANA,22,SOYBEANS,1436000,1475000,94604000,38772000,27
1968,MARYLAND,24,SOYBEANS,209000,214000,12488000,5225000,25
1968,MICHIGAN,26,SOYBEANS,463000,480000,28771000,12038000,26
1968,MINNESOTA,27,SOYBEANS,3232000,3286000,172072000,71104000,22
1968,MISSISSIPPI,28,SOYBEANS,2250000,2320000,137813000,56250000,25
1968,MISSOURI,29,SOYBEANS,3663000,3695000,246154000,102564000,28
1968,NEBRASKA,31,SOYBEANS,782000,801000,43737000,18377000,23.5
1968,NEW JERSEY,34,SOYBEANS,45000,48000,2560000,1080000,24
1968,NEW YORK,36,SOYBEANS,6000,6000,297000,132000,22
1968,NORTH CAROLINA,37,SOYBEANS,972000,1163000,41504000,17010000,17.5
1968,NORTH DAKOTA,38,SOYBEANS,215000,219000,7764000,3332000,15.5
1968,OHIO,39,SOYBEANS,2325000,2340000,170191000,70913000,30.5
1968,OKLAHOMA,40,SOYBEANS,195000,205000,9378000,4095000,21
1968,PENNSYLVANIA,42,SOYBEANS,22000,25000,1225000,528000,24
1968,SOUTH CAROLINA,45,SOYBEANS,1000000,1050000,32110000,13000000,13
1968,SOUTH DAKOTA,46,SOYBEANS,300000,305000,12443000,5250000,17.5
1968,TENNESSEE,47,SOYBEANS,1150000,1220000,57719000,24150000,21
1968,TEXAS,48,SOYBEANS,312000,332000,19628000,8424000,27
1968,VIRGINIA,51,SOYBEANS,372000,399000,17246000,7068000,19
1968,WISCONSIN,55,SOYBEANS,161000,165000,9119000,3864000,24
1968,ALABAMA,1,WHEAT,"111,000","144,000","3,330,000","2,775,000",25
1968,ARIZONA,4,WHEAT,"52,000","57,000","3,569,000","2,704,000",52
1968,ARKANSAS,5,WHEAT,"542,000","626,000","15,718,000","13,550,000",25
1968,CALIFORNIA,6,WHEAT,"415,000","449,000","18,872,000","13,919,000",33.5
1968,COLORADO,8,WHEAT,"1,878,000","2,920,000","42,063,000","37,560,000",20
1968,DELAWARE,10,WHEAT,"24,000","26,000","845,000","768,000",32
1968,FLORIDA,12,WHEAT,"43,000","49,000","1,420,000","1,118,000",26
1968,GEORGIA,13,WHEAT,"109,000","134,000","3,693,000","3,052,000",28
1968,IDAHO,16,WHEAT,"1,200,000","1,300,000","62,849,000","54,570,000",45.5
1968,ILLINOIS,17,WHEAT,"1,384,000","1,461,000","61,962,000","51,208,000",37
1968,INDIANA,18,WHEAT,"977,000","1,039,000","38,298,000","34,195,000",35
1968,IOWA,19,WHEAT,"54,000","55,000","2,391,000","1,944,000",36
1968,KANSAS,20,WHEAT,"9,751,000","11,963,000","309,302,000","253,526,000",26
1968,KENTUCKY,21,WHEAT,"201,000","265,000","7,357,000","6,030,000",30
1968,LOUISIANA,22,WHEAT,"96,000","165,000","2,534,000","2,112,000",22
1968,MARYLAND,24,WHEAT,"125,000","138,000","4,560,000","4,000,000",32
1968,MICHIGAN,26,WHEAT,"820,000","850,000","31,586,000","29,520,000",36
1968,MINNESOTA,27,WHEAT,"1,031,000","1,077,000","47,213,000","33,953,000",32.9
1968,MISSISSIPPI,28,WHEAT,"335,000","398,000","9,548,000","8,375,000",25
1968,MISSOURI,29,WHEAT,"1,200,000","1,350,000","47,124,000","39,600,000",33
1968,MONTANA,30,WHEAT,"4,550,000","4,722,000","146,591,000","125,869,000",27.7
1968,NEBRASKA,31,WHEAT,"3,070,000","3,240,000","114,941,000","98,240,000",32
1968,NEVADA,32,WHEAT,"13,000","16,000","814,000","631,000",48.5
1968,NEW JERSEY,34,WHEAT,"43,000","56,000","1,866,000","1,505,000",35
1968,NEW MEXICO,35,WHEAT,"305,000","339,000","8,769,000","7,015,000",23
1968,NEW YORK,36,WHEAT,"192,000","208,000","8,536,000","7,296,000",38
1968,NORTH CAROLINA,37,WHEAT,"220,000","247,000","10,468,000","8,580,000",39
1968,NORTH DAKOTA,38,WHEAT,"8,030,000","8,237,000","298,751,000","214,840,000",26.8
1968,OHIO,39,WHEAT,"1,196,000","1,239,000","51,129,000","44,850,000",37.5
1968,OKLAHOMA,40,WHEAT,"5,400,000","6,180,000","155,250,000","124,200,000",23
1968,OREGON,41,WHEAT,"954,000","1,012,000","37,669,000","29,434,000",30.9
1968,PENNSYLVANIA,42,WHEAT,"375,000","394,000","13,680,000","12,000,000",32
1968,SOUTH CAROLINA,45,WHEAT,"104,000","110,000","3,482,000","2,808,000",27
1968,SOUTH DAKOTA,46,WHEAT,"2,407,000","2,513,000","86,174,000","65,600,000",27.3
1968,TENNESSEE,47,WHEAT,"273,000","321,000","9,479,000","7,644,000",28
1968,TEXAS,48,WHEAT,"3,825,000","4,909,000","106,029,000","84,150,000",22
1968,UTAH,49,WHEAT,"259,000","275,000","9,204,000","7,284,000",28.1
1968,VIRGINIA,51,WHEAT,"178,000","200,000","7,262,000","6,052,000",34
1968,WASHINGTON,53,WHEAT,"2,682,000","2,785,000","133,498,000","103,473,000",38.6
1968,WEST VIRGINIA,54,WHEAT,"16,000","19,000","610,000","496,000",31
1968,WISCONSIN,55,WHEAT,"51,000","53,000","1,999,000","1,839,000",36.1
1968,WYOMING,56,WHEAT,"274,000","319,000","8,696,000","8,350,000",30.5
1967,ALABAMA,1,CORN,899000,1023000,49013000,42253000,47
1967,ARIZONA,4,CORN,21000,32000,1049000,777000,37
1967,ARKANSAS,5,CORN,62000,76000,3255000,2604000,42
1967,CALIFORNIA,6,CORN,220000,326000,24394000,18480000,84
1967,COLORADO,8,CORN,270000,510000,25461000,22140000,82
1967,CONNECTICUT,9,CORN,,43000,,,
1967,DELAWARE,10,CORN,211000,223000,16943000,15403000,73
1967,FLORIDA,12,CORN,461000,531000,25355000,23050000,50
1967,GEORGIA,13,CORN,1613000,1794000,103845000,93554000,58
1967,IDAHO,16,CORN,22000,82000,2317000,1782000,81
1967,ILLINOIS,17,CORN,10788000,11087000,1144391000,1121952000,104
1967,INDIANA,18,CORN,5382000,5571000,458223000,462852000,86
1967,IOWA,19,CORN,11145000,12171000,996195000,986332000,88.5
1967,KANSAS,20,CORN,1060000,1366000,76405000,72080000,68
1967,KENTUCKY,21,CORN,1168000,1296000,104653000,93440000,80
1967,LOUISIANA,22,CORN,148000,168000,9620000,7400000,50
1967,MAINE,23,CORN,,16000,,,
1967,MARYLAND,24,CORN,526000,606000,46151000,43132000,82
1967,MASSACHUSETTS,25,CORN,,29000,,,
1967,MICHIGAN,26,CORN,1390000,1790000,91684000,94520000,68
1967,MINNESOTA,27,CORN,4943000,6069000,348778000,355896000,72
1967,MISSISSIPPI,28,CORN,420000,467000,22403000,17640000,42
1967,MISSOURI,29,CORN,2929000,3357000,222311000,202101000,69
1967,MONTANA,30,CORN,7000,70000,619000,476000,68
1967,NEBRASKA,31,CORN,4510000,4989000,350427000,333740000,74
1967,NEVADA,32,CORN,,6000,,,
1967,NEW HAMPSHIRE,33,CORN,,15000,,,
1967,NEW JERSEY,34,CORN,72000,113000,7603000,6336000,88
1967,NEW MEXICO,35,CORN,16000,45000,1064000,800000,50
1967,NEW YORK,36,CORN,291000,754000,28861000,25317000,87
1967,NORTH CAROLINA,37,CORN,1381000,1551000,117551000,104956000,76
1967,NORTH DAKOTA,38,CORN,133000,713000,5586000,5586000,42
1967,OHIO,39,CORN,3240000,3527000,258520000,255960000,79
1967,OKLAHOMA,40,CORN,30000,61000,1524000,1200000,40
1967,OREGON,41,CORN,9000,36000,976000,702000,78
1967,PENNSYLVANIA,42,CORN,921000,1250000,94826000,81048000,88
1967,RHODE ISLAND,44,CORN,,4000,,,
1967,SOUTH CAROLINA,45,CORN,425000,495000,30566000,26350000,62
1967,SOUTH DAKOTA,46,CORN,2422000,3637000,95717000,92036000,38
1967,TENNESSEE,47,CORN,783000,900000,53127000,46197000,59
1967,TEXAS,48,CORN,491000,602000,24629000,18658000,38
1967,UTAH,49,CORN,3000,46000,315000,228000,76
1967,VERMONT,50,CORN,,54000,,,
1967,VIRGINIA,51,CORN,485000,688000,41778000,35405000,73
1967,WASHINGTON,53,CORN,18000,54000,2202000,1656000,92
1967,WEST VIRGINIA,54,CORN,56000,87000,4444000,3584000,64
1967,WISCONSIN,55,CORN,1703000,2770000,149830000,141349000,83
1967,WYOMING,56,CORN,20000,56000,1624000,1400000,70
1967,ALABAMA,1,SOYBEANS,484000,512000,32065000,12826000,26.5
1967,ARKANSAS,5,SOYBEANS,3989000,4025000,228450000,91747000,23
1967,DELAWARE,10,SOYBEANS,146000,149000,9262000,3796000,26
1967,FLORIDA,12,SOYBEANS,100000,102000,7028000,2800000,28
1967,GEORGIA,13,SOYBEANS,500000,540000,30750000,12500000,25
1967,ILLINOIS,17,SOYBEANS,6009000,6045000,471286000,186279000,31
1967,INDIANA,18,SOYBEANS,2898000,2917000,176082000,71001000,24.5
1967,IOWA,19,SOYBEANS,5246000,5361000,360663000,144265000,27.5
1967,KANSAS,20,SOYBEANS,825000,846000,44920000,18562000,22.5
1967,KENTUCKY,21,SOYBEANS,388000,420000,26617000,10864000,28
1967,LOUISIANA,22,SOYBEANS,1306000,1353000,75095000,30038000,23
1967,MARYLAND,24,SOYBEANS,187000,193000,13005000,5330000,28.5
1967,MICHIGAN,26,SOYBEANS,509000,522000,25145000,10180000,20
1967,MINNESOTA,27,SOYBEANS,3591000,3644000,174360000,70024000,19.5
1967,MISSISSIPPI,28,SOYBEANS,2200000,2290000,127512000,50600000,23
1967,MISSOURI,29,SOYBEANS,3423000,3519000,186006000,75306000,22
1967,NEBRASKA,31,SOYBEANS,782000,801000,42932000,17595000,22.5
1967,NEW JERSEY,34,SOYBEANS,37000,40000,2386000,962000,26
1967,NEW YORK,36,SOYBEANS,4000,4000,215000,92000,23
1967,NORTH CAROLINA,37,SOYBEANS,1117000,1264000,67594000,27366000,24.5
1967,NORTH DAKOTA,38,SOYBEANS,290000,300000,9048000,3770000,13
1967,OHIO,39,SOYBEANS,2231000,2256000,126499000,50198000,22.5
1967,OKLAHOMA,40,SOYBEANS,164000,174000,8940000,3772000,23
1967,PENNSYLVANIA,42,SOYBEANS,22000,25000,1420000,594000,27
1967,SOUTH CAROLINA,45,SOYBEANS,1046000,1077000,59073000,23535000,22.5
1967,SOUTH DAKOTA,46,SOYBEANS,370000,377000,14896000,6105000,16.5
1967,TENNESSEE,47,SOYBEANS,1115000,1185000,67736000,27875000,25
1967,TEXAS,48,SOYBEANS,258000,270000,15831000,6708000,26
1967,VIRGINIA,51,SOYBEANS,383000,416000,20091000,8234000,21.5
1967,WISCONSIN,55,SOYBEANS,185000,192000,8612000,3515000,19
1967,ALABAMA,1,WHEAT,"112,000","130,000","4,005,000","2,688,000",24
1967,ARIZONA,4,WHEAT,"50,000","55,000","3,724,000","2,450,000",49
1967,ARKANSAS,5,WHEAT,"661,000","705,000","26,562,000","18,838,000",28.5
1967,CALIFORNIA,6,WHEAT,"364,000","399,000","17,674,000","12,180,000",33.5
1967,COLORADO,8,WHEAT,"1,834,000","3,158,000","44,476,000","35,858,000",19.6
1967,DELAWARE,10,WHEAT,"28,000","29,000","1,482,000","1,176,000",42
1967,FLORIDA,12,WHEAT,"40,000","50,000","1,478,000","960,000",24
1967,GEORGIA,13,WHEAT,"125,000","148,000","4,940,000","3,250,000",26
1967,IDAHO,16,WHEAT,"1,280,000","1,378,000","74,554,000","56,440,000",44.1
1967,ILLINOIS,17,WHEAT,"1,845,000","1,897,000","100,017,000","71,955,000",39
1967,INDIANA,18,WHEAT,"1,237,000","1,267,000","59,042,000","45,769,000",37
1967,IOWA,19,WHEAT,"60,000","65,000","2,360,000","1,650,000",27.5
1967,KANSAS,20,WHEAT,"11,081,000","13,146,000","299,187,000","221,620,000",20
1967,KENTUCKY,21,WHEAT,"231,000","288,000","10,839,000","7,854,000",34
1967,LOUISIANA,22,WHEAT,"100,000","165,000","3,770,000","2,600,000",26
1967,MARYLAND,24,WHEAT,"149,000","161,000","7,148,000","5,811,000",39
1967,MICHIGAN,26,WHEAT,"1,120,000","1,133,000","50,803,000","40,320,000",36
1967,MINNESOTA,27,WHEAT,"1,052,000","1,062,000","51,411,000","33,795,000",32.1
1967,MISSISSIPPI,28,WHEAT,"372,000","452,000","16,070,000","11,160,000",30
1967,MISSOURI,29,WHEAT,"1,600,000","1,825,000","72,192,000","51,200,000",32
1967,MONTANA,30,WHEAT,"4,734,000","4,825,000","154,040,000","119,136,000",25.2
1967,NEBRASKA,31,WHEAT,"3,265,000","3,520,000","114,210,000","86,523,000",26.5
1967,NEVADA,32,WHEAT,"18,000","19,000","1,585,000","1,140,000",63.3
1967,NEW JERSEY,34,WHEAT,"50,000","61,000","2,594,000","1,950,000",39
1967,NEW MEXICO,35,WHEAT,"141,000","372,000","5,409,000","3,948,000",28
1967,NEW YORK,36,WHEAT,"232,000","249,000","11,853,000","9,048,000",39
1967,NORTH CAROLINA,37,WHEAT,"239,000","281,000","10,891,000","7,409,000",31
1967,NORTH DAKOTA,38,WHEAT,"8,007,000","8,216,000","274,407,000","181,248,000",22.6
1967,OHIO,39,WHEAT,"1,514,000","1,549,000","67,434,000","51,476,000",34
1967,OKLAHOMA,40,WHEAT,"5,217,000","6,480,000","130,373,000","88,689,000",17
1967,OREGON,41,WHEAT,"1,030,000","1,063,000","46,257,000","32,575,000",31.6
1967,PENNSYLVANIA,42,WHEAT,"480,000","505,000","22,637,000","17,280,000",36
1967,SOUTH CAROLINA,45,WHEAT,"112,000","120,000","4,571,000","2,968,000",26.5
1967,SOUTH DAKOTA,46,WHEAT,"2,637,000","2,711,000","103,655,000","73,892,000",28
1967,TENNESSEE,47,WHEAT,"294,000","328,000","12,877,000","8,820,000",30
1967,TEXAS,48,WHEAT,"3,326,000","5,578,000","77,695,000","53,216,000",16
1967,UTAH,49,WHEAT,"270,000","279,000","11,568,000","8,239,000",30.5
1967,VIRGINIA,51,WHEAT,"205,000","225,000","10,117,000","7,175,000",35
1967,WASHINGTON,53,WHEAT,"2,858,000","2,938,000","161,806,000","113,948,000",39.9
1967,WEST VIRGINIA,54,WHEAT,"20,000","24,000","1,103,000","740,000",37
1967,WISCONSIN,55,WHEAT,"58,000","62,000","2,960,000","2,160,000",37.2
1967,WYOMING,56,WHEAT,"305,000","346,000","10,331,000","8,444,000",27.7
1966,ALABAMA,1,CORN,872000,991000,43286000,29648000,34
1966,ARIZONA,4,CORN,19000,31000,1081000,684000,36
1966,ARKANSAS,5,CORN,76000,92000,3129000,2318000,30.5
1966,CALIFORNIA,6,CORN,180000,279000,25006000,16560000,92
1966,COLORADO,8,CORN,223000,451000,23549000,17840000,80
1966,CONNECTICUT,9,CORN,1000,43000,126000,72000,72
1966,DELAWARE,10,CORN,209000,225000,11516000,7942000,38
1966,FLORIDA,12,CORN,359000,450000,20994000,15437000,43
1966,GEORGIA,13,CORN,1427000,1646000,89587000,61361000,43
1966,IDAHO,16,CORN,18000,80000,1899000,1386000,77
1966,ILLINOIS,17,CORN,10342000,10684000,1060055000,848044000,82
1966,INDIANA,18,CORN,5077000,5256000,499577000,406160000,80
1966,IOWA,19,CORN,10132000,10676000,1055045000,901748000,89
1966,KANSAS,20,CORN,1029000,1366000,76393000,59682000,58
1966,KENTUCKY,21,CORN,1102000,1229000,88424000,65018000,59
1966,LOUISIANA,22,CORN,151000,180000,9173000,6795000,45
1966,MAINE,23,CORN,,15000,,,
1966,MARYLAND,24,CORN,446000,588000,28847000,19624000,44
1966,MASSACHUSETTS,25,CORN,2000,29000,252000,144000,72
1966,MICHIGAN,26,CORN,1390000,1780000,115314000,94520000,68
1966,MINNESOTA,27,CORN,4494000,5313000,396191000,341544000,76
1966,MISSISSIPPI,28,CORN,447000,513000,23655000,16092000,36
1966,MISSOURI,29,CORN,2844000,3108000,236621000,182016000,64
1966,MONTANA,30,CORN,5000,68000,435000,320000,64
1966,NEBRASKA,31,CORN,4100000,4415000,390320000,328000000,80
1966,NEVADA,32,CORN,,7000,,,
1966,NEW HAMPSHIRE,33,CORN,,14000,,,
1966,NEW JERSEY,34,CORN,53000,111000,3730000,2438000,46
1966,NEW MEXICO,35,CORN,13000,41000,824000,546000,42
1966,NEW YORK,36,CORN,217000,705000,23273000,16275000,75
1966,NORTH CAROLINA,37,CORN,1341000,1536000,88104000,60345000,45
1966,NORTH DAKOTA,38,CORN,182000,759000,8845000,8190000,45
1966,OHIO,39,CORN,3115000,3338000,329692000,261660000,84
1966,OKLAHOMA,40,CORN,37000,70000,1140000,814000,22
1966,OREGON,41,CORN,11000,38000,1229000,814000,74
1966,PENNSYLVANIA,42,CORN,672000,1225000,49392000,32928000,49
1966,RHODE ISLAND,44,CORN,,4000,,,
1966,SOUTH CAROLINA,45,CORN,390000,455000,23915000,16380000,42
1966,SOUTH DAKOTA,46,CORN,2550000,3399000,133901000,113475000,44.5
1966,TENNESSEE,47,CORN,768000,918000,55112000,39936000,52
1966,TEXAS,48,CORN,528000,602000,27181000,19008000,36
1966,UTAH,49,CORN,2000,43000,229000,160000,80
1966,VERMONT,50,CORN,1000,53000,133000,76000,76
1966,VIRGINIA,51,CORN,425000,681000,28543000,19550000,46
1966,WASHINGTON,53,CORN,21000,60000,2782000,1932000,92
1966,WEST VIRGINIA,54,CORN,47000,85000,3181000,2256000,48
1966,WISCONSIN,55,CORN,1670000,2638000,188109000,146960000,88
1966,WYOMING,56,CORN,14000,57000,1183000,910000,65
1966,ALABAMA,1,SOYBEANS,280000,310000,19277000,6860000,24.5
1966,ARKANSAS,5,SOYBEANS,3728000,3797000,234864000,83880000,22.5
1966,DELAWARE,10,SOYBEANS,142000,145000,4788000,1704000,12
1966,FLORIDA,12,SOYBEANS,80000,82000,6156000,2160000,27
1966,GEORGIA,13,SOYBEANS,301000,324000,19384000,6923000,23
1966,ILLINOIS,17,SOYBEANS,5941000,5989000,447536000,160407000,27
1966,INDIANA,18,SOYBEANS,2814000,2832000,202664000,73164000,26
1966,IOWA,19,SOYBEANS,4996000,5010000,396458000,147382000,29.5
1966,KANSAS,20,SOYBEANS,917000,930000,55706000,20632000,22.5
1966,KENTUCKY,21,SOYBEANS,310000,350000,21235000,7750000,25
1966,LOUISIANA,22,SOYBEANS,871000,890000,62059000,21775000,25
1966,MARYLAND,24,SOYBEANS,206000,217000,8191000,2884000,14
1966,MICHIGAN,26,SOYBEANS,480000,488000,29376000,10800000,22.5
1966,MINNESOTA,27,SOYBEANS,3356000,3374000,215858000,80544000,24
1966,MISSISSIPPI,28,SOYBEANS,1797000,1900000,117822000,42230000,23.5
1966,MISSOURI,29,SOYBEANS,3356000,3384000,229886000,83900000,25
1966,NEBRASKA,31,SOYBEANS,745000,749000,58022000,21978000,29.5
1966,NEW JERSEY,34,SOYBEANS,39000,42000,1889000,682000,17.5
1966,NEW YORK,36,SOYBEANS,3000,3000,152000,60000,20
1966,NORTH CAROLINA,37,SOYBEANS,923000,1045000,65302000,23075000,25
1966,NORTH DAKOTA,38,SOYBEANS,236000,242000,13700000,5310000,22.5
1966,OHIO,39,SOYBEANS,2105000,2118000,165578000,59992000,28.5
1966,OKLAHOMA,40,SOYBEANS,143000,149000,7665000,2860000,20
1966,PENNSYLVANIA,42,SOYBEANS,18000,22000,903000,342000,19
1966,SOUTH CAROLINA,45,SOYBEANS,879000,913000,54533000,19338000,22
1966,SOUTH DAKOTA,46,SOYBEANS,346000,349000,18407000,6920000,20
1966,TENNESSEE,47,SOYBEANS,871000,933000,59112000,21340000,24.5
1966,TEXAS,48,SOYBEANS,123000,135000,8635000,3321000,27
1966,VIRGINIA,51,SOYBEANS,355000,382000,18390000,6568000,18.5
1966,WISCONSIN,55,SOYBEANS,185000,190000,10064000,3700000,20
1966,ALABAMA,1,WHEAT,"59,000","71,000","2,693,000","1,652,000",28
1966,ARIZONA,4,WHEAT,"23,000","26,000","1,490,000","920,000",40
1966,ARKANSAS,5,WHEAT,"367,000","417,000","18,203,000","11,744,000",32
1966,CALIFORNIA,6,WHEAT,"270,000","295,000","11,288,000","7,455,000",27.6
1966,COLORADO,8,WHEAT,"2,458,000","2,822,000","69,125,000","44,316,000",18
1966,DELAWARE,10,WHEAT,"20,000","21,000","1,085,000","700,000",35
1966,FLORIDA,12,WHEAT,"23,000","33,000","1,005,000","644,000",28
1966,GEORGIA,13,WHEAT,"65,000","74,000","3,081,000","1,950,000",30
1966,IDAHO,16,WHEAT,"994,000","1,089,000","58,530,000","38,278,000",38.5
1966,ILLINOIS,17,WHEAT,"1,488,000","1,530,000","106,154,000","61,008,000",41
1966,INDIANA,18,WHEAT,"1,014,000","1,065,000","76,293,000","44,616,000",44
1966,IOWA,19,WHEAT,"45,000","47,000","2,614,000","1,485,000",33
1966,KANSAS,20,WHEAT,"10,260,000","11,047,000","328,115,000","200,070,000",19.5
1966,KENTUCKY,21,WHEAT,"170,000","240,000","9,132,000","5,780,000",34
1966,LOUISIANA,22,WHEAT,"55,000","98,000","2,372,000","1,540,000",28
1966,MARYLAND,24,WHEAT,"124,000","134,000","7,008,000","4,464,000",36
1966,MICHIGAN,26,WHEAT,"762,000","771,000","50,292,000","30,480,000",40
1966,MINNESOTA,27,WHEAT,"799,000","814,000","32,327,000","18,318,000",22.9
1966,MISSISSIPPI,28,WHEAT,"177,000","233,000","9,508,000","6,018,000",34
1966,MISSOURI,29,WHEAT,"1,210,000","1,337,000","69,115,000","41,140,000",34
1966,MONTANA,30,WHEAT,"3,745,000","3,885,000","148,782,000","99,694,000",26.6
1966,NEBRASKA,31,WHEAT,"2,860,000","2,980,000","163,163,000","100,100,000",35
1966,NEVADA,32,WHEAT,"18,000","19,000","1,310,000","873,000",48.5
1966,NEW JERSEY,34,WHEAT,"40,000","51,000","2,608,000","1,600,000",40
1966,NEW MEXICO,35,WHEAT,"147,000","305,000","7,903,000","4,704,000",32
1966,NEW YORK,36,WHEAT,"168,000","181,000","11,501,000","7,056,000",42
1966,NORTH CAROLINA,37,WHEAT,"165,000","201,000","7,970,000","4,950,000",30
1966,NORTH DAKOTA,38,WHEAT,"6,572,000","6,739,000","257,530,000","153,926,000",23.4
1966,OHIO,39,WHEAT,"1,183,000","1,220,000","78,433,000","46,137,000",39
1966,OKLAHOMA,40,WHEAT,"4,700,000","5,268,000","163,842,000","98,700,000",21
1966,OREGON,41,WHEAT,"757,000","806,000","40,382,000","25,558,000",33.8
1966,PENNSYLVANIA,42,WHEAT,"400,000","414,000","23,616,000","14,400,000",36
1966,SOUTH CAROLINA,45,WHEAT,"58,000","62,000","2,612,000","1,653,000",28.5
1966,SOUTH DAKOTA,46,WHEAT,"2,153,000","2,223,000","65,502,000","39,296,000",18.3
1966,TENNESSEE,47,WHEAT,"140,000","164,000","7,078,000","4,480,000",32
1966,TEXAS,48,WHEAT,"3,229,000","4,258,000","120,602,000","72,652,000",22.5
1966,UTAH,49,WHEAT,"223,000","235,000","9,662,000","5,940,000",26.6
1966,VIRGINIA,51,WHEAT,"145,000","163,000","7,147,000","4,495,000",31
1966,WASHINGTON,53,WHEAT,"2,235,000","2,437,000","140,270,000","89,344,000",40
1966,WEST VIRGINIA,54,WHEAT,"17,000","21,000","864,000","527,000",31
1966,WISCONSIN,55,WHEAT,"36,000","39,000","2,071,000","1,261,000",35
1966,WYOMING,56,WHEAT,"239,000","270,000","7,587,000","4,965,000",20.8
1965,ALABAMA,1,CORN,945000,1038000,50387000,40635000,43
1965,ARIZONA,4,CORN,20000,33000,857000,560000,28
1965,ARKANSAS,5,CORN,98000,110000,4605000,3626000,37
1965,CALIFORNIA,6,CORN,144000,227000,18455000,12816000,89
1965,COLORADO,8,CORN,192000,414000,17176000,13632000,71
1965,CONNECTICUT,9,CORN,1000,40000,111000,65000,65
1965,DELAWARE,10,CORN,199000,210000,18507000,14925000,75
1965,FLORIDA,12,CORN,352000,455000,18586000,15488000,44
1965,GEORGIA,13,CORN,1413000,1650000,86546000,69237000,49
1965,IDAHO,16,CORN,20000,82000,2040000,1500000,75
1965,ILLINOIS,17,CORN,9777000,10079000,1066084000,919038000,94
1965,INDIANA,18,CORN,4701000,4867000,494921000,441894000,94
1965,IOWA,19,CORN,9933000,10467000,920392000,814506000,82
1965,KANSAS,20,CORN,1050000,1289000,72482000,61950000,59
1965,KENTUCKY,21,CORN,1049000,1157000,90476000,72381000,69
1965,LOUISIANA,22,CORN,182000,213000,8026000,6370000,35
1965,MAINE,23,CORN,,13000,,,
1965,MARYLAND,24,CORN,474000,565000,42442000,35076000,74
1965,MASSACHUSETTS,25,CORN,2000,29000,255000,150000,75
1965,MICHIGAN,26,CORN,1481000,1945000,103892000,90341000,61
1965,MINNESOTA,27,CORN,4280000,5626000,276745000,261080000,61
1965,MISSISSIPPI,28,CORN,508000,563000,25288000,19304000,38
1965,MISSOURI,29,CORN,2941000,3237000,253661000,220575000,75
1965,MONTANA,30,CORN,3000,65000,217000,168000,56
1965,NEBRASKA,31,CORN,3565000,3873000,291974000,249550000,70
1965,NEVADA,32,CORN,,6000,,,
1965,NEW HAMPSHIRE,33,CORN,,13000,,,
1965,NEW JERSEY,34,CORN,62000,116000,6065000,4154000,67
1965,NEW MEXICO,35,CORN,15000,35000,837000,585000,39
1965,NEW YORK,36,CORN,205000,701000,16757000,12505000,61
1965,NORTH CAROLINA,37,CORN,1316000,1477000,113308000,92120000,70
1965,NORTH DAKOTA,38,CORN,196000,904000,7252000,7252000,37
1965,OHIO,39,CORN,3054000,3308000,264415000,225996000,74
1965,OKLAHOMA,40,CORN,52000,66000,2281000,1768000,34
1965,OREGON,41,CORN,13000,38000,1319000,897000,69
1965,PENNSYLVANIA,42,CORN,820000,1225000,76391000,55760000,68
1965,RHODE ISLAND,44,CORN,,5000,,,
1965,SOUTH CAROLINA,45,CORN,390000,444000,25260000,19890000,51
1965,SOUTH DAKOTA,46,CORN,2361000,3433000,102208000,92079000,39
1965,TENNESSEE,47,CORN,792000,900000,55884000,44352000,56
1965,TEXAS,48,CORN,587000,654000,24601000,19371000,33
1965,UTAH,49,CORN,3000,41000,331000,225000,75
1965,VERMONT,50,CORN,1000,53000,124000,73000,73
1965,VIRGINIA,51,CORN,494000,668000,42998000,33592000,68
1965,WASHINGTON,53,CORN,23000,61000,2432000,1725000,75
1965,WEST VIRGINIA,54,CORN,58000,87000,3944000,2900000,50
1965,WISCONSIN,55,CORN,1606000,2638000,142806000,122056000,76
1965,WYOMING,56,CORN,14000,51000,861000,700000,50
1965,ALABAMA,1,SOYBEANS,228000,257000,12390000,5016000,22
1965,ARKANSAS,5,SOYBEANS,3550000,3582000,195392000,76325000,21.5
1965,DELAWARE,10,SOYBEANS,139000,142000,8375000,3475000,25
1965,FLORIDA,12,SOYBEANS,78000,80000,4948000,2028000,26
1965,GEORGIA,13,SOYBEANS,209000,233000,10410000,4284000,20.5
1965,ILLINOIS,17,SOYBEANS,6021000,6076000,467141000,177620000,29.5
1965,INDIANA,18,SOYBEANS,2871000,2890000,199362000,80388000,28
1965,IOWA,19,SOYBEANS,4850000,4864000,329121000,126100000,26
1965,KANSAS,20,SOYBEANS,873000,886000,43816000,18333000,21
1965,KENTUCKY,21,SOYBEANS,295000,340000,17558000,7080000,24
1965,LOUISIANA,22,SOYBEANS,622000,642000,32229000,13373000,21.5
1965,MARYLAND,24,SOYBEANS,202000,207000,13035000,5454000,27
1965,MICHIGAN,26,SOYBEANS,440000,452000,24781000,9680000,22
1965,MINNESOTA,27,SOYBEANS,3166000,3217000,155213000,58571000,18.5
1965,MISSISSIPPI,28,SOYBEANS,1461000,1534000,81523000,32872000,22.5
1965,MISSOURI,29,SOYBEANS,3051000,3105000,192762000,79326000,26
1965,NEBRASKA,31,SOYBEANS,696000,720000,39582000,16356000,23.5
1965,NEW JERSEY,34,SOYBEANS,37000,40000,2236000,870000,23.5
1965,NEW YORK,36,SOYBEANS,3000,3000,108000,45000,15
1965,NORTH CAROLINA,37,SOYBEANS,776000,886000,46948000,19400000,25
1965,NORTH DAKOTA,38,SOYBEANS,211000,214000,9902000,4009000,19
1965,OHIO,39,SOYBEANS,2044000,2066000,129702000,50078000,24.5
1965,OKLAHOMA,40,SOYBEANS,152000,157000,5819000,2508000,16.5
1965,PENNSYLVANIA,42,SOYBEANS,16000,23000,937000,384000,24
1965,SOUTH CAROLINA,45,SOYBEANS,806000,839000,42823000,16926000,21
1965,SOUTH DAKOTA,46,SOYBEANS,333000,339000,13983000,5661000,17
1965,TENNESSEE,47,SOYBEANS,732000,811000,41285000,17202000,23.5
1965,TEXAS,48,SOYBEANS,82000,90000,4776000,2132000,26
1965,VIRGINIA,51,SOYBEANS,345000,364000,17609000,7072000,20.5
1965,WISCONSIN,55,SOYBEANS,160000,168000,7539000,3040000,19
1965,ALABAMA,1,WHEAT,"55,000","68,000","1,914,000","1,348,000",24.5
1965,ARIZONA,4,WHEAT,"26,000","28,000","1,825,000","1,170,000",45
1965,ARKANSAS,5,WHEAT,"356,000","393,000","11,848,000","9,256,000",26
1965,CALIFORNIA,6,WHEAT,"278,000","313,000","10,808,000","7,383,000",26.6
1965,COLORADO,8,WHEAT,"1,265,000","3,002,000","26,317,000","19,811,000",15.7
1965,DELAWARE,10,WHEAT,"20,000","21,000","851,000","660,000",33
1965,FLORIDA,12,WHEAT,"23,000","35,000","759,000","575,000",25
1965,GEORGIA,13,WHEAT,"63,000","72,000","2,594,000","1,827,000",29
1965,IDAHO,16,WHEAT,"1,085,000","1,201,000","62,027,000","47,973,000",44.2
1965,ILLINOIS,17,WHEAT,"1,600,000","1,719,000","76,680,000","56,800,000",35.5
1965,INDIANA,18,WHEAT,"1,114,000","1,224,000","47,791,000","36,205,000",32.5
1965,IOWA,19,WHEAT,"40,000","82,000","1,134,000","840,000",21
1965,KANSAS,20,WHEAT,"10,059,000","11,272,000","319,121,000","236,386,000",23.5
1965,KENTUCKY,21,WHEAT,"168,000","240,000","7,150,000","5,376,000",32
1965,LOUISIANA,22,WHEAT,"50,000","90,000","1,386,000","1,050,000",21
1965,MARYLAND,24,WHEAT,"124,000","135,000","5,396,000","4,216,000",34
1965,MICHIGAN,26,WHEAT,"802,000","876,000","37,052,000","26,466,000",33
1965,MINNESOTA,27,WHEAT,"830,000","851,000","34,287,000","23,091,000",27.8
1965,MISSISSIPPI,28,WHEAT,"153,000","199,000","5,428,000","4,208,000",27.5
1965,MISSOURI,29,WHEAT,"1,186,000","1,630,000","43,378,000","32,615,000",27.5
1965,MONTANA,30,WHEAT,"4,140,000","4,551,000","129,924,000","105,350,000",25.4
1965,NEBRASKA,31,WHEAT,"2,727,000","3,273,000","72,538,000","54,540,000",20
1965,NEVADA,32,WHEAT,"19,000","19,000","1,333,000","934,000",49.2
1965,NEW JERSEY,34,WHEAT,"37,000","47,000","1,890,000","1,350,000",36.5
1965,NEW MEXICO,35,WHEAT,"201,000","296,000","6,647,000","4,924,000",24.5
1965,NEW YORK,36,WHEAT,"185,000","200,000","9,446,000","6,845,000",37
1965,NORTH CAROLINA,37,WHEAT,"170,000","188,000","6,853,000","4,930,000",29
1965,NORTH DAKOTA,38,WHEAT,"6,841,000","6,989,000","247,449,000","177,915,000",26
1965,OHIO,39,WHEAT,"1,258,000","1,356,000","55,553,000","40,256,000",32
1965,OKLAHOMA,40,WHEAT,"4,747,000","5,321,000","180,766,000","132,916,000",28
1965,OREGON,41,WHEAT,"806,000","942,000","38,751,000","28,399,000",35.2
1965,PENNSYLVANIA,42,WHEAT,"408,000","431,000","19,278,000","14,280,000",35
1965,SOUTH CAROLINA,45,WHEAT,"64,000","68,000","2,488,000","1,728,000",27
1965,SOUTH DAKOTA,46,WHEAT,"2,080,000","2,294,000","53,395,000","36,863,000",17.7
1965,TENNESSEE,47,WHEAT,"147,000","173,000","5,721,000","4,116,000",28
1965,TEXAS,48,WHEAT,"3,472,000","4,435,000","102,355,000","76,384,000",22
1965,UTAH,49,WHEAT,"229,000","241,000","9,327,000","6,734,000",29.4
1965,VIRGINIA,51,WHEAT,"153,000","173,000","6,334,000","4,590,000",30
1965,WASHINGTON,53,WHEAT,"2,316,000","2,545,000","120,801,000","90,828,000",39.2
1965,WEST VIRGINIA,54,WHEAT,"18,000","22,000","945,000","576,000",32
1965,WISCONSIN,55,WHEAT,"39,000","56,000","1,753,000","1,261,000",32.3
1965,WYOMING,56,WHEAT,"206,000","290,000","3,242,000","2,628,000",12.8
1964,ALABAMA,1,CORN,1020000,1141000,44900000,36210000,35.5
1964,ARIZONA,4,CORN,21000,33000,907000,567000,27
1964,ARKANSAS,5,CORN,132000,159000,4174000,3366000,25.5
1964,CALIFORNIA,6,CORN,107000,197000,12986000,8774000,82
1964,COLORADO,8,CORN,176000,391000,14747000,11704000,66.5
1964,CONNECTICUT,9,CORN,1000,37000,117000,71000,71
1964,DELAWARE,10,CORN,158000,172000,10516000,8216000,52
1964,FLORIDA,12,CORN,332000,442000,11842000,9628000,29
1964,GEORGIA,13,CORN,1487000,1737000,73071000,57993000,39
1964,IDAHO,16,CORN,20000,79000,2012000,1490000,74.5
1964,ILLINOIS,17,CORN,9253000,9608000,866081000,740240000,80
1964,INDIANA,18,CORN,4435000,4636000,367218000,319320000,72
1964,IOWA,19,CORN,9738000,10273000,845258000,754695000,77.5
1964,KANSAS,20,CORN,1040000,1401000,55692000,46800000,45
1964,KENTUCKY,21,CORN,1039000,1146000,73312000,58184000,56
1964,LOUISIANA,22,CORN,200000,229000,7688000,6200000,31
1964,MAINE,23,CORN,,11000,,,
1964,MARYLAND,24,CORN,409000,528000,35085000,27198000,66.5
1964,MASSACHUSETTS,25,CORN,2000,27000,224000,136000,68
1964,MICHIGAN,26,CORN,1543000,1951000,106467000,92580000,60
1964,MINNESOTA,27,CORN,4458000,5781000,281835000,258564000,58
1964,MISSISSIPPI,28,CORN,627000,686000,30021000,23826000,38
1964,MISSOURI,29,CORN,2912000,3270000,183660000,154336000,53
1964,MONTANA,30,CORN,4000,66000,290000,236000,59
1964,NEBRASKA,31,CORN,3793000,4165000,237594000,204822000,54
1964,NEVADA,32,CORN,,5000,,,
1964,NEW HAMPSHIRE,33,CORN,,12000,,,
1964,NEW JERSEY,34,CORN,62000,120000,5134000,3565000,57.5
1964,NEW MEXICO,35,CORN,14000,36000,753000,546000,39
1964,NEW YORK,36,CORN,189000,665000,16209000,12096000,64
1964,NORTH CAROLINA,37,CORN,1357000,1523000,99278000,80063000,59
1964,NORTH DAKOTA,38,CORN,190000,1027000,5871000,5700000,30
1964,OHIO,39,CORN,3085000,3338000,234614000,200525000,65
1964,OKLAHOMA,40,CORN,70000,99000,2470000,1960000,28
1964,OREGON,41,CORN,12000,37000,1175000,816000,68
1964,PENNSYLVANIA,42,CORN,820000,1201000,72488000,53300000,65
1964,RHODE ISLAND,44,CORN,,5000,,,
1964,SOUTH CAROLINA,45,CORN,440000,504000,22000000,17600000,40
1964,SOUTH DAKOTA,46,CORN,2594000,3732000,89260000,80414000,31
1964,TENNESSEE,47,CORN,852000,968000,52185000,41748000,49
1964,TEXAS,48,CORN,734000,818000,29595000,23488000,32
1964,UTAH,49,CORN,3000,41000,321000,210000,70
1964,VERMONT,50,CORN,1000,48000,114000,69000,69
1964,VIRGINIA,51,CORN,457000,656000,33270000,25592000,56
1964,WASHINGTON,53,CORN,24000,65000,3157000,2208000,92
1964,WEST VIRGINIA,54,CORN,57000,93000,3951000,2822000,49.5
1964,WISCONSIN,55,CORN,1487000,2612000,125637000,105577000,71
1964,WYOMING,56,CORN,14000,52000,1029000,798000,57
1964,ALABAMA,1,SOYBEANS,207000,236000,12023000,4554000,22
1964,ARKANSAS,5,SOYBEANS,3318000,3348000,175854000,66360000,20
1964,DELAWARE,10,SOYBEANS,158000,167000,4930000,1896000,12
1964,FLORIDA,12,SOYBEANS,68000,70000,4318000,1700000,25
1964,GEORGIA,13,SOYBEANS,155000,212000,7905000,3100000,20
1964,ILLINOIS,17,SOYBEANS,5734000,5815000,385612000,143350000,25
1964,INDIANA,18,SOYBEANS,2734000,2754000,176835000,66983000,24.5
1964,IOWA,19,SOYBEANS,4254000,4267000,311584000,121239000,28.5
1964,KANSAS,20,SOYBEANS,642000,656000,29006000,11556000,18
1964,KENTUCKY,21,SOYBEANS,246000,298000,14391000,5535000,22.5
1964,LOUISIANA,22,SOYBEANS,454000,508000,22791000,9080000,20
1964,MARYLAND,24,SOYBEANS,225000,235000,8741000,3375000,15
1964,MICHIGAN,26,SOYBEANS,331000,337000,19663000,7448000,22.5
1964,MINNESOTA,27,SOYBEANS,2852000,2878000,148304000,57040000,20
1964,MISSISSIPPI,28,SOYBEANS,1293000,1372000,65840000,24567000,19
1964,MISSOURI,29,SOYBEANS,2676000,2724000,144986000,56196000,21
1964,NEBRASKA,31,SOYBEANS,523000,533000,28535000,11506000,22
1964,NEW JERSEY,34,SOYBEANS,38000,43000,1383000,532000,14
1964,NEW YORK,36,SOYBEANS,3000,4000,108000,45000,15
1964,NORTH CAROLINA,37,SOYBEANS,681000,839000,42091000,16004000,23.5
1964,NORTH DAKOTA,38,SOYBEANS,192000,195000,6932000,2784000,14.5
1964,OHIO,39,SOYBEANS,1825000,1846000,109225000,41062000,22.5
1964,OKLAHOMA,40,SOYBEANS,122000,136000,4992000,2013000,16.5
1964,PENNSYLVANIA,42,SOYBEANS,16000,21000,691000,272000,17
1964,SOUTH CAROLINA,45,SOYBEANS,677000,725000,37700000,14556000,21.5
1964,SOUTH DAKOTA,46,SOYBEANS,252000,257000,10312000,4158000,16.5
1964,TENNESSEE,47,SOYBEANS,586000,659000,34504000,13478000,23
1964,TEXAS,48,SOYBEANS,63000,70000,4013000,1638000,26
1964,VIRGINIA,51,SOYBEANS,335000,372000,17621000,6700000,20
1964,WEST VIRGINIA,54,SOYBEANS,,5000,,,
1964,WISCONSIN,55,SOYBEANS,133000,139000,5551000,2194000,16.5
1964,ALABAMA,1,WHEAT,"64,000","75,000","2,288,000","1,600,000",25
1964,ARIZONA,4,WHEAT,"33,000","38,000","2,487,000","1,584,000",48
1964,ARKANSAS,5,WHEAT,"445,000","479,000","17,658,000","13,795,000",31
1964,CALIFORNIA,6,WHEAT,"291,000","345,000","13,036,000","8,905,000",30.6
1964,COLORADO,8,WHEAT,"1,673,000","2,778,000","34,143,000","26,074,000",15.6
1964,DELAWARE,10,WHEAT,"21,000","23,000","853,000","672,000",32
1964,FLORIDA,12,WHEAT,"36,000","50,000","1,175,000","864,000",24
1964,GEORGIA,13,WHEAT,"71,000","81,000","3,265,000","2,236,000",31.5
1964,IDAHO,16,WHEAT,"1,091,000","1,225,000","55,104,000","43,163,000",39.6
1964,ILLINOIS,17,WHEAT,"1,928,000","1,976,000","95,089,000","69,408,000",36
1964,INDIANA,18,WHEAT,"1,393,000","1,457,000","61,097,000","47,362,000",34
1964,IOWA,19,WHEAT,"100,000","106,000","3,842,000","2,780,000",27.8
1964,KANSAS,20,WHEAT,"9,490,000","10,535,000","286,029,000","208,780,000",22
1964,KENTUCKY,21,WHEAT,"160,000","226,000","6,861,000","5,120,000",32
1964,LOUISIANA,22,WHEAT,"66,000","110,000","2,624,000","1,650,000",25
1964,MARYLAND,24,WHEAT,"136,000","148,000","5,263,000","4,080,000",30
1964,MICHIGAN,26,WHEAT,"966,000","973,000","50,232,000","38,640,000",40
1964,MINNESOTA,27,WHEAT,"962,000","978,000","33,954,000","22,381,000",23.3
1964,MISSISSIPPI,28,WHEAT,"145,000","174,000","5,509,000","4,205,000",29
1964,MISSOURI,29,WHEAT,"1,501,000","1,663,000","65,249,000","47,282,000",31.5
1964,MONTANA,30,WHEAT,"3,877,000","4,156,000","118,798,000","93,752,000",24.2
1964,NEBRASKA,31,WHEAT,"2,871,000","3,147,000","93,552,000","70,340,000",24.5
1964,NEVADA,32,WHEAT,"22,000","26,000","1,222,000","875,000",39.8
1964,NEW JERSEY,34,WHEAT,"39,000","50,000","1,911,000","1,346,000",34.5
1964,NEW MEXICO,35,WHEAT,"146,000","312,000","3,939,000","2,774,000",19
1964,NEW YORK,36,WHEAT,"203,000","217,000","10,276,000","7,612,000",37.5
1964,NORTH CAROLINA,37,WHEAT,"262,000","313,000","10,050,000","7,336,000",28
1964,NORTH DAKOTA,38,WHEAT,"6,356,000","6,539,000","213,904,000","151,073,000",23.8
1964,OHIO,39,WHEAT,"1,446,000","1,490,000","61,079,000","46,272,000",32
1964,OKLAHOMA,40,WHEAT,"4,201,000","4,882,000","141,070,000","96,623,000",23
1964,OREGON,41,WHEAT,"791,000","840,000","36,422,000","27,385,000",34.6
1964,PENNSYLVANIA,42,WHEAT,"464,000","484,000","19,896,000","14,848,000",32
1964,SOUTH CAROLINA,45,WHEAT,"85,000","91,000","3,397,000","2,295,000",27
1964,SOUTH DAKOTA,46,WHEAT,"2,201,000","2,328,000","55,110,000","38,765,000",17.6
1964,TENNESSEE,47,WHEAT,"160,000","186,000","6,891,000","4,720,000",29.5
1964,TEXAS,48,WHEAT,"3,245,000","4,184,000","99,297,000","64,900,000",20
1964,UTAH,49,WHEAT,"212,000","234,000","7,175,000","5,219,000",24.6
1964,VIRGINIA,51,WHEAT,"187,000","206,000","7,701,000","5,423,000",29
1964,WASHINGTON,53,WHEAT,"2,121,000","2,211,000","109,832,000","83,841,000",39.5
1964,WEST VIRGINIA,54,WHEAT,"19,000","23,000","811,000","513,000",27
1964,WISCONSIN,55,WHEAT,"61,000","63,000","2,758,000","2,058,000",33.7
1964,WYOMING,56,WHEAT,"221,000","250,000","6,121,000","4,820,000",21.8
1963,ALABAMA,1,CORN,1133000,1282000,49473000,40222000,35.5
1963,ARIZONA,4,CORN,18000,31000,711000,450000,25
1963,ARKANSAS,5,CORN,174000,194000,7395000,5916000,34
1963,CALIFORNIA,6,CORN,98000,173000,11017000,7546000,77
1963,COLORADO,8,CORN,178000,391000,14000000,11570000,65
1963,CONNECTICUT,9,CORN,2000,37000,240000,150000,75
1963,DELAWARE,10,CORN,149000,164000,10424000,7897000,53
1963,FLORIDA,12,CORN,335000,446000,15544000,13400000,40
1963,GEORGIA,13,CORN,1549000,1886000,81927000,66607000,43
1963,IDAHO,16,CORN,21000,80000,2251000,1680000,80
1963,ILLINOIS,17,CORN,8849000,9189000,862247000,769863000,87
1963,INDIANA,18,CORN,4306000,4501000,412084000,374622000,87
1963,IOWA,19,CORN,10645000,11155000,894180000,851600000,80
1963,KANSAS,20,CORN,1350000,1730000,69552000,62100000,46
1963,KENTUCKY,21,CORN,1094000,1181000,85201000,72204000,66
1963,LOUISIANA,22,CORN,233000,266000,8957000,7223000,31
1963,MAINE,23,CORN,,10000,,,
1963,MARYLAND,24,CORN,393000,513000,27180000,20436000,52
1963,MASSACHUSETTS,25,CORN,2000,26000,224000,140000,70
1963,MICHIGAN,26,CORN,1493000,1913000,106063000,95552000,64
1963,MINNESOTA,27,CORN,5124000,6042000,364163000,353556000,69
1963,MISSISSIPPI,28,CORN,705000,765000,31979000,25380000,36
1963,MISSOURI,29,CORN,3098000,3442000,215435000,188978000,61
1963,MONTANA,30,CORN,8000,70000,480000,400000,50
1963,NEBRASKA,31,CORN,5031000,5409000,309708000,286767000,57
1963,NEVADA,32,CORN,,5000,,,
1963,NEW HAMPSHIRE,33,CORN,,11000,,,
1963,NEW JERSEY,34,CORN,62000,125000,5431000,3720000,60
1963,NEW MEXICO,35,CORN,13000,32000,654000,481000,37
1963,NEW YORK,36,CORN,200000,652000,16988000,12400000,62
1963,NORTH CAROLINA,37,CORN,1396000,1570000,96743000,76780000,55
1963,NORTH DAKOTA,38,CORN,275000,1059000,10824000,11275000,41
1963,OHIO,39,CORN,2966000,3210000,261423000,231348000,78
1963,OKLAHOMA,40,CORN,112000,144000,3920000,3136000,28
1963,OREGON,41,CORN,18000,41000,1815000,1278000,71
1963,PENNSYLVANIA,42,CORN,812000,1213000,64992000,47096000,58
1963,RHODE ISLAND,44,CORN,,5000,,,
1963,SOUTH CAROLINA,45,CORN,489000,560000,23785000,18582000,38
1963,SOUTH DAKOTA,46,CORN,3164000,3770000,150353000,151872000,48
1963,TENNESSEE,47,CORN,856000,949000,54442000,45368000,53
1963,TEXAS,48,CORN,863000,962000,30930000,24164000,28
1963,UTAH,49,CORN,2000,38000,223000,140000,70
1963,VERMONT,50,CORN,1000,46000,110000,69000,69
1963,VIRGINIA,51,CORN,397000,677000,21057000,15483000,39
1963,WASHINGTON,53,CORN,30000,68000,3617000,2640000,88
1963,WEST VIRGINIA,54,CORN,64000,97000,4301000,3072000,48
1963,WISCONSIN,55,CORN,1502000,2586000,120911000,105140000,70
1963,WYOMING,56,CORN,17000,55000,1094000,935000,55
1963,ALABAMA,1,SOYBEANS,192000,220000,10022000,3840000,20
1963,ARKANSAS,5,SOYBEANS,3190000,3219000,145145000,55825000,17.5
1963,DELAWARE,10,SOYBEANS,165000,170000,7841000,2970000,18
1963,FLORIDA,12,SOYBEANS,50000,52000,3113000,1250000,25
1963,GEORGIA,13,SOYBEANS,106000,146000,4495000,1749000,16.5
1963,ILLINOIS,17,SOYBEANS,5575000,5620000,414444000,164462000,29.5
1963,INDIANA,18,SOYBEANS,2654000,2677000,183192000,72985000,27.5
1963,IOWA,19,SOYBEANS,3575000,3586000,266053000,109038000,30.5
1963,KANSAS,20,SOYBEANS,823000,852000,29238000,11934000,14.5
1963,KENTUCKY,21,SOYBEANS,234000,289000,14390000,5733000,24.5
1963,LOUISIANA,22,SOYBEANS,305000,338000,16440000,6710000,22
1963,MARYLAND,24,SOYBEANS,230000,240000,11191000,4255000,18.5
1963,MICHIGAN,26,SOYBEANS,321000,327000,16853000,6741000,21
1963,MINNESOTA,27,SOYBEANS,2377000,2398000,141513000,58236000,24.5
1963,MISSISSIPPI,28,SOYBEANS,1306000,1368000,65013000,24814000,19
1963,MISSOURI,29,SOYBEANS,2650000,2697000,159000000,63600000,24
1963,NEBRASKA,31,SOYBEANS,356000,360000,24553000,10146000,28.5
1963,NEW JERSEY,34,SOYBEANS,39000,45000,1739000,682000,17.5
1963,NEW YORK,36,SOYBEANS,3000,4000,112000,48000,16
1963,NORTH CAROLINA,37,SOYBEANS,608000,753000,38006000,14288000,23.5
1963,NORTH DAKOTA,38,SOYBEANS,151000,160000,6857000,2869000,19
1963,OHIO,39,SOYBEANS,1738000,1758000,103741000,40843000,23.5
1963,OKLAHOMA,40,SOYBEANS,135000,160000,4464000,1822000,13.5
1963,PENNSYLVANIA,42,SOYBEANS,8000,21000,361000,144000,18
1963,SOUTH CAROLINA,45,SOYBEANS,645000,669000,28399000,10965000,17
1963,SOUTH DAKOTA,46,SOYBEANS,149000,151000,8547000,3576000,24
1963,TENNESSEE,47,SOYBEANS,528000,600000,28607000,11088000,21
1963,TEXAS,48,SOYBEANS,72000,80000,5178000,2088000,29
1963,VIRGINIA,51,SOYBEANS,319000,379000,11656000,4466000,14
1963,WEST VIRGINIA,54,SOYBEANS,,6000,,,
1963,WISCONSIN,55,SOYBEANS,111000,117000,4915000,1998000,18
1963,ALABAMA,1,WHEAT,"42,000","69,000","1,826,000","987,000",23.5
1963,ARIZONA,4,WHEAT,"27,000","31,000","2,328,000","1,188,000",44
1963,ARKANSAS,5,WHEAT,"168,000","190,000","9,322,000","5,208,000",31
1963,CALIFORNIA,6,WHEAT,"298,000","327,000","15,425,000","8,133,000",27.3
1963,COLORADO,8,WHEAT,"1,697,000","2,705,000","40,488,000","22,261,000",13.1
1963,DELAWARE,10,WHEAT,"21,000","23,000","1,017,000","588,000",28
1963,FLORIDA,12,WHEAT,"40,000","55,000","2,000,000","1,000,000",25
1963,GEORGIA,13,WHEAT,"66,000","75,000","3,541,000","1,914,000",29
1963,IDAHO,16,WHEAT,"998,000","1,084,000","68,597,000","37,124,000",37.2
1963,ILLINOIS,17,WHEAT,"1,785,000","1,847,000","129,948,000","71,400,000",40
1963,INDIANA,18,WHEAT,"1,327,000","1,349,000","89,705,000","53,080,000",40
1963,IOWA,19,WHEAT,"105,000","108,000","5,412,000","2,928,000",27.9
1963,KANSAS,20,WHEAT,"8,627,000","10,641,000","344,993,000","185,480,000",21.5
1963,KENTUCKY,21,WHEAT,"145,000","213,000","7,917,000","4,350,000",30
1963,LOUISIANA,22,WHEAT,"53,000","97,000","2,775,000","1,484,000",28
1963,MARYLAND,24,WHEAT,"136,000","148,000","6,473,000","3,876,000",28.5
1963,MICHIGAN,26,WHEAT,"1,039,000","1,058,000","69,488,000","39,482,000",38
1963,MINNESOTA,27,WHEAT,"899,000","913,000","44,718,000","22,282,000",24.8
1963,MISSISSIPPI,28,WHEAT,"42,000","55,000","2,292,000","1,302,000",31
1963,MISSOURI,29,WHEAT,"1,220,000","1,374,000","73,273,000","40,260,000",33
1963,MONTANA,30,WHEAT,"3,937,000","4,246,000","168,236,000","92,294,000",23.4
1963,NEBRASKA,31,WHEAT,"2,815,000","3,244,000","110,755,000","60,522,000",21.5
1963,NEVADA,32,WHEAT,"19,000","21,000","1,399,000","775,000",40.8
1963,NEW JERSEY,34,WHEAT,"35,000","45,000","1,826,000","998,000",28.5
1963,NEW MEXICO,35,WHEAT,"200,000","284,000","7,182,000","3,800,000",19
1963,NEW YORK,36,WHEAT,"203,000","226,000","13,820,000","7,511,000",37
1963,NORTH CAROLINA,37,WHEAT,"226,000","270,000","11,140,000","5,989,000",26.5
1963,NORTH DAKOTA,38,WHEAT,"5,644,000","5,849,000","247,447,000","125,608,000",22.3
1963,OHIO,39,WHEAT,"1,461,000","1,490,000","96,046,000","55,518,000",38
1963,OKLAHOMA,40,WHEAT,"3,591,000","4,740,000","143,281,000","75,411,000",21
1963,OREGON,41,WHEAT,"789,000","829,000","53,196,000","27,998,000",35.5
1963,PENNSYLVANIA,42,WHEAT,"483,000","499,000","25,903,000","14,973,000",31
1963,SOUTH CAROLINA,45,WHEAT,"70,000","75,000","3,534,000","1,890,000",27
1963,SOUTH DAKOTA,46,WHEAT,"2,067,000","2,183,000","58,190,000","30,394,000",14.7
1963,TENNESSEE,47,WHEAT,"125,000","150,000","6,405,000","3,500,000",28
1963,TEXAS,48,WHEAT,"2,458,000","4,023,000","86,853,000","45,473,000",18.5
1963,UTAH,49,WHEAT,"208,000","232,000","9,900,000","5,280,000",25.4
1963,VIRGINIA,51,WHEAT,"164,000","187,000","6,900,000","3,690,000",22.5
1963,WASHINGTON,53,WHEAT,"1,961,000","2,057,000","138,798,000","73,438,000",37.4
1963,WEST VIRGINIA,54,WHEAT,"17,000","21,000","804,000","442,000",26
1963,WISCONSIN,55,WHEAT,"57,000","59,000","3,647,000","2,110,000",37
1963,WYOMING,56,WHEAT,"241,000","272,000","8,516,000","4,880,000",20.2
1962,ALABAMA,1,CORN,1144000,1269000,38696000,31460000,27.5
1962,ARIZONA,4,CORN,17000,33000,608000,408000,24
1962,ARKANSAS,5,CORN,207000,226000,8006000,6728000,32.5
1962,CALIFORNIA,6,CORN,77000,157000,8241000,5929000,77
1962,COLORADO,8,CORN,196000,412000,12701000,10584000,54
1962,CONNECTICUT,9,CORN,2000,35000,226000,146000,73
1962,DELAWARE,10,CORN,123000,131000,10716000,8118000,66
1962,FLORIDA,12,CORN,319000,433000,14046000,11803000,37
1962,GEORGIA,13,CORN,1549000,1911000,59946000,46470000,30
1962,IDAHO,16,CORN,23000,80000,2329000,1725000,75
1962,ILLINOIS,17,CORN,8270000,8623000,787304000,702950000,85
1962,INDIANA,18,CORN,4140000,4327000,366638000,339480000,82
1962,IOWA,19,CORN,9677000,10151000,812191000,745129000,77
1962,KANSAS,20,CORN,1298000,1545000,72818000,66198000,51
1962,KENTUCKY,21,CORN,1116000,1205000,74437000,64728000,58
1962,LOUISIANA,22,CORN,222000,271000,7459000,6216000,28
1962,MAINE,23,CORN,,10000,,,
1962,MARYLAND,24,CORN,354000,458000,27612000,21240000,60
1962,MASSACHUSETTS,25,CORN,2000,25000,220000,142000,71
1962,MICHIGAN,26,CORN,1382000,1788000,94902000,87066000,63
1962,MINNESOTA,27,CORN,4575000,5568000,285823000,272212000,59.5
1962,MISSISSIPPI,28,CORN,734000,799000,24574000,19818000,27
1962,MISSOURI,29,CORN,2694000,3019000,176565000,156252000,58
1962,MONTANA,30,CORN,4000,82000,239000,196000,49
1962,NEBRASKA,31,CORN,5031000,5355000,337857000,304376000,60.5
1962,NEVADA,32,CORN,,6000,,,
1962,NEW HAMPSHIRE,33,CORN,,10000,,,
1962,NEW JERSEY,34,CORN,78000,124000,7573000,5694000,73
1962,NEW MEXICO,35,CORN,12000,30000,618000,432000,36
1962,NEW YORK,36,CORN,179000,609000,14547000,11277000,63
1962,NORTH CAROLINA,37,CORN,1270000,1427000,88900000,71120000,56
1962,NORTH DAKOTA,38,CORN,169000,1049000,5344000,5239000,31
1962,OHIO,39,CORN,2726000,2972000,229965000,207176000,76
1962,OKLAHOMA,40,CORN,123000,149000,4718000,3998000,32.5
1962,OREGON,41,CORN,20000,50000,2029000,1460000,73
1962,PENNSYLVANIA,42,CORN,788000,1178000,62882000,47280000,60
1962,RHODE ISLAND,44,CORN,,5000,,,
1962,SOUTH CAROLINA,45,CORN,470000,538000,21714000,16450000,35
1962,SOUTH DAKOTA,46,CORN,2659000,3336000,114138000,113008000,42.5
1962,TENNESSEE,47,CORN,882000,989000,42671000,36162000,41
1962,TEXAS,48,CORN,1052000,1132000,38156000,32612000,31
1962,UTAH,49,CORN,3000,48000,301000,189000,63
1962,VERMONT,50,CORN,1000,45000,108000,70000,70
1962,VIRGINIA,51,CORN,496000,631000,39363000,30752000,62
1962,WASHINGTON,53,CORN,30000,64000,3518000,2625000,87.5
1962,WEST VIRGINIA,54,CORN,71000,101000,5118000,3763000,53
1962,WISCONSIN,55,CORN,1533000,2553000,119114000,107310000,70
1962,WYOMING,56,CORN,8000,58000,365000,320000,40
1962,ALABAMA,1,SOYBEANS,176000,202000,8515000,3608000,20.5
1962,ARKANSAS,5,SOYBEANS,2848000,2874000,143283000,61232000,21.5
1962,DELAWARE,10,SOYBEANS,183000,187000,8101000,3477000,19
1962,FLORIDA,12,SOYBEANS,42000,44000,2457000,1050000,25
1962,GEORGIA,13,SOYBEANS,86000,119000,3234000,1376000,16
1962,ILLINOIS,17,SOYBEANS,5575000,5620000,378153000,158888000,28.5
1962,INDIANA,18,SOYBEANS,2708000,2731000,176670000,75824000,28
1962,IOWA,19,SOYBEANS,3405000,3415000,218177000,93638000,27.5
1962,KANSAS,20,SOYBEANS,914000,936000,34709000,15995000,17.5
1962,KENTUCKY,21,SOYBEANS,219000,275000,12089000,5256000,24
1962,LOUISIANA,22,SOYBEANS,219000,252000,10648000,4818000,22
1962,MARYLAND,24,SOYBEANS,255000,269000,12234000,5228000,20.5
1962,MICHIGAN,26,SOYBEANS,342000,348000,17929000,7695000,22.5
1962,MINNESOTA,27,SOYBEANS,2201000,2233000,100433000,42920000,19.5
1962,MISSISSIPPI,28,SOYBEANS,1107000,1200000,51806000,21586000,19.5
1962,MISSOURI,29,SOYBEANS,2732000,2780000,141996000,61470000,22.5
1962,NEBRASKA,31,SOYBEANS,310000,313000,18665000,8370000,27
1962,NEW JERSEY,34,SOYBEANS,38000,44000,2095000,931000,24.5
1962,NEW YORK,36,SOYBEANS,3000,5000,116000,54000,18
1962,NORTH CAROLINA,37,SOYBEANS,558000,678000,31069000,13392000,24
1962,NORTH DAKOTA,38,SOYBEANS,67000,76000,1998000,904000,13.5
1962,OHIO,39,SOYBEANS,1756000,1776000,102287000,43900000,25
1962,OKLAHOMA,40,SOYBEANS,152000,163000,5607000,2584000,17
1962,PENNSYLVANIA,42,SOYBEANS,9000,24000,421000,189000,21
1962,SOUTH CAROLINA,45,SOYBEANS,586000,617000,26560000,10841000,18.5
1962,SOUTH DAKOTA,46,SOYBEANS,121000,123000,5481000,2480000,20.5
1962,TENNESSEE,47,SOYBEANS,463000,545000,24170000,10418000,22.5
1962,TEXAS,48,SOYBEANS,60000,66000,3499000,1620000,27
1962,VIRGINIA,51,SOYBEANS,371000,391000,17874000,7606000,20.5
1962,WEST VIRGINIA,54,SOYBEANS,,5000,,,
1962,WISCONSIN,55,SOYBEANS,102000,107000,4076000,1836000,18
1962,ALABAMA,1,WHEAT,"35,000","44,000","1,588,000","840,000",24
1962,ARIZONA,4,WHEAT,"24,000","29,000","2,127,000","1,008,000",42
1962,ARKANSAS,5,WHEAT,"112,000","144,000","6,129,000","3,080,000",27.5
1962,CALIFORNIA,6,WHEAT,"301,000","327,000","21,368,000","10,564,000",35.1
1962,COLORADO,8,WHEAT,"1,922,000","2,412,000","71,183,000","36,710,000",19.1
1962,DELAWARE,10,WHEAT,"19,000","21,000","1,051,000","542,000",28.5
1962,FLORIDA,12,WHEAT,"31,000","49,000","1,531,000","806,000",26
1962,GEORGIA,13,WHEAT,"47,000","53,000","2,233,000","1,175,000",25
1962,IDAHO,16,WHEAT,"893,000","993,000","61,912,000","32,243,000",36.1
1962,ILLINOIS,17,WHEAT,"1,580,000","1,620,000","104,241,000","51,350,000",32.5
1962,INDIANA,18,WHEAT,"1,174,000","1,261,000","78,635,000","39,916,000",34
1962,IOWA,19,WHEAT,"88,000","96,000","4,282,000","2,185,000",24.8
1962,KANSAS,20,WHEAT,"8,986,000","9,762,000","435,012,000","211,171,000",23.5
1962,KENTUCKY,21,WHEAT,"131,000","203,000","6,608,000","3,406,000",26
1962,LOUISIANA,22,WHEAT,"44,000","88,000","1,613,000","836,000",19
1962,MARYLAND,24,WHEAT,"124,000","135,000","6,462,000","3,348,000",27
1962,MICHIGAN,26,WHEAT,"911,000","936,000","58,623,000","30,063,000",33
1962,MINNESOTA,27,WHEAT,"723,000","746,000","39,523,000","17,929,000",24.8
1962,MISSISSIPPI,28,WHEAT,"30,000","44,000","1,544,000","780,000",26
1962,MISSOURI,29,WHEAT,"976,000","1,145,000","52,177,000","26,352,000",27
1962,MONTANA,30,WHEAT,"3,510,000","4,248,000","158,731,000","79,332,000",22.6
1962,NEBRASKA,31,WHEAT,"2,760,000","3,060,000","104,411,000","53,820,000",19.5
1962,NEVADA,32,WHEAT,"17,000","23,000","1,173,000","634,000",37.3
1962,NEW JERSEY,34,WHEAT,"35,000","46,000","2,287,000","1,155,000",33
1962,NEW MEXICO,35,WHEAT,"213,000","268,000","8,733,000","4,260,000",20
1962,NEW YORK,36,WHEAT,"183,000","200,000","12,554,000","6,405,000",35
1962,NORTH CAROLINA,37,WHEAT,"204,000","241,000","9,449,000","4,896,000",24
1962,NORTH DAKOTA,38,WHEAT,"5,452,000","5,715,000","346,914,000","156,423,000",28.7
1962,OHIO,39,WHEAT,"1,238,000","1,330,000","78,044,000","39,616,000",32
1962,OKLAHOMA,40,WHEAT,"3,741,000","4,349,000","145,001,000","71,079,000",19
1962,OREGON,41,WHEAT,"687,000","751,000","49,771,000","25,264,000",36.8
1962,PENNSYLVANIA,42,WHEAT,"451,000","471,000","24,372,000","12,628,000",28
1962,SOUTH CAROLINA,45,WHEAT,"56,000","64,000","2,594,000","1,344,000",24
1962,SOUTH DAKOTA,46,WHEAT,"1,768,000","2,115,000","64,046,000","30,588,000",17.3
1962,TENNESSEE,47,WHEAT,"107,000","129,000","4,701,000","2,461,000",23
1962,TEXAS,48,WHEAT,"2,731,000","3,498,000","90,888,000","43,696,000",16
1962,UTAH,49,WHEAT,"206,000","226,000","10,285,000","5,432,000",26.4
1962,VIRGINIA,51,WHEAT,"167,000","185,000","7,336,000","3,841,000",23
1962,WASHINGTON,53,WHEAT,"1,733,000","1,913,000","134,482,000","68,265,000",39.4
1962,WEST VIRGINIA,54,WHEAT,"16,000","20,000","691,000","384,000",24
1962,WISCONSIN,55,WHEAT,"52,000","54,000","3,495,000","1,839,000",35.4
1962,WYOMING,56,WHEAT,"210,000","260,000","7,943,000","4,292,000",20.4
1961,ALABAMA,1,CORN,1330000,1476000,50035000,43890000,33
1961,ARIZONA,4,CORN,21000,32000,567000,378000,18
1961,ARKANSAS,5,CORN,238000,254000,9716000,8449000,35.5
1961,CALIFORNIA,6,CORN,91000,165000,8845000,6552000,72
1961,COLORADO,8,CORN,231000,400000,16604000,14438000,62.5
1961,CONNECTICUT,9,CORN,2000,33000,197000,136000,68
1961,DELAWARE,10,CORN,118000,126000,9364000,7316000,62
1961,FLORIDA,12,CORN,332000,481000,12433000,11620000,35
1961,GEORGIA,13,CORN,1684000,2048000,70324000,60624000,36
1961,IDAHO,16,CORN,23000,80000,2422000,1794000,78
1961,ILLINOIS,17,CORN,8188000,8454000,711537000,646852000,79
1961,INDIANA,18,CORN,4019000,4201000,312276000,297406000,74
1961,IOWA,19,CORN,9976000,10348000,820975000,753188000,75.5
1961,KANSAS,20,CORN,1225000,1431000,64092000,58800000,48
1961,KENTUCKY,21,CORN,1116000,1205000,70587000,61380000,55
1961,LOUISIANA,22,CORN,267000,312000,11657000,9879000,37
1961,MAINE,23,CORN,,10000,,,
1961,MARYLAND,24,CORN,369000,440000,27454000,22140000,60
1961,MASSACHUSETTS,25,CORN,2000,24000,186000,128000,64
1961,MICHIGAN,26,CORN,1455000,1806000,99871000,96030000,66
1961,MINNESOTA,27,CORN,5027000,5800000,333969000,324242000,64.5
1961,MISSISSIPPI,28,CORN,825000,878000,37001000,32175000,39
1961,MISSOURI,29,CORN,2667000,2848000,183543000,165354000,62
1961,MONTANA,30,CORN,3000,86000,209000,174000,58
1961,NEBRASKA,31,CORN,5296000,5578000,305685000,275392000,52
1961,NEVADA,32,CORN,,4000,,,
1961,NEW HAMPSHIRE,33,CORN,,10000,,,
1961,NEW JERSEY,34,CORN,78000,120000,7273000,5772000,74
1961,NEW MEXICO,35,CORN,15000,35000,735000,525000,35
1961,NEW YORK,36,CORN,181000,575000,15159000,12127000,67
1961,NORTH CAROLINA,37,CORN,1402000,1568000,80755000,67296000,48
1961,NORTH DAKOTA,38,CORN,182000,1081000,6115000,5824000,32
1961,OHIO,39,CORN,2537000,2727000,202757000,187738000,74
1961,OKLAHOMA,40,CORN,154000,171000,6037000,5390000,35
1961,OREGON,41,CORN,24000,47000,2252000,1632000,68
1961,PENNSYLVANIA,42,CORN,895000,1166000,77972000,64440000,72
1961,RHODE ISLAND,44,CORN,,5000,,,
1961,SOUTH CAROLINA,45,CORN,559000,633000,23059000,18447000,33
1961,SOUTH DAKOTA,46,CORN,2741000,3475000,99046000,100046000,36.5
1961,TENNESSEE,47,CORN,1002000,1099000,50411000,43086000,43
1961,TEXAS,48,CORN,1063000,1155000,36992000,31890000,30
1961,UTAH,49,CORN,3000,45000,310000,204000,68
1961,VERMONT,50,CORN,1000,45000,93000,64000,64
1961,VIRGINIA,51,CORN,545000,651000,36106000,28885000,53
1961,WASHINGTON,53,CORN,33000,57000,3689000,2838000,86
1961,WEST VIRGINIA,54,CORN,80000,104000,5639000,4240000,53
1961,WISCONSIN,55,CORN,1614000,2571000,123713000,117822000,73
1961,WYOMING,56,CORN,20000,59000,1332000,1200000,60
1961,ALABAMA,1,SOYBEANS,157000,179000,8305000,3611000,23
1961,ARKANSAS,5,SOYBEANS,2662000,2686000,114812000,50578000,19
1961,DELAWARE,10,SOYBEANS,191000,195000,10406000,4584000,24
1961,FLORIDA,12,SOYBEANS,40000,42000,2309000,1040000,26
1961,GEORGIA,13,SOYBEANS,80000,112000,3101000,1360000,17
1961,ILLINOIS,17,SOYBEANS,5520000,5564000,366556000,157320000,28.5
1961,INDIANA,18,SOYBEANS,2681000,2704000,168903000,75068000,28
1961,IOWA,19,SOYBEANS,3405000,3426000,221256000,97042000,28.5
1961,KANSAS,20,SOYBEANS,703000,731000,32797000,15114000,21.5
1961,KENTUCKY,21,SOYBEANS,201000,257000,11256000,5025000,25
1961,LOUISIANA,22,SOYBEANS,197000,240000,10307000,4728000,24
1961,MARYLAND,24,SOYBEANS,236000,249000,12857000,5664000,24
1961,MICHIGAN,26,SOYBEANS,285000,293000,16524000,7410000,26
1961,MINNESOTA,27,SOYBEANS,2341000,2351000,121147000,53843000,23
1961,MISSISSIPPI,28,SOYBEANS,1035000,1091000,53097000,23288000,22.5
1961,MISSOURI,29,SOYBEANS,2602000,2673000,142381000,62448000,24
1961,NEBRASKA,31,SOYBEANS,292000,295000,16158000,7446000,25.5
1961,NEW JERSEY,34,SOYBEANS,36000,43000,1918000,864000,24
1961,NEW YORK,36,SOYBEANS,3000,5000,127000,63000,21
1961,NORTH CAROLINA,37,SOYBEANS,568000,678000,29525000,13064000,23
1961,NORTH DAKOTA,38,SOYBEANS,185000,191000,5594000,2590000,14
1961,OHIO,39,SOYBEANS,1722000,1741000,108486000,48216000,28
1961,OKLAHOMA,40,SOYBEANS,146000,157000,6220000,2920000,20
1961,PENNSYLVANIA,42,SOYBEANS,11000,24000,554000,253000,23
1961,SOUTH CAROLINA,45,SOYBEANS,553000,582000,25019000,10784000,19.5
1961,SOUTH DAKOTA,46,SOYBEANS,125000,128000,4928000,2250000,18
1961,TENNESSEE,47,SOYBEANS,463000,540000,23122000,10186000,22
1961,TEXAS,48,SOYBEANS,86000,97000,4763000,2236000,26
1961,VIRGINIA,51,SOYBEANS,367000,391000,17004000,7524000,20.5
1961,WEST VIRGINIA,54,SOYBEANS,,6000,,,
1961,WISCONSIN,55,SOYBEANS,110000,116000,4477000,2035000,18.5
1961,ALABAMA,1,WHEAT,"56,000","68,000","2,519,000","1,456,000",26
1961,ARIZONA,4,WHEAT,"26,000","28,000","2,191,000","1,118,000",43
1961,ARKANSAS,5,WHEAT,"162,000","178,000","8,449,000","4,941,000",30.5
1961,CALIFORNIA,6,WHEAT,"337,000","376,000","17,118,000","8,737,000",25.9
1961,COLORADO,8,WHEAT,"2,468,000","2,630,000","98,795,000","56,789,000",23
1961,DELAWARE,10,WHEAT,"23,000","24,000","1,108,000","644,000",28
1961,FLORIDA,12,WHEAT,"29,000",,,"696,000",24
1961,GEORGIA,13,WHEAT,"94,000","102,000","4,518,000","2,538,000",27
1961,IDAHO,16,WHEAT,"1,047,000","1,128,000","60,836,000","34,132,000",32.6
1961,ILLINOIS,17,WHEAT,"1,672,000","1,730,000","108,346,000","60,192,000",36
1961,INDIANA,18,WHEAT,"1,290,000","1,341,000","77,194,000","43,860,000",34
1961,IOWA,19,WHEAT,"124,000","133,000","5,845,000","3,224,000",26
1961,KANSAS,20,WHEAT,"10,329,000","10,727,000","489,955,000","273,718,000",26.5
1961,KENTUCKY,21,WHEAT,"175,000","254,000","8,222,000","4,725,000",27
1961,LOUISIANA,22,WHEAT,"35,000","66,000","1,436,000","840,000",24
1961,MARYLAND,24,WHEAT,"142,000","152,000","6,129,000","3,692,000",26
1961,MICHIGAN,26,WHEAT,"1,111,000","1,126,000","69,193,000","39,996,000",36
1961,MINNESOTA,27,WHEAT,"1,034,000","1,050,000","52,485,000","24,851,000",24
1961,MISSISSIPPI,28,WHEAT,"42,000","55,000","2,034,000","1,176,000",28
1961,MISSOURI,29,WHEAT,"1,374,000","1,547,000","73,756,000","41,907,000",30.5
1961,MONTANA,30,WHEAT,"3,679,000","4,262,000","100,608,000","54,048,000",14.7
1961,NEBRASKA,31,WHEAT,"3,220,000","3,339,000","139,495,000","78,807,000",24.5
1961,NEVADA,32,WHEAT,"12,000","17,000","613,000","354,000",29.5
1961,NEW JERSEY,34,WHEAT,"42,000","52,000","2,453,000","1,386,000",33
1961,NEW MEXICO,35,WHEAT,"276,000","291,000","14,247,000","8,004,000",29
1961,NEW YORK,36,WHEAT,"244,000","263,000","14,767,000","8,296,000",34
1961,NORTH CAROLINA,37,WHEAT,"392,000","447,000","20,008,000","11,368,000",29
1961,NORTH DAKOTA,38,WHEAT,"5,730,000","6,638,000","157,097,000","69,432,000",12.1
1961,OHIO,39,WHEAT,"1,457,000","1,494,000","79,946,000","45,167,000",31
1961,OKLAHOMA,40,WHEAT,"4,618,000","4,887,000","199,498,000","110,832,000",24
1961,OREGON,41,WHEAT,"796,000","832,000","38,938,000","20,602,000",25.9
1961,PENNSYLVANIA,42,WHEAT,"524,000","535,000","26,881,000","15,720,000",30
1961,SOUTH CAROLINA,45,WHEAT,"140,000","148,000","6,604,000","3,710,000",26.5
1961,SOUTH DAKOTA,46,WHEAT,"2,313,000","2,639,000","67,658,000","33,499,000",14.5
1961,TENNESSEE,47,WHEAT,"148,000","174,000","6,734,000","3,848,000",26
1961,TEXAS,48,WHEAT,"3,690,000","4,067,000","152,766,000","84,870,000",23
1961,UTAH,49,WHEAT,"218,000","232,000","7,655,000","4,275,000",19.6
1961,VIRGINIA,51,WHEAT,"246,000","264,000","11,906,000","6,765,000",27.5
1961,WASHINGTON,53,WHEAT,"1,974,000","2,051,000","103,358,000","55,272,000",28
1961,WEST VIRGINIA,54,WHEAT,"23,000","28,000","1,070,000","598,000",26
1961,WISCONSIN,55,WHEAT,"59,000","61,000","3,691,000","2,062,000",34.9
1961,WYOMING,56,WHEAT,"229,000","271,000","8,554,000","4,908,000",21.4
1960,ALABAMA,1,CORN,1705000,1868000,50093000,44330000,26
1960,ARIZONA,4,CORN,21000,32000,516000,346000,16.5
1960,ARKANSAS,5,CORN,305000,326000,10569000,9608000,31.5
1960,CALIFORNIA,6,CORN,130000,211000,12917000,9360000,72
1960,COLORADO,8,CORN,251000,470000,13960000,12926000,51.5
1960,CONNECTICUT,9,CORN,3000,34000,291000,201000,67
1960,DELAWARE,10,CORN,151000,159000,11328000,9362000,62
1960,FLORIDA,12,CORN,307000,517000,9971000,8903000,29
1960,GEORGIA,13,CORN,1850000,2304000,65453000,56425000,30.5
1960,IDAHO,16,CORN,21000,81000,2075000,1596000,76
1960,ILLINOIS,17,CORN,9985000,10425000,678980000,678980000,68
1960,INDIANA,18,CORN,5152000,5393000,343329000,350336000,68
1960,IOWA,19,CORN,12166000,12658000,749365000,772541000,63.5
1960,KANSAS,20,CORN,1725000,2016000,77703000,78488000,45.5
1960,KENTUCKY,21,CORN,1529000,1643000,79997000,73392000,48
1960,LOUISIANA,22,CORN,338000,395000,10860000,9126000,27
1960,MAINE,23,CORN,,10000,,,
1960,MARYLAND,24,CORN,425000,489000,30345000,25500000,60
1960,MASSACHUSETTS,25,CORN,2000,25000,186000,128000,64
1960,MICHIGAN,26,CORN,1672000,2076000,90288000,90288000,54
1960,MINNESOTA,27,CORN,5845000,6824000,287223000,315630000,54
1960,MISSISSIPPI,28,CORN,1031000,1117000,32848000,27837000,27
1960,MISSOURI,29,CORN,4041000,4315000,210132000,210132000,52
1960,MONTANA,30,CORN,3000,108000,171000,144000,48
1960,NEBRASKA,31,CORN,6538000,6886000,326769000,333438000,51
1960,NEVADA,32,CORN,,5000,,,
1960,NEW HAMPSHIRE,33,CORN,,10000,,,
1960,NEW JERSEY,34,CORN,108000,152000,9738000,7668000,71
1960,NEW MEXICO,35,CORN,17000,37000,935000,663000,39
1960,NEW YORK,36,CORN,211000,653000,15188000,12449000,59
1960,NORTH CAROLINA,37,CORN,1750000,1912000,95760000,84000000,48
1960,NORTH DAKOTA,38,CORN,319000,1335000,7949000,8932000,28
1960,OHIO,39,CORN,3383000,3588000,232344000,230044000,68
1960,OKLAHOMA,40,CORN,206000,231000,7384000,6901000,33.5
1960,OREGON,41,CORN,33000,62000,3119000,2277000,69
1960,PENNSYLVANIA,42,CORN,923000,1202000,75446000,61841000,67
1960,RHODE ISLAND,44,CORN,,5000,,,
1960,SOUTH CAROLINA,45,CORN,708000,781000,28072000,23010000,32.5
1960,SOUTH DAKOTA,46,CORN,3426000,4238000,105521000,119910000,35
1960,TENNESSEE,47,CORN,1354000,1446000,59143000,52806000,39
1960,TEXAS,48,CORN,1251000,1391000,31375000,27522000,22
1960,UTAH,49,CORN,3000,49000,288000,192000,64
1960,VERMONT,50,CORN,1000,48000,90000,62000,62
1960,VIRGINIA,51,CORN,627000,741000,37175000,30723000,49
1960,WASHINGTON,53,CORN,52000,83000,5395000,4316000,83
1960,WEST VIRGINIA,54,CORN,98000,124000,6727000,5096000,52
1960,WISCONSIN,55,CORN,1736000,2889000,110670000,108500000,62.5
1960,WYOMING,56,CORN,20000,61000,1091000,1020000,51
1960,ALABAMA,1,SOYBEANS,135000,158000,6642000,3240000,24
1960,ARKANSAS,5,SOYBEANS,2442000,2464000,109231000,51282000,21
1960,DELAWARE,10,SOYBEANS,177000,182000,8878000,4248000,24
1960,FLORIDA,12,SOYBEANS,33000,35000,1750000,858000,26
1960,GEORGIA,13,SOYBEANS,75000,106000,2563000,1275000,17
1960,ILLINOIS,17,SOYBEANS,4973000,5013000,288335000,129298000,26
1960,INDIANA,18,SOYBEANS,2415000,2458000,140843000,65205000,27
1960,IOWA,19,SOYBEANS,2599000,2615000,141164000,66274000,25.5
1960,KANSAS,20,SOYBEANS,586000,594000,24946000,12599000,21.5
1960,KENTUCKY,21,SOYBEANS,199000,260000,9062000,4378000,22
1960,LOUISIANA,22,SOYBEANS,216000,258000,10368000,5184000,24
1960,MARYLAND,24,SOYBEANS,215000,228000,11460000,5590000,26
1960,MICHIGAN,26,SOYBEANS,221000,229000,9194000,4420000,20
1960,MINNESOTA,27,SOYBEANS,2090000,2118000,87623000,40755000,19.5
1960,MISSISSIPPI,28,SOYBEANS,916000,983000,42319000,20152000,22
1960,MISSOURI,29,SOYBEANS,2344000,2387000,102304000,50396000,21.5
1960,NEBRASKA,31,SOYBEANS,164000,165000,8908000,4592000,28
1960,NEW JERSEY,34,SOYBEANS,33000,42000,1713000,808000,24.5
1960,NEW YORK,36,SOYBEANS,3000,6000,98000,51000,17
1960,NORTH CAROLINA,37,SOYBEANS,545000,646000,24647000,12262000,22.5
1960,NORTH DAKOTA,38,SOYBEANS,176000,182000,4942000,2288000,13
1960,OHIO,39,SOYBEANS,1499000,1514000,80063000,36726000,24.5
1960,OKLAHOMA,40,SOYBEANS,121000,130000,4404000,2420000,20
1960,PENNSYLVANIA,42,SOYBEANS,7000,26000,338000,161000,23
1960,SOUTH CAROLINA,45,SOYBEANS,494000,535000,19804000,9386000,19
1960,SOUTH DAKOTA,46,SOYBEANS,100000,102000,3502000,1700000,17
1960,TENNESSEE,47,SOYBEANS,394000,478000,18085000,8865000,22.5
1960,TEXAS,48,SOYBEANS,75000,84000,3726000,2025000,27
1960,VIRGINIA,51,SOYBEANS,311000,334000,14766000,6998000,22.5
1960,WEST VIRGINIA,54,SOYBEANS,,6000,,,
1960,WISCONSIN,55,SOYBEANS,97000,102000,3232000,1649000,17
1960,ALABAMA,1,WHEAT,"48,000","64,000","2,076,000","1,200,000",25
1960,ARIZONA,4,WHEAT,"22,000","24,000","1,449,000","792,000",36
1960,ARKANSAS,5,WHEAT,"133,000","155,000","7,405,000","4,256,000",32
1960,CALIFORNIA,6,WHEAT,"347,000","387,000","14,873,000","8,124,000",23.4
1960,COLORADO,8,WHEAT,"2,471,000","2,633,000","111,253,000","66,647,000",27
1960,DELAWARE,10,WHEAT,"25,000","26,000","1,287,000","775,000",31
1960,GEORGIA,13,WHEAT,"84,000","92,000","3,669,000","2,016,000",24
1960,IDAHO,16,WHEAT,"1,055,000","1,138,000","56,880,000","34,018,000",32.2
1960,ILLINOIS,17,WHEAT,"1,577,000","1,617,000","80,033,000","45,733,000",29
1960,INDIANA,18,WHEAT,"1,229,000","1,253,000","67,730,000","40,557,000",33
1960,IOWA,19,WHEAT,"119,000","136,000","5,184,000","2,935,000",24.7
1960,KANSAS,20,WHEAT,"10,329,000","10,727,000","512,214,000","294,376,000",28.5
1960,KENTUCKY,21,WHEAT,"165,000","247,000","8,326,000","4,785,000",29
1960,LOUISIANA,22,WHEAT,"32,000","63,000","1,423,000","832,000",26
1960,MARYLAND,24,WHEAT,"149,000","158,000","7,086,000","4,321,000",29
1960,MICHIGAN,26,WHEAT,"1,068,000","1,088,000","58,874,000","33,642,000",31.5
1960,MINNESOTA,27,WHEAT,"959,000","965,000","49,264,000","26,311,000",27.4
1960,MISSISSIPPI,28,WHEAT,"37,000","54,000","1,929,000","1,128,000",30.5
1960,MISSOURI,29,WHEAT,"1,321,000","1,517,000","64,755,000","37,648,000",28.5
1960,MONTANA,30,WHEAT,"3,953,000","4,088,000","131,805,000","79,397,000",20.1
1960,NEBRASKA,31,WHEAT,"3,011,000","3,306,000","148,263,000","85,712,000",28.5
1960,NEVADA,32,WHEAT,"14,000","17,000","777,000","457,000",32.6
1960,NEW JERSEY,34,WHEAT,"45,000","59,000","2,703,000","1,485,000",33
1960,NEW MEXICO,35,WHEAT,"260,000","285,000","8,003,000","4,680,000",18
1960,NEW YORK,36,WHEAT,"246,000","266,000","13,284,000","7,380,000",30
1960,NORTH CAROLINA,37,WHEAT,"327,000","355,000","13,754,000","7,684,000",23.5
1960,NORTH DAKOTA,38,WHEAT,"6,440,000","6,614,000","232,257,000","127,500,000",19.8
1960,OHIO,39,WHEAT,"1,428,000","1,465,000","83,966,000","49,980,000",35
1960,OKLAHOMA,40,WHEAT,"4,665,000","4,887,000","212,258,000","121,290,000",26
1960,OREGON,41,WHEAT,"793,000","838,000","48,193,000","26,626,000",33.6
1960,PENNSYLVANIA,42,WHEAT,"535,000","546,000","26,356,000","15,782,000",29.5
1960,SOUTH CAROLINA,45,WHEAT,"126,000","132,000","5,274,000","2,898,000",23
1960,SOUTH DAKOTA,46,WHEAT,"2,401,000","2,491,000","83,895,000","46,912,000",19.5
1960,TENNESSEE,47,WHEAT,"137,000","158,000","5,820,000","3,288,000",24
1960,TEXAS,48,WHEAT,"3,583,000","4,150,000","138,734,000","78,826,000",22
1960,UTAH,49,WHEAT,"229,000","245,000","8,855,000","5,292,000",23.1
1960,VIRGINIA,51,WHEAT,"248,000","269,000","11,348,000","6,448,000",26
1960,WASHINGTON,53,WHEAT,"1,949,000","2,032,000","117,183,000","65,102,000",33.4
1960,WEST VIRGINIA,54,WHEAT,"27,000","32,000","1,298,000","729,000",27
1960,WISCONSIN,55,WHEAT,"51,000","53,000","2,944,000","1,692,000",33.2
1960,WYOMING,56,WHEAT,"241,000","274,000","8,992,000","5,453,000",22.6
1959,ALABAMA,1,CORN,1807000,2023000,53090000,46982000,26
1959,ARIZONA,4,CORN,22000,33000,585000,385000,17.5
1959,ARKANSAS,5,CORN,380000,409000,13376000,12160000,32
1959,CALIFORNIA,6,CORN,167000,264000,16600000,11857000,71
1959,COLORADO,8,CORN,306000,516000,17479000,15606000,51
1959,CONNECTICUT,9,CORN,3000,34000,297000,198000,66
1959,DELAWARE,10,CORN,153000,162000,9639000,7650000,50
1959,FLORIDA,12,CORN,327000,567000,9777000,8502000,26
1959,GEORGIA,13,CORN,2151000,2682000,66208000,58077000,27
1959,IDAHO,16,CORN,25000,81000,2473000,1888000,75.5
1959,ILLINOIS,17,CORN,9789000,10060000,695215000,655863000,67
1959,INDIANA,18,CORN,5051000,5214000,325159000,315688000,62.5
1959,IOWA,19,CORN,12139000,12557000,796925000,789035000,65
1959,KANSAS,20,CORN,1730000,1976000,74113000,72660000,42
1959,KENTUCKY,21,CORN,1689000,1770000,83606000,76005000,45
1959,LOUISIANA,22,CORN,393000,449000,14376000,12183000,31
1959,MAINE,23,CORN,,10000,,,
1959,MARYLAND,24,CORN,413000,479000,26559000,22508000,54.5
1959,MASSACHUSETTS,25,CORN,3000,26000,284000,189000,63
1959,MICHIGAN,26,CORN,1724000,2035000,102199000,98268000,57
1959,MINNESOTA,27,CORN,6019000,7042000,291802000,303960000,50.5
1959,MISSISSIPPI,28,CORN,1158000,1244000,42001000,35898000,31
1959,MISSOURI,29,CORN,4046000,4315000,225160000,214438000,53
1959,MONTANA,30,CORN,4000,124000,242000,192000,48
1959,NEBRASKA,31,CORN,6558000,6886000,327605000,318063000,48.5
1959,NEVADA,32,CORN,,4000,,,
1959,NEW HAMPSHIRE,33,CORN,,11000,,,
1959,NEW JERSEY,34,CORN,111000,155000,9946000,7770000,70
1959,NEW MEXICO,35,CORN,22000,40000,891000,660000,30
1959,NEW YORK,36,CORN,229000,660000,15633000,12710000,55.5
1959,NORTH CAROLINA,37,CORN,1818000,1971000,90100000,76356000,42
1959,NORTH DAKOTA,38,CORN,280000,1362000,6770000,7280000,26
1959,OHIO,39,CORN,3514000,3699000,232802000,219625000,62.5
1959,OKLAHOMA,40,CORN,206000,236000,7185000,6592000,32
1959,OREGON,41,CORN,30000,57000,2869000,1965000,65.5
1959,PENNSYLVANIA,42,CORN,960000,1214000,69686000,57120000,59.5
1959,RHODE ISLAND,44,CORN,,5000,,,
1959,SOUTH CAROLINA,45,CORN,745000,858000,23825000,19370000,26
1959,SOUTH DAKOTA,46,CORN,2488000,4415000,59712000,62200000,25
1959,TENNESSEE,47,CORN,1412000,1506000,61676000,55068000,39
1959,TEXAS,48,CORN,1431000,1529000,44075000,40068000,28
1959,UTAH,49,CORN,5000,47000,492000,328000,65.5
1959,VERMONT,50,CORN,1000,50000,94000,63000,63
1959,VIRGINIA,51,CORN,653000,772000,36947000,30038000,46
1959,WASHINGTON,53,CORN,61000,89000,6835000,5063000,83
1959,WEST VIRGINIA,54,CORN,111000,132000,7343000,5439000,49
1959,WISCONSIN,55,CORN,1935000,2909000,140133000,137385000,71
1959,WYOMING,56,CORN,22000,63000,1342000,1243000,56.5
1959,ALABAMA,1,SOYBEANS,130000,155000,4862000,2860000,22
1959,ARKANSAS,5,SOYBEANS,2348000,2369000,106928000,54004000,23
1959,DELAWARE,10,SOYBEANS,150000,154000,7176000,3450000,23
1959,FLORIDA,12,SOYBEANS,32000,37000,1436000,768000,24
1959,GEORGIA,13,SOYBEANS,68000,98000,2243000,1156000,17
1959,ILLINOIS,17,SOYBEANS,4796000,4820000,250639000,124696000,26
1959,INDIANA,18,SOYBEANS,2292000,2319000,117992000,59592000,26
1959,IOWA,19,SOYBEANS,2369000,2377000,119906000,62778000,26.5
1959,KANSAS,20,SOYBEANS,434000,443000,16679000,9114000,21
1959,KENTUCKY,21,SOYBEANS,186000,232000,8161000,4185000,22.5
1959,LOUISIANA,22,SOYBEANS,193000,250000,8709000,4536000,23.5
1959,MARYLAND,24,SOYBEANS,189000,203000,9492000,4630000,24.5
1959,MICHIGAN,26,SOYBEANS,236000,241000,11391000,5782000,24.5
1959,MINNESOTA,27,SOYBEANS,2224000,2253000,80709000,42256000,19
1959,MISSISSIPPI,28,SOYBEANS,964000,1024000,42512000,21690000,22.5
1959,MISSOURI,29,SOYBEANS,2270000,2340000,97383000,49940000,22
1959,NEBRASKA,31,SOYBEANS,146000,147000,6482000,3504000,24
1959,NEW JERSEY,34,SOYBEANS,31000,40000,1550000,775000,25
1959,NEW YORK,36,SOYBEANS,3000,6000,98000,54000,18
1959,NORTH CAROLINA,37,SOYBEANS,437000,513000,19638000,9396000,21.5
1959,NORTH DAKOTA,38,SOYBEANS,212000,222000,4630000,2544000,12
1959,OHIO,39,SOYBEANS,1455000,1470000,71659000,36375000,25
1959,OKLAHOMA,40,SOYBEANS,87000,98000,2819000,1566000,18
1959,PENNSYLVANIA,42,SOYBEANS,10000,29000,463000,235000,23.5
1959,SOUTH CAROLINA,45,SOYBEANS,412000,452000,14348000,7210000,17.5
1959,SOUTH DAKOTA,46,SOYBEANS,132000,138000,2930000,1584000,12
1959,TENNESSEE,47,SOYBEANS,365000,419000,16034000,8395000,23
1959,TEXAS,48,SOYBEANS,75000,81000,3767000,2025000,27
1959,VIRGINIA,51,SOYBEANS,291000,312000,12350000,5966000,20.5
1959,WEST VIRGINIA,54,SOYBEANS,,5000,,,
1959,WISCONSIN,55,SOYBEANS,94000,102000,3483000,1833000,19.5
1959,ALABAMA,1,WHEAT,"55,000","73,000","2,226,000","1,265,000",23
1959,ARIZONA,4,WHEAT,"94,000","104,000","6,475,000","3,948,000",42
1959,ARKANSAS,5,WHEAT,"136,000","180,000","5,896,000","3,468,000",25.5
1959,CALIFORNIA,6,WHEAT,"356,000","390,000","16,012,000","8,879,000",24.9
1959,COLORADO,8,WHEAT,"2,475,000","2,691,000","92,137,000","54,562,000",22
1959,DELAWARE,10,WHEAT,"27,000","29,000","1,207,000","702,000",26
1959,GEORGIA,13,WHEAT,"101,000","112,000","3,888,000","2,172,000",21.5
1959,IDAHO,16,WHEAT,"1,117,000","1,175,000","64,550,000","39,672,000",35.5
1959,ILLINOIS,17,WHEAT,"1,660,000","1,777,000","75,530,000","43,160,000",26
1959,INDIANA,18,WHEAT,"1,217,000","1,347,000","54,108,000","31,642,000",26
1959,IOWA,19,WHEAT,"165,000","185,000","5,845,000","3,317,000",20.1
1959,KANSAS,20,WHEAT,"10,329,000","10,727,000","376,904,000","211,744,000",20.5
1959,KENTUCKY,21,WHEAT,"168,000","255,000","7,203,000","4,116,000",24.5
1959,LOUISIANA,22,WHEAT,"35,000","60,000","1,340,000","770,000",22
1959,MARYLAND,24,WHEAT,"155,000","165,000","6,471,000","3,875,000",25
1959,MICHIGAN,26,WHEAT,"1,112,000","1,183,000","62,628,000","35,584,000",32
1959,MINNESOTA,27,WHEAT,"970,000","1,010,000","42,988,000","22,252,000",22.9
1959,MISSISSIPPI,28,WHEAT,"33,000","50,000","1,499,000","842,000",25.5
1959,MISSOURI,29,WHEAT,"1,518,000","1,705,000","65,274,000","37,950,000",25
1959,MONTANA,30,WHEAT,"3,966,000","4,244,000","129,270,000","77,974,000",19.7
1959,NEBRASKA,31,WHEAT,"3,104,000","3,408,000","120,023,000","68,204,000",22
1959,NEVADA,32,WHEAT,"21,000","22,000","1,269,000","756,000",36
1959,NEW JERSEY,34,WHEAT,"46,000","60,000","2,565,000","1,449,000",31.5
1959,NEW MEXICO,35,WHEAT,"227,000","285,000","6,777,000","3,855,000",17
1959,NEW YORK,36,WHEAT,"254,000","289,000","13,564,000","7,620,000",30
1959,NORTH CAROLINA,37,WHEAT,"404,000","438,000","16,804,000","9,494,000",23.5
1959,NORTH DAKOTA,38,WHEAT,"6,495,000","6,752,000","187,035,000","97,492,000",15
1959,OHIO,39,WHEAT,"1,264,000","1,495,000","54,194,000","30,968,000",24.5
1959,OKLAHOMA,40,WHEAT,"4,529,000","4,987,000","160,327,000","90,580,000",20
1959,OREGON,41,WHEAT,"800,000","838,000","51,494,000","28,608,000",35.8
1959,PENNSYLVANIA,42,WHEAT,"530,000","563,000","23,596,000","14,045,000",26.5
1959,SOUTH CAROLINA,45,WHEAT,"173,000","181,000","6,193,000","3,460,000",20
1959,SOUTH DAKOTA,46,WHEAT,"1,932,000","2,654,000","32,805,000","17,922,000",9.3
1959,TENNESSEE,47,WHEAT,"167,000","200,000","6,540,000","3,674,000",22
1959,TEXAS,48,WHEAT,"3,228,000","4,029,000","97,131,000","54,876,000",17
1959,UTAH,49,WHEAT,"235,000","249,000","9,213,000","5,564,000",23.7
1959,VIRGINIA,51,WHEAT,"270,000","289,000","11,294,000","6,345,000",23.5
1959,WASHINGTON,53,WHEAT,"2,000,000","2,115,000","133,645,000","76,807,000",38.4
1959,WEST VIRGINIA,54,WHEAT,"25,000","31,000","1,029,000","575,000",23
1959,WISCONSIN,55,WHEAT,"62,000","65,000","3,300,000","1,907,000",30.8
1959,WYOMING,56,WHEAT,"261,000","294,000","9,298,000","5,640,000",21.6
1958,ALABAMA,1,CORN,1794000,1930000,66181000,55614000,31
1958,ARIZONA,4,CORN,24000,35000,841000,576000,24
1958,ARKANSAS,5,CORN,422000,454000,15044000,13082000,31
1958,CALIFORNIA,6,CORN,176000,251000,17494000,12320000,70
1958,COLORADO,8,CORN,348000,543000,17852000,16530000,47.5
1958,CONNECTICUT,9,CORN,3000,35000,312000,201000,67
1958,DELAWARE,10,CORN,126000,134000,10234000,7812000,62
1958,FLORIDA,12,CORN,317000,540000,9589000,7925000,25
1958,GEORGIA,13,CORN,2109000,2624000,77822000,63270000,30
1958,IDAHO,16,CORN,22000,63000,2042000,1595000,72.5
1958,ILLINOIS,17,CORN,8244000,8664000,642785000,568836000,69
1958,INDIANA,18,CORN,4291000,4637000,300070000,270333000,63
1958,IOWA,19,CORN,9782000,10136000,697261000,645612000,66
1958,KANSAS,20,CORN,1571000,1780000,69281000,65982000,42
1958,KENTUCKY,21,CORN,1421000,1507000,80144000,66787000,47
1958,LOUISIANA,22,CORN,447000,505000,14362000,12069000,27
1958,MAINE,23,CORN,,11000,,,
1958,MARYLAND,24,CORN,382000,439000,30079000,23684000,62
1958,MASSACHUSETTS,25,CORN,3000,26000,298000,192000,64
1958,MICHIGAN,26,CORN,1452000,1817000,88630000,81312000,56
1958,MINNESOTA,27,CORN,4841000,5820000,273807000,271096000,56
1958,MISSISSIPPI,28,CORN,1273000,1376000,45815000,38826000,30.5
1958,MISSOURI,29,CORN,3099000,3434000,185754000,167346000,54
1958,MONTANA,30,CORN,6000,161000,237000,204000,34
1958,NEBRASKA,31,CORN,5415000,5644000,309305000,276165000,51
1958,NEVADA,32,CORN,1000,4000,76000,50000,50
1958,NEW HAMPSHIRE,33,CORN,,11000,,,
1958,NEW JERSEY,34,CORN,99000,140000,9670000,7326000,74
1958,NEW MEXICO,35,CORN,26000,45000,983000,728000,28
1958,NEW YORK,36,CORN,212000,680000,14808000,11660000,55
1958,NORTH CAROLINA,37,CORN,1708000,1859000,95477000,73444000,43
1958,NORTH DAKOTA,38,CORN,375000,1376000,9652000,9750000,26
1958,OHIO,39,CORN,2998000,3245000,199667000,179880000,60
1958,OKLAHOMA,40,CORN,233000,259000,7945000,7223000,31
1958,OREGON,41,CORN,25000,44000,2556000,1775000,71
1958,PENNSYLVANIA,42,CORN,939000,1202000,80566000,61974000,66
1958,RHODE ISLAND,44,CORN,,6000,,,
1958,SOUTH CAROLINA,45,CORN,810000,875000,32319000,24300000,30
1958,SOUTH DAKOTA,46,CORN,3266000,4014000,88705000,91448000,28
1958,TENNESSEE,47,CORN,1335000,1421000,60369000,50730000,38
1958,TEXAS,48,CORN,1658000,1778000,46308000,40621000,24.5
1958,UTAH,49,CORN,3000,44000,239000,165000,55
1958,VERMONT,50,CORN,1000,52000,95000,61000,61
1958,VIRGINIA,51,CORN,634000,728000,44019000,33602000,53
1958,WASHINGTON,53,CORN,42000,65000,4347000,3150000,75
1958,WEST VIRGINIA,54,CORN,109000,131000,8123000,5886000,54
1958,WISCONSIN,55,CORN,1492000,2744000,93571000,84298000,56.5
1958,WYOMING,56,CORN,15000,62000,819000,765000,51
1958,ALABAMA,1,SOYBEANS,127000,167000,5616000,2794000,22
1958,ARKANSAS,5,SOYBEANS,2041000,2078000,93530000,47964000,23.5
1958,DELAWARE,10,SOYBEANS,161000,166000,7184000,3703000,23
1958,FLORIDA,12,SOYBEANS,44000,47000,2322000,1144000,26
1958,GEORGIA,13,SOYBEANS,70000,102000,1866000,910000,13
1958,ILLINOIS,17,SOYBEANS,5066000,5128000,292207000,141848000,28
1958,INDIANA,18,SOYBEANS,2247000,2342000,120731000,60669000,27
1958,IOWA,19,SOYBEANS,3116000,3128000,160505000,79458000,25.5
1958,KANSAS,20,SOYBEANS,421000,434000,17227000,9262000,22
1958,KENTUCKY,21,SOYBEANS,166000,225000,7685000,3901000,23.5
1958,LOUISIANA,22,SOYBEANS,162000,219000,6914000,3564000,22
1958,MARYLAND,24,SOYBEANS,182000,195000,8736000,4550000,25
1958,MICHIGAN,26,SOYBEANS,278000,294000,12404000,6394000,23
1958,MINNESOTA,27,SOYBEANS,3082000,3129000,106791000,53935000,17.5
1958,MISSISSIPPI,28,SOYBEANS,876000,975000,39289000,20148000,23
1958,MISSOURI,29,SOYBEANS,2132000,2294000,109755000,55432000,26
1958,NEBRASKA,31,SOYBEANS,206000,210000,11590000,5974000,29
1958,NEW JERSEY,34,SOYBEANS,34000,43000,1649000,850000,25
1958,NEW YORK,36,SOYBEANS,4000,7000,132000,72000,18
1958,NORTH CAROLINA,37,SOYBEANS,428000,529000,19393000,9844000,23
1958,NORTH DAKOTA,38,SOYBEANS,256000,267000,6702000,3584000,14
1958,OHIO,39,SOYBEANS,1429000,1455000,75051000,37154000,26
1958,OKLAHOMA,40,SOYBEANS,48000,54000,1905000,1008000,21
1958,PENNSYLVANIA,42,SOYBEANS,9000,34000,382000,198000,22
1958,SOUTH CAROLINA,45,SOYBEANS,400000,439000,13332000,6600000,16.5
1958,SOUTH DAKOTA,46,SOYBEANS,259000,266000,5658000,2978000,11.5
1958,TENNESSEE,47,SOYBEANS,299000,381000,13630000,7026000,23.5
1958,TEXAS,48,SOYBEANS,53000,65000,2701000,1378000,26
1958,VIRGINIA,51,SOYBEANS,269000,289000,11680000,6052000,22.5
1958,WEST VIRGINIA,54,SOYBEANS,,6000,,,
1958,WISCONSIN,55,SOYBEANS,128000,140000,3545000,1856000,14.5
1958,ALABAMA,1,WHEAT,"100,000","133,000","4,163,000","2,300,000",23
1958,ARIZONA,4,WHEAT,"122,000","130,000","6,871,000","3,904,000",32
1958,ARKANSAS,5,WHEAT,"117,000","155,000","4,165,000","2,340,000",20
1958,CALIFORNIA,6,WHEAT,"377,000","397,000","15,555,000","8,450,000",22.4
1958,COLORADO,8,WHEAT,"2,648,000","3,006,000","110,832,000","67,205,000",25.4
1958,DELAWARE,10,WHEAT,"28,000","31,000","1,187,000","686,000",24.5
1958,GEORGIA,13,WHEAT,"67,000","74,000","3,071,000","1,608,000",24
1958,IDAHO,16,WHEAT,"1,210,000","1,306,000","69,095,000","42,353,000",35
1958,ILLINOIS,17,WHEAT,"1,694,000","1,742,000","90,714,000","53,361,000",31.5
1958,INDIANA,18,WHEAT,"1,281,000","1,321,000","67,227,000","40,992,000",32
1958,IOWA,19,WHEAT,"167,000","178,000","9,046,000","5,288,000",31.7
1958,KANSAS,20,WHEAT,"10,433,000","10,727,000","529,265,000","297,340,000",28.5
1958,KENTUCKY,21,WHEAT,"157,000","236,000","6,494,000","3,690,000",23.5
1958,LOUISIANA,22,WHEAT,"42,000","70,000","1,166,000","630,000",15
1958,MARYLAND,24,WHEAT,"160,000","174,000","7,387,000","4,320,000",27
1958,MICHIGAN,26,WHEAT,"1,090,000","1,095,000","71,657,000","41,420,000",38
1958,MINNESOTA,27,WHEAT,"806,000","816,000","47,563,000","25,345,000",31.4
1958,MISSISSIPPI,28,WHEAT,"112,000","162,000","3,408,000","1,904,000",17
1958,MISSOURI,29,WHEAT,"1,446,000","1,688,000","68,830,000","40,488,000",28
1958,MONTANA,30,WHEAT,"4,360,000","4,497,000","164,561,000","101,882,000",23.4
1958,NEBRASKA,31,WHEAT,"3,442,000","3,620,000","197,463,000","113,488,000",33
1958,NEVADA,32,WHEAT,"20,000","20,000","1,276,000","754,000",37.7
1958,NEW JERSEY,34,WHEAT,"48,000","62,000","2,987,000","1,632,000",34
1958,NEW MEXICO,35,WHEAT,"196,000","223,000","6,735,000","3,806,000",19.4
1958,NEW YORK,36,WHEAT,"267,000","283,000","17,195,000","9,345,000",35
1958,NORTH CAROLINA,37,WHEAT,"306,000","337,000","14,022,000","7,191,000",23.5
1958,NORTH DAKOTA,38,WHEAT,"6,374,000","6,512,000","272,647,000","147,372,000",23.1
1958,OHIO,39,WHEAT,"1,436,000","1,495,000","71,671,000","44,516,000",31
1958,OKLAHOMA,40,WHEAT,"4,440,000","4,661,000","202,020,000","115,440,000",26
1958,OREGON,41,WHEAT,"821,000","861,000","50,946,000","28,147,000",34.3
1958,PENNSYLVANIA,42,WHEAT,"564,000","580,000","29,441,000","16,920,000",30
1958,SOUTH CAROLINA,45,WHEAT,"129,000","135,000","5,534,000","2,838,000",22
1958,SOUTH DAKOTA,46,WHEAT,"2,332,000","2,405,000","100,342,000","55,722,000",23.9
1958,TENNESSEE,47,WHEAT,"133,000","160,000","5,152,000","2,726,000",20.5
1958,TEXAS,48,WHEAT,"3,228,000","3,696,000","122,148,000","69,402,000",21.5
1958,UTAH,49,WHEAT,"267,000","282,000","9,206,000","5,521,000",20.7
1958,VIRGINIA,51,WHEAT,"237,000","256,000","11,585,000","6,162,000",26
1958,WASHINGTON,53,WHEAT,"2,005,000","2,065,000","123,124,000","69,957,000",34.9
1958,WEST VIRGINIA,54,WHEAT,"27,000","33,000","1,320,000","702,000",26
1958,WISCONSIN,55,WHEAT,"59,000","61,000","3,604,000","2,108,000",35.7
1958,WYOMING,56,WHEAT,"299,000","332,000","13,013,000","8,180,000",27.4
1957,ALABAMA,1,CORN,1907000,2136000,59117000,47675000,25
1957,ARIZONA,4,CORN,28000,38000,1383000,854000,30.5
1957,ARKANSAS,5,CORN,475000,533000,15544000,13062000,27.5
1957,CALIFORNIA,6,CORN,216000,302000,22218000,15984000,74
1957,COLORADO,8,CORN,296000,548000,16222000,14356000,48.5
1957,CONNECTICUT,9,CORN,3000,36000,274000,171000,57
1957,DELAWARE,10,CORN,131000,146000,5502000,3930000,30
1957,FLORIDA,12,CORN,315000,530000,8911000,7245000,23
1957,GEORGIA,13,CORN,2161000,2741000,69692000,54025000,25
1957,IDAHO,16,CORN,20000,61000,2174000,1520000,76
1957,ILLINOIS,17,CORN,7894000,8280000,580998000,505216000,64
1957,INDIANA,18,CORN,4222000,4567000,276499000,249098000,59
1957,IOWA,19,CORN,9860000,10249000,641886000,611320000,62
1957,KANSAS,20,CORN,1206000,1575000,40883000,36180000,30
1957,KENTUCKY,21,CORN,1459000,1533000,77167000,59819000,41
1957,LOUISIANA,22,CORN,471000,567000,13471000,10362000,22
1957,MAINE,23,CORN,,11000,,,
1957,MARYLAND,24,CORN,328000,457000,15613000,11480000,35
1957,MASSACHUSETTS,25,CORN,3000,27000,274000,171000,57
1957,MICHIGAN,26,CORN,1452000,1799000,81312000,72600000,50
1957,MINNESOTA,27,CORN,4992000,5958000,263478000,289536000,58
1957,MISSISSIPPI,28,CORN,1380000,1529000,43125000,34500000,25
1957,MISSOURI,29,CORN,3193000,3507000,157351000,140492000,44
1957,MONTANA,30,CORN,8000,171000,320000,248000,31
1957,NEBRASKA,31,CORN,4718000,4995000,239132000,219387000,46.5
1957,NEVADA,32,CORN,1000,4000,76000,50000,50
1957,NEW HAMPSHIRE,33,CORN,,10000,,,
1957,NEW JERSEY,34,CORN,74000,157000,3197000,2220000,30
1957,NEW MEXICO,35,CORN,26000,50000,961000,728000,28
1957,NEW YORK,36,CORN,238000,696000,17326000,13328000,56
1957,NORTH CAROLINA,37,CORN,1721000,1874000,76627000,55932000,32.5
1957,NORTH DAKOTA,38,CORN,511000,1349000,15292000,14564000,28.5
1957,OHIO,39,CORN,3014000,3245000,193680000,162756000,54
1957,OKLAHOMA,40,CORN,173000,242000,4613000,3720000,21.5
1957,OREGON,41,CORN,19000,36000,2180000,1434000,75.5
1957,PENNSYLVANIA,42,CORN,813000,1214000,53479000,37398000,46
1957,RHODE ISLAND,44,CORN,,6000,,,
1957,SOUTH CAROLINA,45,CORN,802000,893000,28567000,20852000,26
1957,SOUTH DAKOTA,46,CORN,3542000,4055000,112423000,122199000,34.5
1957,TENNESSEE,47,CORN,1311000,1480000,55678000,40641000,31
1957,TEXAS,48,CORN,1625000,1743000,46020000,39000000,24
1957,UTAH,49,CORN,5000,48000,349000,225000,45
1957,VERMONT,50,CORN,1000,53000,96000,60000,60
1957,VIRGINIA,51,CORN,628000,772000,23465000,16642000,26.5
1957,WASHINGTON,53,CORN,23000,44000,2544000,1817000,79
1957,WEST VIRGINIA,54,CORN,101000,130000,6193000,4242000,42
1957,WISCONSIN,55,CORN,1678000,2717000,117057000,107392000,64
1957,WYOMING,56,CORN,21000,66000,1127000,924000,44
1957,ALABAMA,1,SOYBEANS,122000,156000,5075000,2440000,20
1957,ARKANSAS,5,SOYBEANS,1395000,1433000,63528000,30690000,22
1957,DELAWARE,10,SOYBEANS,146000,152000,5314000,2555000,17.5
1957,FLORIDA,12,SOYBEANS,41000,45000,1990000,943000,23
1957,GEORGIA,13,SOYBEANS,72000,111000,2234000,1044000,14.5
1957,ILLINOIS,17,SOYBEANS,4914000,4979000,266904000,125307000,25.5
1957,INDIANA,18,SOYBEANS,2174000,2230000,111320000,53263000,24.5
1957,IOWA,19,SOYBEANS,2827000,2844000,156474000,76329000,27
1957,KANSAS,20,SOYBEANS,214000,241000,4848000,2461000,11.5
1957,KENTUCKY,21,SOYBEANS,136000,192000,5630000,2720000,20
1957,LOUISIANA,22,SOYBEANS,132000,189000,5683000,2772000,21
1957,MARYLAND,24,SOYBEANS,177000,193000,7328000,3540000,20
1957,MICHIGAN,26,SOYBEANS,246000,258000,11149000,5412000,22
1957,MINNESOTA,27,SOYBEANS,2549000,2697000,109608000,54804000,21.5
1957,MISSISSIPPI,28,SOYBEANS,664000,744000,26284000,12948000,19.5
1957,MISSOURI,29,SOYBEANS,1719000,1806000,76503000,36958000,21.5
1957,NEBRASKA,31,SOYBEANS,142000,145000,7199000,3692000,26
1957,NEW JERSEY,34,SOYBEANS,34000,50000,985000,476000,14
1957,NEW YORK,36,SOYBEANS,4000,7000,143000,72000,18
1957,NORTH CAROLINA,37,SOYBEANS,420000,514000,17304000,8400000,20
1957,NORTH DAKOTA,38,SOYBEANS,175000,188000,6017000,3150000,18
1957,OHIO,39,SOYBEANS,1404000,1426000,67813000,32292000,23
1957,OKLAHOMA,40,SOYBEANS,31000,38000,997000,496000,16
1957,PENNSYLVANIA,42,SOYBEANS,12000,47000,326000,156000,13
1957,SOUTH CAROLINA,45,SOYBEANS,350000,369000,12801000,6125000,17.5
1957,SOUTH DAKOTA,46,SOYBEANS,186000,194000,5862000,3069000,16.5
1957,TENNESSEE,47,SOYBEANS,212000,278000,10017000,4770000,22.5
1957,TEXAS,48,SOYBEANS,20000,26000,1064000,540000,27
1957,VIRGINIA,51,SOYBEANS,238000,270000,8825000,4284000,18
1957,WEST VIRGINIA,54,SOYBEANS,,6000,,,
1957,WISCONSIN,55,SOYBEANS,101000,110000,3417000,1717000,17
1957,ALABAMA,1,WHEAT,"130,000","162,000","4,259,000","2,340,000",18
1957,ARIZONA,4,WHEAT,"63,000","69,000","4,581,000","2,268,000",36
1957,ARKANSAS,5,WHEAT,"163,000","210,000","5,901,000","3,260,000",20
1957,CALIFORNIA,6,WHEAT,"288,000","306,000","13,673,000","6,481,000",22.5
1957,COLORADO,8,WHEAT,"1,488,000","2,054,000","66,790,000","36,522,000",24.5
1957,DELAWARE,10,WHEAT,"29,000","32,000","1,206,000","638,000",22
1957,GEORGIA,13,WHEAT,"112,000","124,000","3,783,000","1,960,000",17.5
1957,IDAHO,16,WHEAT,"1,144,000","1,223,000","79,421,000","44,238,000",38.7
1957,ILLINOIS,17,WHEAT,"1,737,000","1,787,000","71,495,000","36,477,000",21
1957,INDIANA,18,WHEAT,"1,281,000","1,308,000","63,045,000","32,666,000",25.5
1957,IOWA,19,WHEAT,"156,000","165,000","8,452,000","4,312,000",27.6
1957,KANSAS,20,WHEAT,"5,269,000","7,199,000","196,218,000","100,111,000",19
1957,KENTUCKY,21,WHEAT,"199,000","288,000","7,566,000","3,880,000",19.5
1957,LOUISIANA,22,WHEAT,"84,000","132,000","2,180,000","1,260,000",15
1957,MARYLAND,24,WHEAT,"158,000","172,000","6,556,000","3,397,000",21.5
1957,MICHIGAN,26,WHEAT,"991,000","1,005,000","57,191,000","28,739,000",29
1957,MINNESOTA,27,WHEAT,"699,000","727,000","32,408,000","15,780,000",22.6
1957,MISSISSIPPI,28,WHEAT,"162,000","190,000","6,095,000","3,483,000",21.5
1957,MISSOURI,29,WHEAT,"1,643,000","1,876,000","72,555,000","37,789,000",23
1957,MONTANA,30,WHEAT,"4,235,000","4,341,000","154,343,000","83,815,000",19.8
1957,NEBRASKA,31,WHEAT,"2,920,000","3,294,000","151,172,000","78,741,000",27
1957,NEVADA,32,WHEAT,"18,000","18,000","1,170,000","640,000",35.6
1957,NEW JERSEY,34,WHEAT,"47,000","56,000","2,689,000","1,386,000",29.5
1957,NEW MEXICO,35,WHEAT,"116,000","194,000","4,137,000","2,204,000",19
1957,NEW YORK,36,WHEAT,"245,000","260,000","16,170,000","8,085,000",33
1957,NORTH CAROLINA,37,WHEAT,"364,000","392,000","13,279,000","6,916,000",19
1957,NORTH DAKOTA,38,WHEAT,"6,353,000","6,545,000","238,720,000","119,227,000",18.8
1957,OHIO,39,WHEAT,"1,436,000","1,510,000","61,920,000","31,592,000",22
1957,OKLAHOMA,40,WHEAT,"3,442,000","4,276,000","83,038,000","43,025,000",12.5
1957,OREGON,41,WHEAT,"745,000","786,000","54,647,000","26,788,000",36
1957,PENNSYLVANIA,42,WHEAT,"548,000","563,000","28,260,000","14,796,000",27
1957,SOUTH CAROLINA,45,WHEAT,"195,000","204,000","6,739,000","3,510,000",18
1957,SOUTH DAKOTA,46,WHEAT,"1,978,000","2,047,000","79,244,000","40,037,000",20.2
1957,TENNESSEE,47,WHEAT,"205,000","243,000","6,726,000","3,485,000",17
1957,TEXAS,48,WHEAT,"2,322,000","3,159,000","64,644,000","33,669,000",14.5
1957,UTAH,49,WHEAT,"277,000","289,000","12,067,000","6,559,000",23.7
1957,VIRGINIA,51,WHEAT,"249,000","267,000","9,367,000","4,731,000",19
1957,WASHINGTON,53,WHEAT,"1,897,000","1,964,000","141,763,000","72,699,000",38.3
1957,WEST VIRGINIA,54,WHEAT,"27,000","35,000","1,111,000","567,000",21
1957,WISCONSIN,55,WHEAT,"51,000","54,000","2,424,000","1,300,000",25.5
1957,WYOMING,56,WHEAT,"288,000","317,000","11,432,000","6,367,000",22.1
1956,ALABAMA,1,CORN,1989000,2207000,57761000,47736000,24
1956,ARIZONA,4,CORN,35000,46000,1848000,1050000,30
1956,ARKANSAS,5,CORN,646000,685000,21454000,17442000,27
1956,CALIFORNIA,6,CORN,173000,256000,20428000,12456000,72
1956,COLORADO,8,CORN,204000,438000,12252000,8568000,42
1956,CONNECTICUT,9,CORN,4000,36000,372000,228000,57
1956,DELAWARE,10,CORN,144000,151000,11785000,8928000,62
1956,FLORIDA,12,CORN,333000,559000,8182000,6993000,21
1956,GEORGIA,13,CORN,2131000,2736000,63419000,51144000,24
1956,IDAHO,16,CORN,15000,60000,1651000,1065000,71
1956,ILLINOIS,17,CORN,8477000,8737000,755131000,576436000,68
1956,INDIANA,18,CORN,4592000,4772000,361574000,284704000,62
1956,IOWA,19,CORN,9413000,10583000,659711000,503596000,53.5
1956,KANSAS,20,CORN,901000,1694000,30409000,22525000,25
1956,KENTUCKY,21,CORN,1782000,1848000,108203000,81972000,46
1956,LOUISIANA,22,CORN,535000,597000,17248000,13910000,26
1956,MAINE,23,CORN,,11000,,,
1956,MARYLAND,24,CORN,428000,471000,34154000,25680000,60
1956,MASSACHUSETTS,25,CORN,3000,26000,259000,159000,53
1956,MICHIGAN,26,CORN,1649000,1977000,103442000,84099000,51
1956,MINNESOTA,27,CORN,5035000,5792000,359349000,294548000,58.5
1956,MISSISSIPPI,28,CORN,1465000,1576000,44316000,36625000,25
1956,MISSOURI,29,CORN,3749000,3985000,237537000,179952000,48
1956,MONTANA,30,CORN,6000,180000,221000,159000,26.5
1956,NEBRASKA,31,CORN,4037000,6244000,129023000,94870000,23.5
1956,NEVADA,32,CORN,1000,4000,86000,50000,50
1956,NEW HAMPSHIRE,33,CORN,,9000,,,
1956,NEW JERSEY,34,CORN,134000,182000,13226000,9380000,70
1956,NEW MEXICO,35,CORN,24000,57000,880000,540000,22.5
1956,NEW YORK,36,CORN,231000,707000,17248000,12590000,54.5
1956,NORTH CAROLINA,37,CORN,1834000,1982000,97000000,75194000,41
1956,NORTH DAKOTA,38,CORN,465000,1349000,14047000,12322000,26.5
1956,OHIO,39,CORN,3347000,3566000,257050000,200820000,60
1956,OKLAHOMA,40,CORN,273000,346000,6590000,4641000,17
1956,OREGON,41,CORN,17000,40000,1878000,1105000,65
1956,PENNSYLVANIA,42,CORN,979000,1278000,78398000,54824000,56
1956,RHODE ISLAND,44,CORN,,6000,,,
1956,SOUTH CAROLINA,45,CORN,862000,981000,24257000,18102000,21
1956,SOUTH DAKOTA,46,CORN,3178000,4055000,110626000,93751000,29.5
1956,TENNESSEE,47,CORN,1580000,1701000,67750000,50560000,32
1956,TEXAS,48,CORN,1593000,1958000,37849000,26284000,16.5
1956,UTAH,49,CORN,3000,45000,264000,162000,54
1956,VERMONT,50,CORN,1000,56000,82000,50000,50
1956,VIRGINIA,51,CORN,722000,806000,47132000,34656000,48
1956,WASHINGTON,53,CORN,19000,39000,2221000,1406000,74
1956,WEST VIRGINIA,54,CORN,136000,155000,10132000,6800000,50
1956,WISCONSIN,55,CORN,1714000,2772000,139862000,116552000,68
1956,WYOMING,56,CORN,18000,67000,983000,702000,39
1956,ALABAMA,1,SOYBEANS,110000,151000,5051000,2255000,20.5
1956,ARKANSAS,5,SOYBEANS,1509000,1558000,58942000,27162000,18
1956,DELAWARE,10,SOYBEANS,150000,155000,7884000,3600000,24
1956,FLORIDA,12,SOYBEANS,26000,32000,1241000,572000,22
1956,GEORGIA,13,SOYBEANS,63000,101000,1967000,882000,14
1956,ILLINOIS,17,SOYBEANS,4649000,4697000,295466000,132496000,28.5
1956,INDIANA,18,SOYBEANS,2142000,2186000,112584000,51408000,24
1956,IOWA,19,SOYBEANS,2500000,2551000,108500000,50000000,20
1956,KANSAS,20,SOYBEANS,355000,408000,6217000,3018000,8.5
1956,KENTUCKY,21,SOYBEANS,133000,190000,6262000,2926000,22
1956,LOUISIANA,22,SOYBEANS,142000,220000,5190000,2414000,17
1956,MARYLAND,24,SOYBEANS,188000,203000,10434000,4700000,25
1956,MICHIGAN,26,SOYBEANS,206000,213000,9258000,4326000,21
1956,MINNESOTA,27,SOYBEANS,2627000,2697000,111910000,52540000,20
1956,MISSISSIPPI,28,SOYBEANS,745000,846000,24713000,11548000,15.5
1956,MISSOURI,29,SOYBEANS,1821000,1869000,78303000,36420000,20
1956,NEBRASKA,31,SOYBEANS,146000,165000,3526000,1679000,11.5
1956,NEW JERSEY,34,SOYBEANS,35000,47000,1865000,840000,24
1956,NEW YORK,36,SOYBEANS,6000,9000,171000,84000,14
1956,NORTH CAROLINA,37,SOYBEANS,416000,494000,18693000,8944000,21.5
1956,NORTH DAKOTA,38,SOYBEANS,177000,184000,4694000,2301000,13
1956,OHIO,39,SOYBEANS,1301000,1339000,68693000,31224000,24
1956,OKLAHOMA,40,SOYBEANS,25000,54000,404000,200000,8
1956,PENNSYLVANIA,42,SOYBEANS,14000,50000,580000,259000,18.5
1956,SOUTH CAROLINA,45,SOYBEANS,276000,300000,6861000,3036000,11
1956,SOUTH DAKOTA,46,SOYBEANS,224000,237000,5332000,2576000,11.5
1956,TENNESSEE,47,SOYBEANS,258000,323000,9067000,4257000,16.5
1956,TEXAS,48,SOYBEANS,20000,25000,964000,440000,22
1956,VIRGINIA,51,SOYBEANS,271000,293000,12759000,5826000,21.5
1956,WEST VIRGINIA,54,SOYBEANS,,7000,,,
1956,WISCONSIN,55,SOYBEANS,85000,96000,2768000,1318000,15.5
1956,ALABAMA,1,WHEAT,"80,000","100,000","3,404,000","1,840,000",23
1956,ARIZONA,4,WHEAT,"58,000","64,000","3,306,000","1,740,000",30
1956,ARKANSAS,5,WHEAT,"96,000","125,000","5,144,000","2,736,000",28.5
1956,CALIFORNIA,6,WHEAT,"401,000","421,000","17,125,000","8,541,000",21.3
1956,COLORADO,8,WHEAT,"1,578,000","3,139,000","33,478,000","17,652,000",11.2
1956,DELAWARE,10,WHEAT,"31,000","33,000","1,836,000","961,000",31
1956,GEORGIA,13,WHEAT,"120,000","130,000","4,914,000","2,520,000",21
1956,IDAHO,16,WHEAT,"1,200,000","1,343,000","73,828,000","40,056,000",33.4
1956,ILLINOIS,17,WHEAT,"1,623,000","1,639,000","116,855,000","60,862,000",37.5
1956,INDIANA,18,WHEAT,"1,186,000","1,211,000","70,176,000","36,173,000",30.5
1956,IOWA,19,WHEAT,"131,000","154,000","5,106,000","2,592,000",19.8
1956,KANSAS,20,WHEAT,"9,244,000","10,907,000","286,564,000","143,282,000",15.5
1956,KENTUCKY,21,WHEAT,"207,000","297,000","10,753,000","5,486,000",26.5
1956,LOUISIANA,22,WHEAT,"35,000","60,000","1,244,000","665,000",19
1956,MARYLAND,24,WHEAT,"172,000","185,000","8,940,000","4,730,000",27.5
1956,MICHIGAN,26,WHEAT,"1,043,000","1,058,000","62,580,000","31,290,000",30
1956,MINNESOTA,27,WHEAT,"727,000","755,000","35,882,000","17,218,000",23.7
1956,MISSISSIPPI,28,WHEAT,"18,000","44,000","937,000","504,000",28
1956,MISSOURI,29,WHEAT,"1,660,000","1,895,000","96,703,000","50,630,000",30.5
1956,MONTANA,30,WHEAT,"4,780,000","5,757,000","165,254,000","86,983,000",18.2
1956,NEBRASKA,31,WHEAT,"3,324,000","3,549,000","128,741,000","64,698,000",19.5
1956,NEVADA,32,WHEAT,"13,000","14,000","801,000","451,000",34.7
1956,NEW JERSEY,34,WHEAT,"50,000","64,000","2,915,000","1,450,000",29
1956,NEW MEXICO,35,WHEAT,"129,000","468,000","2,103,000","1,107,000",8.6
1956,NEW YORK,36,WHEAT,"310,000","329,000","19,220,000","9,610,000",31
1956,NORTH CAROLINA,37,WHEAT,"368,000","396,000","18,299,000","9,384,000",25.5
1956,NORTH DAKOTA,38,WHEAT,"6,889,000","7,551,000","243,539,000","118,824,000",17.2
1956,OHIO,39,WHEAT,"1,496,000","1,589,000","77,403,000","38,896,000",26
1956,OKLAHOMA,40,WHEAT,"4,198,000","4,972,000","136,456,000","69,267,000",16.5
1956,OREGON,41,WHEAT,"816,000","919,000","51,982,000","25,607,000",31.4
1956,PENNSYLVANIA,42,WHEAT,"577,000","619,000","30,943,000","15,868,000",27.5
1956,SOUTH CAROLINA,45,WHEAT,"179,000","187,000","7,946,000","4,117,000",23
1956,SOUTH DAKOTA,46,WHEAT,"1,711,000","2,737,000","33,241,000","16,537,000",9.7
1956,TENNESSEE,47,WHEAT,"205,000","243,000","9,289,000","4,715,000",23
1956,TEXAS,48,WHEAT,"2,111,000","4,050,000","51,457,000","26,388,000",12.5
1956,UTAH,49,WHEAT,"335,000","368,000","13,815,000","7,512,000",22.4
1956,VIRGINIA,51,WHEAT,"268,000","290,000","14,472,000","7,236,000",27
1956,WASHINGTON,53,WHEAT,"2,028,000","2,550,000","115,465,000","59,826,000",29.5
1956,WEST VIRGINIA,54,WHEAT,"37,000","45,000","1,714,000","888,000",24
1956,WISCONSIN,55,WHEAT,"51,000","54,000","2,715,000","1,410,000",27.6
1956,WYOMING,56,WHEAT,"283,000","344,000","9,695,000","5,145,000",18.2
1955,ALABAMA,1,CORN,2030000,2252000,67700000,58870000,29
1955,ARIZONA,4,CORN,40000,51000,1580000,1000000,25
1955,ARKANSAS,5,CORN,630000,672000,21357000,18900000,30
1955,CALIFORNIA,6,CORN,184000,264000,19066000,12144000,66
1955,COLORADO,8,CORN,237000,528000,10769000,7584000,32
1955,CONNECTICUT,9,CORN,4000,40000,305000,188000,47
1955,DELAWARE,10,CORN,162000,172000,7640000,5832000,36
1955,FLORIDA,12,CORN,353000,588000,7907000,7060000,20
1955,GEORGIA,13,CORN,2197000,2820000,61164000,52728000,24
1955,IDAHO,16,CORN,15000,56000,1525000,930000,62
1955,ILLINOIS,17,CORN,8885000,9180000,686633000,497560000,56
1955,INDIANA,18,CORN,4798000,4941000,354668000,268688000,56
1955,IOWA,19,CORN,10293000,10799000,718862000,499210000,48.5
1955,KANSAS,20,CORN,1039000,1802000,34661000,24936000,24
1955,KENTUCKY,21,CORN,1876000,1941000,99991000,76916000,41
1955,LOUISIANA,22,CORN,569000,628000,17491000,16501000,29
1955,MAINE,23,CORN,1000,12000,67000,39000,39
1955,MARYLAND,24,CORN,465000,523000,25047000,18832000,40.5
1955,MASSACHUSETTS,25,CORN,3000,29000,253000,156000,52
1955,MICHIGAN,26,CORN,1639000,1993000,96291000,77033000,47
1955,MINNESOTA,27,CORN,5059000,5850000,346542000,252950000,50
1955,MISSISSIPPI,28,CORN,1527000,1625000,47642000,45810000,30
1955,MISSOURI,29,CORN,3783000,4108000,202769000,151320000,40
1955,MONTANA,30,CORN,9000,190000,344000,225000,25
1955,NEBRASKA,31,CORN,4775000,6714000,137520000,95500000,20
1955,NEVADA,32,CORN,,3000,,,
1955,NEW HAMPSHIRE,33,CORN,1000,11000,83000,51000,51
1955,NEW JERSEY,34,CORN,133000,198000,5437000,3724000,28
1955,NEW MEXICO,35,CORN,35000,60000,1128000,752000,21.5
1955,NEW YORK,36,CORN,233000,729000,15456000,11534000,49.5
1955,NORTH CAROLINA,37,CORN,1973000,2161000,84523000,67082000,34
1955,NORTH DAKOTA,38,CORN,505000,1391000,15529000,12625000,25
1955,OHIO,39,CORN,3556000,3715000,274843000,209804000,59
1955,OKLAHOMA,40,CORN,298000,349000,9155000,7152000,24
1955,OREGON,41,CORN,20000,40000,2184000,1300000,65
1955,PENNSYLVANIA,42,CORN,999000,1331000,67093000,45954000,46
1955,RHODE ISLAND,44,CORN,1000,6000,75000,46000,46
1955,SOUTH CAROLINA,45,CORN,980000,1055000,33477000,27440000,28
1955,SOUTH DAKOTA,46,CORN,3035000,4224000,93432000,71322000,23.5
1955,TENNESSEE,47,CORN,1643000,1754000,69269000,55862000,34
1955,TEXAS,48,CORN,1921000,2083000,50714000,46104000,24
1955,UTAH,49,CORN,3000,41000,221000,129000,43
1955,VERMONT,50,CORN,1000,61000,89000,55000,55
1955,VIRGINIA,51,CORN,744000,879000,38733000,28272000,38
1955,WASHINGTON,53,CORN,20000,39000,2290000,1440000,72
1955,WEST VIRGINIA,54,CORN,153000,176000,8533000,5967000,39
1955,WISCONSIN,55,CORN,1617000,2772000,107813000,84892000,52.5
1955,WYOMING,56,CORN,18000,76000,778000,540000,30
1955,ALABAMA,1,SOYBEANS,94000,148000,4446000,2068000,22
1955,ARKANSAS,5,SOYBEANS,1217000,1277000,44469000,21906000,18
1955,DELAWARE,10,SOYBEANS,105000,110000,4515000,2100000,20
1955,FLORIDA,12,SOYBEANS,31000,35000,1398000,682000,22
1955,GEORGIA,13,SOYBEANS,47000,85000,1387000,611000,13
1955,ILLINOIS,17,SOYBEANS,4328000,4390000,227956000,99544000,23
1955,INDIANA,18,SOYBEANS,2039000,2102000,99951000,43838000,21.5
1955,IOWA,19,SOYBEANS,2261000,2278000,101293000,45220000,20
1955,KANSAS,20,SOYBEANS,335000,374000,7069000,3350000,10
1955,KENTUCKY,21,SOYBEANS,134000,204000,5186000,2412000,18
1955,LOUISIANA,22,SOYBEANS,95000,147000,4368000,2090000,22
1955,MARYLAND,24,SOYBEANS,155000,175000,6933000,3255000,21
1955,MICHIGAN,26,SOYBEANS,138000,145000,6679000,3036000,22
1955,MINNESOTA,27,SOYBEANS,2253000,2286000,98412000,43934000,19.5
1955,MISSISSIPPI,28,SOYBEANS,626000,717000,24977000,11894000,19
1955,MISSOURI,29,SOYBEANS,1900000,1947000,71155000,33250000,17.5
1955,NEBRASKA,31,SOYBEANS,180000,196000,3988000,1890000,10.5
1955,NEW JERSEY,34,SOYBEANS,34000,43000,1447000,646000,19
1955,NEW YORK,36,SOYBEANS,5000,7000,166000,80000,16
1955,NORTH CAROLINA,37,SOYBEANS,327000,430000,10795000,5068000,15.5
1955,NORTH DAKOTA,38,SOYBEANS,88000,90000,2878000,1364000,15.5
1955,OHIO,39,SOYBEANS,1193000,1217000,66640000,29228000,24.5
1955,OKLAHOMA,40,SOYBEANS,41000,53000,920000,472000,11.5
1955,PENNSYLVANIA,42,SOYBEANS,18000,55000,814000,360000,20
1955,SOUTH CAROLINA,45,SOYBEANS,189000,222000,6407000,2835000,15
1955,SOUTH DAKOTA,46,SOYBEANS,243000,249000,5923000,2794000,11.5
1955,TENNESSEE,47,SOYBEANS,263000,351000,9894000,4734000,18
1955,TEXAS,48,SOYBEANS,2000,5000,53000,26000,13
1955,VIRGINIA,51,SOYBEANS,201000,238000,8723000,4020000,20
1955,WEST VIRGINIA,54,SOYBEANS,,8000,,,
1955,WISCONSIN,55,SOYBEANS,78000,90000,2067000,975000,12.5
1955,ALABAMA,1,WHEAT,"53,000","88,000","1,853,000","1,007,000",19
1955,ARIZONA,4,WHEAT,"42,000","44,000","2,253,000","1,218,000",29
1955,ARKANSAS,5,WHEAT,"77,000","101,000","2,884,000","1,502,000",19.5
1955,CALIFORNIA,6,WHEAT,"423,000","439,000","18,299,000","8,883,000",21
1955,COLORADO,8,WHEAT,"1,299,000","3,266,000","34,505,000","17,712,000",13.6
1955,DELAWARE,10,WHEAT,"33,000","34,000","1,816,000","908,000",27.5
1955,GEORGIA,13,WHEAT,"100,000","112,000","3,264,000","1,600,000",16
1955,IDAHO,16,WHEAT,"1,198,000","1,267,000","72,183,000","39,731,000",33.2
1955,ILLINOIS,17,WHEAT,"1,576,000","1,592,000","99,335,000","52,008,000",33
1955,INDIANA,18,WHEAT,"1,186,000","1,199,000","63,629,000","34,394,000",29
1955,IOWA,19,WHEAT,"115,000","119,000","7,802,000","3,822,000",33.2
1955,KANSAS,20,WHEAT,"8,559,000","10,799,000","264,473,000","128,385,000",15
1955,KENTUCKY,21,WHEAT,"201,000","291,000","7,839,000","4,020,000",20
1955,LOUISIANA,22,WHEAT,"17,000","35,000","626,000","340,000",20
1955,MARYLAND,24,WHEAT,"179,000","193,000","9,393,000","4,744,000",26.5
1955,MICHIGAN,26,WHEAT,"948,000","953,000","53,415,000","27,966,000",29.5
1955,MINNESOTA,27,WHEAT,"634,000","645,000","25,792,000","12,186,000",19.2
1955,MISSISSIPPI,28,WHEAT,"13,000","32,000","526,000","286,000",22
1955,MISSOURI,29,WHEAT,"1,551,000","1,805,000","94,239,000","48,081,000",31
1955,MONTANA,30,WHEAT,"4,628,000","4,774,000","207,505,000","109,350,000",23.6
1955,NEBRASKA,31,WHEAT,"3,141,000","3,484,000","156,508,000","78,255,000",24.9
1955,NEVADA,32,WHEAT,"8,000","9,000","417,000","224,000",28
1955,NEW JERSEY,34,WHEAT,"51,000","76,000","3,236,000","1,556,000",30.5
1955,NEW MEXICO,35,WHEAT,"215,000","460,000","3,562,000","1,770,000",8.2
1955,NEW YORK,36,WHEAT,"316,000","332,000","21,054,000","10,270,000",32.5
1955,NORTH CAROLINA,37,WHEAT,"329,000","370,000","14,077,000","7,074,000",21.5
1955,NORTH DAKOTA,38,WHEAT,"7,212,000","7,350,000","231,677,000","109,336,000",15.2
1955,OHIO,39,WHEAT,"1,496,000","1,513,000","83,297,000","43,384,000",29
1955,OKLAHOMA,40,WHEAT,"3,020,000","4,923,000","49,528,000","24,160,000",8
1955,OREGON,41,WHEAT,"824,000","876,000","44,455,000","21,899,000",26.6
1955,PENNSYLVANIA,42,WHEAT,"614,000","645,000","31,498,000","16,578,000",27
1955,SOUTH CAROLINA,45,WHEAT,"152,000","164,000","5,624,000","2,812,000",18.5
1955,SOUTH DAKOTA,46,WHEAT,"2,400,000","2,542,000","56,832,000","27,461,000",11.4
1955,TENNESSEE,47,WHEAT,"201,000","243,000","6,766,000","3,417,000",17
1955,TEXAS,48,WHEAT,"1,508,000","4,308,000","29,225,000","14,326,000",9.5
1955,UTAH,49,WHEAT,"348,000","372,000","12,161,000","6,475,000",18.6
1955,VIRGINIA,51,WHEAT,"255,000","279,000","13,260,000","6,630,000",26
1955,WASHINGTON,53,WHEAT,"1,998,000","2,076,000","109,431,000","55,832,000",27.9
1955,WEST VIRGINIA,54,WHEAT,"40,000","49,000","1,739,000","920,000",23
1955,WISCONSIN,55,WHEAT,"53,000","54,000","2,497,000","1,372,000",25.9
1955,WYOMING,56,WHEAT,"277,000","333,000","10,043,000","5,200,000",18.8
1954,ALABAMA,1,CORN,2121000,2417000,43290000,27573000,13
1954,ARIZONA,4,CORN,28000,37000,851000,448000,16
1954,ARKANSAS,5,CORN,573000,862000,9753000,6590000,11.5
1954,CALIFORNIA,6,CORN,103000,151000,10803000,5871000,57
1954,COLORADO,8,CORN,219000,498000,9343000,5913000,27
1954,CONNECTICUT,9,CORN,4000,39000,366000,208000,52
1954,DELAWARE,10,CORN,164000,173000,8920000,6068000,37
1954,FLORIDA,12,CORN,346000,599000,8882000,5882000,17
1954,GEORGIA,13,CORN,2188000,3044000,42272000,26256000,12
1954,IDAHO,16,CORN,14000,46000,1452000,854000,61
1954,ILLINOIS,17,CORN,8699000,9377000,632592000,439300000,50.5
1954,INDIANA,18,CORN,4665000,4839000,354704000,258908000,55.5
1954,IOWA,19,CORN,10014000,10540000,791356000,545763000,54.5
1954,KANSAS,20,CORN,1349000,2281000,47916000,32376000,24
1954,KENTUCKY,21,CORN,1976000,2083000,89434000,61256000,31
1954,LOUISIANA,22,CORN,575000,647000,16445000,11500000,20
1954,MAINE,23,CORN,1000,12000,62000,34000,34
1954,MARYLAND,24,CORN,435000,512000,27732000,18488000,42.5
1954,MASSACHUSETTS,25,CORN,3000,30000,285000,162000,54
1954,MICHIGAN,26,CORN,1578000,1935000,97994000,72588000,46
1954,MINNESOTA,27,CORN,4655000,5522000,321241000,239732000,51.5
1954,MISSISSIPPI,28,CORN,1564000,1766000,40946000,26588000,17
1954,MISSOURI,29,CORN,2978000,4565000,104111000,68494000,23
1954,MONTANA,30,CORN,6000,178000,204000,135000,22.5
1954,NEBRASKA,31,CORN,6497000,6922000,275083000,188413000,29
1954,NEVADA,32,CORN,,3000,,,
1954,NEW HAMPSHIRE,33,CORN,1000,12000,81000,46000,46
1954,NEW JERSEY,34,CORN,142000,201000,10837000,6816000,48
1954,NEW MEXICO,35,CORN,30000,80000,1015000,615000,20.5
1954,NEW YORK,36,CORN,238000,735000,17071000,11305000,47.5
1954,NORTH CAROLINA,37,CORN,1964000,2194000,80524000,49100000,25
1954,NORTH DAKOTA,38,CORN,430000,1276000,12900000,10320000,24
1954,OHIO,39,CORN,3530000,3715000,290696000,215330000,61
1954,OKLAHOMA,40,CORN,202000,348000,3636000,2424000,12
1954,OREGON,41,CORN,13000,29000,1446000,786000,60.5
1954,PENNSYLVANIA,42,CORN,1040000,1344000,80080000,52000000,50
1954,RHODE ISLAND,44,CORN,1000,7000,63000,36000,36
1954,SOUTH CAROLINA,45,CORN,959000,1154000,17320000,10070000,10.5
1954,SOUTH DAKOTA,46,CORN,3371000,4101000,136745000,102816000,30.5
1954,TENNESSEE,47,CORN,1694000,1928000,51498000,33880000,20
1954,TEXAS,48,CORN,1736000,1967000,42836000,30380000,17.5
1954,UTAH,49,CORN,3000,39000,314000,170000,56.5
1954,VERMONT,50,CORN,1000,62000,90000,51000,51
1954,VIRGINIA,51,CORN,777000,920000,42533000,26418000,34
1954,WASHINGTON,53,CORN,23000,38000,2414000,1518000,66
1954,WEST VIRGINIA,54,CORN,180000,202000,12639000,8370000,46.5
1954,WISCONSIN,55,CORN,1571000,2691000,131288000,95831000,61
1954,WYOMING,56,CORN,7000,64000,370000,231000,33
1954,ALABAMA,1,SOYBEANS,95000,148000,2690000,1140000,12
1954,ARKANSAS,5,SOYBEANS,958000,1047000,27212000,11017000,11.5
1954,DELAWARE,10,SOYBEANS,82000,88000,3975000,1517000,18.5
1954,FLORIDA,12,SOYBEANS,29000,35000,915000,348000,12
1954,GEORGIA,13,SOYBEANS,33000,94000,612000,214000,6.5
1954,ILLINOIS,17,SOYBEANS,4143000,4262000,224466000,89074000,21.5
1954,INDIANA,18,SOYBEANS,1939000,2002000,114944000,46536000,24
1954,IOWA,19,SOYBEANS,2129000,2149000,135967000,56418000,26.5
1954,KANSAS,20,SOYBEANS,291000,425000,4970000,2037000,7
1954,KENTUCKY,21,SOYBEANS,130000,215000,5405000,2145000,16.5
1954,LOUISIANA,22,SOYBEANS,73000,134000,3202000,1241000,17
1954,MARYLAND,24,SOYBEANS,140000,161000,6864000,2590000,18.5
1954,MICHIGAN,26,SOYBEANS,149000,156000,7697000,3129000,21
1954,MINNESOTA,27,SOYBEANS,1959000,1988000,98556000,42118000,21.5
1954,MISSISSIPPI,28,SOYBEANS,519000,664000,12767000,5190000,10
1954,MISSOURI,29,SOYBEANS,1827000,1967000,66495000,26492000,14.5
1954,NEBRASKA,31,SOYBEANS,188000,190000,9458000,4042000,21.5
1954,NEW JERSEY,34,SOYBEANS,31000,42000,1673000,651000,21
1954,NEW YORK,36,SOYBEANS,9000,11000,241000,99000,11
1954,NORTH CAROLINA,37,SOYBEANS,289000,406000,13069000,4913000,17
1954,NORTH DAKOTA,38,SOYBEANS,50000,51000,1748000,750000,15
1954,OHIO,39,SOYBEANS,1122000,1148000,69284000,28050000,25
1954,OKLAHOMA,40,SOYBEANS,32000,58000,447000,192000,6
1954,PENNSYLVANIA,42,SOYBEANS,22000,44000,891000,352000,16
1954,SOUTH CAROLINA,45,SOYBEANS,150000,206000,2584000,975000,6.5
1954,SOUTH DAKOTA,46,SOYBEANS,169000,174000,7179000,3042000,18
1954,TENNESSEE,47,SOYBEANS,214000,325000,7338000,2889000,13.5
1954,TEXAS,48,SOYBEANS,4000,8000,128000,54000,13.5
1954,VIRGINIA,51,SOYBEANS,205000,256000,7634000,2870000,14
1954,WEST VIRGINIA,54,SOYBEANS,,10000,,,
1954,WISCONSIN,55,SOYBEANS,66000,77000,2356000,990000,15
1954,ALABAMA,1,WHEAT,"24,000","30,000","1,003,000","528,000",22
1954,ARIZONA,4,WHEAT,"15,000","17,000","903,000","420,000",28
1954,ARKANSAS,5,WHEAT,"63,000","84,000","3,589,000","1,701,000",27
1954,CALIFORNIA,6,WHEAT,"470,000","488,000","19,338,000","9,165,000",19.5
1954,COLORADO,8,WHEAT,"1,740,000","3,204,000","39,884,000","18,608,000",10.7
1954,DELAWARE,10,WHEAT,"35,000","37,000","1,916,000","875,000",25
1954,GEORGIA,13,WHEAT,"118,000","127,000","4,519,000","2,183,000",18.5
1954,IDAHO,16,WHEAT,"1,224,000","1,305,000","73,484,000","37,255,000",30.4
1954,ILLINOIS,17,WHEAT,"1,592,000","1,608,000","98,386,000","47,760,000",30
1954,INDIANA,18,WHEAT,"1,318,000","1,332,000","79,996,000","40,199,000",30.5
1954,IOWA,19,WHEAT,"110,000","132,000","4,563,000","2,135,000",19.4
1954,KANSAS,20,WHEAT,"10,069,000","11,738,000","384,133,000","176,208,000",17.5
1954,KENTUCKY,21,WHEAT,"216,000","316,000","10,800,000","5,400,000",25
1954,MARYLAND,24,WHEAT,"195,000","210,000","10,292,000","4,972,000",25.5
1954,MICHIGAN,26,WHEAT,"1,030,000","1,036,000","61,234,000","29,870,000",29
1954,MINNESOTA,27,WHEAT,"726,000","754,000","23,355,000","10,399,000",14.3
1954,MISSISSIPPI,28,WHEAT,"28,000","45,000","1,584,000","784,000",28
1954,MISSOURI,29,WHEAT,"1,373,000","1,583,000","83,616,000","41,190,000",30
1954,MONTANA,30,WHEAT,"4,713,000","4,935,000","172,224,000","82,865,000",17.6
1954,NEBRASKA,31,WHEAT,"3,107,000","3,750,000","129,784,000","60,093,000",19.3
1954,NEVADA,32,WHEAT,"12,000","14,000","694,000","332,000",27.7
1954,NEW JERSEY,34,WHEAT,"57,000","85,000","3,717,000","1,682,000",29.5
1954,NEW MEXICO,35,WHEAT,"114,000","528,000","1,600,000","771,000",6.8
1954,NEW YORK,36,WHEAT,"344,000","361,000","22,714,000","10,664,000",31
1954,NORTH CAROLINA,37,WHEAT,"343,000","370,000","14,822,000","7,374,000",21.5
1954,NORTH DAKOTA,38,WHEAT,"7,702,000","8,201,000","153,877,000","69,155,000",9
1954,OHIO,39,WHEAT,"1,740,000","1,759,000","95,839,000","46,980,000",27
1954,OKLAHOMA,40,WHEAT,"4,718,000","5,294,000","154,279,000","70,770,000",15
1954,OREGON,41,WHEAT,"888,000","928,000","56,845,000","26,196,000",29.5
1954,PENNSYLVANIA,42,WHEAT,"690,000","725,000","37,094,000","19,320,000",28
1954,SOUTH CAROLINA,45,WHEAT,"149,000","158,000","5,690,000","2,831,000",19
1954,SOUTH DAKOTA,46,WHEAT,"2,705,000","2,812,000","59,549,000","27,108,000",10
1954,TENNESSEE,47,WHEAT,"214,000","261,000","8,091,000","4,066,000",19
1954,TEXAS,48,WHEAT,"3,279,000","4,840,000","71,154,000","32,790,000",10
1954,UTAH,49,WHEAT,"356,000","374,000","12,611,000","6,452,000",18.1
1954,VIRGINIA,51,WHEAT,"283,000","310,000","14,504,000","7,075,000",25
1954,WASHINGTON,53,WHEAT,"2,234,000","2,313,000","153,384,000","72,011,000",32.2
1954,WEST VIRGINIA,54,WHEAT,"46,000","54,000","2,208,000","1,150,000",25
1954,WISCONSIN,55,WHEAT,"64,000","66,000","3,113,000","1,617,000",25.3
1954,WYOMING,56,WHEAT,"252,000","355,000","6,097,000","2,946,000",11.7
1953,ALABAMA,1,CORN,2040000,2322000,69564000,44880000,22
1953,ARIZONA,4,CORN,27000,35000,798000,405000,15
1953,ARKANSAS,5,CORN,637000,781000,16027000,10829000,17
1953,CALIFORNIA,6,CORN,37000,76000,3132000,1702000,46
1953,COLORADO,8,CORN,237000,422000,11092000,7110000,30
1953,CONNECTICUT,9,CORN,4000,36000,370000,200000,50
1953,DELAWARE,10,CORN,160000,169000,12730000,8320000,52
1953,FLORIDA,12,CORN,330000,611000,8851000,5940000,18
1953,GEORGIA,13,CORN,2328000,2947000,74077000,50052000,21.5
1953,IDAHO,16,CORN,13000,43000,1141000,722000,55.5
1953,ILLINOIS,17,CORN,9002000,9377000,724301000,486108000,54
1953,INDIANA,18,CORN,4562000,4712000,340667000,234943000,51.5
1953,IOWA,19,CORN,10811000,11213000,859475000,572983000,53
1953,KANSAS,20,CORN,1774000,2453000,57761000,39028000,22
1953,KENTUCKY,21,CORN,1894000,1969000,100856000,67237000,35.5
1953,LOUISIANA,22,CORN,500000,605000,14820000,9500000,19
1953,MAINE,23,CORN,1000,14000,74000,39000,39
1953,MARYLAND,24,CORN,435000,491000,31894000,20445000,47
1953,MASSACHUSETTS,25,CORN,3000,30000,289000,156000,52
1953,MICHIGAN,26,CORN,1479000,1805000,99330000,68034000,46
1953,MINNESOTA,27,CORN,4740000,5651000,340214000,234630000,49.5
1953,MISSISSIPPI,28,CORN,1492000,1666000,52369000,33570000,22.5
1953,MISSOURI,29,CORN,3420000,4113000,173001000,114570000,33.5
1953,MONTANA,30,CORN,14000,152000,438000,294000,21
1953,NEBRASKA,31,CORN,6646000,7281000,288204000,196057000,29.5
1953,NEVADA,32,CORN,,4000,,,
1953,NEW HAMPSHIRE,33,CORN,1000,13000,83000,45000,45
1953,NEW JERSEY,34,CORN,139000,191000,12349000,7576000,54.5
1953,NEW MEXICO,35,CORN,22000,80000,604000,341000,15.5
1953,NEW YORK,36,CORN,239000,683000,19598000,11950000,50
1953,NORTH CAROLINA,37,CORN,2036000,2201000,90144000,55990000,27.5
1953,NORTH DAKOTA,38,CORN,380000,1150000,12475000,9310000,24.5
1953,OHIO,39,CORN,3358000,3545000,269647000,184690000,55
1953,OKLAHOMA,40,CORN,334000,508000,7265000,5010000,15
1953,OREGON,41,CORN,10000,23000,1018000,550000,55
1953,PENNSYLVANIA,42,CORN,1042000,1358000,76900000,46890000,45
1953,RHODE ISLAND,44,CORN,1000,7000,87000,47000,47
1953,SOUTH CAROLINA,45,CORN,1116000,1206000,34819000,21762000,19.5
1953,SOUTH DAKOTA,46,CORN,3566000,3982000,178496000,126593000,35.5
1953,TENNESSEE,47,CORN,1694000,1819000,75959000,49973000,29.5
1953,TEXAS,48,CORN,1698000,1942000,42790000,29715000,17.5
1953,UTAH,49,CORN,4000,40000,418000,220000,55
1953,VERMONT,50,CORN,1000,62000,93000,50000,50
1953,VIRGINIA,51,CORN,773000,944000,35481000,20871000,27
1953,WASHINGTON,53,CORN,13000,23000,1432000,884000,68
1953,WEST VIRGINIA,54,CORN,173000,196000,10306000,6401000,37
1953,WISCONSIN,55,CORN,1545000,2563000,139676000,95018000,61.5
1953,WYOMING,56,CORN,7000,60000,251000,161000,23
1953,ALABAMA,1,SOYBEANS,88000,136000,4366000,1804000,20.5
1953,ARKANSAS,5,SOYBEANS,771000,880000,21033000,8481000,11
1953,DELAWARE,10,SOYBEANS,70000,75000,3142000,1190000,17
1953,FLORIDA,12,SOYBEANS,14000,17000,587000,252000,18
1953,GEORGIA,13,SOYBEANS,47000,96000,1595000,611000,13
1953,ILLINOIS,17,SOYBEANS,3846000,3983000,219972000,78843000,20.5
1953,INDIANA,18,SOYBEANS,1808000,1889000,101375000,37968000,21
1953,IOWA,19,SOYBEANS,1657000,1679000,103672000,35626000,21.5
1953,KANSAS,20,SOYBEANS,484000,598000,8301000,3388000,7
1953,KENTUCKY,21,SOYBEANS,106000,207000,3778000,1431000,13.5
1953,LOUISIANA,22,SOYBEANS,50000,97000,2125000,850000,17
1953,MARYLAND,24,SOYBEANS,113000,129000,5604000,2147000,19
1953,MICHIGAN,26,SOYBEANS,108000,115000,5253000,2052000,19
1953,MINNESOTA,27,SOYBEANS,1351000,1400000,76164000,27696000,20.5
1953,MISSISSIPPI,28,SOYBEANS,250000,458000,7800000,3000000,12
1953,MISSOURI,29,SOYBEANS,1923000,2071000,65679000,25960000,13.5
1953,NEBRASKA,31,SOYBEANS,105000,108000,4991000,1942000,18.5
1953,NEW JERSEY,34,SOYBEANS,36000,41000,1795000,648000,18
1953,NEW YORK,36,SOYBEANS,6000,8000,268000,96000,16
1953,NORTH CAROLINA,37,SOYBEANS,258000,369000,10609000,4128000,16
1953,NORTH DAKOTA,38,SOYBEANS,23000,23000,850000,322000,14
1953,OHIO,39,SOYBEANS,1007000,1034000,57803000,20644000,20.5
1953,OKLAHOMA,40,SOYBEANS,48000,73000,1085000,480000,10
1953,PENNSYLVANIA,42,SOYBEANS,22000,43000,1010000,374000,17
1953,SOUTH CAROLINA,45,SOYBEANS,140000,170000,4004000,1540000,11
1953,SOUTH DAKOTA,46,SOYBEANS,87000,90000,4463000,1653000,19
1953,TENNESSEE,47,SOYBEANS,186000,290000,6796000,2697000,14.5
1953,TEXAS,48,SOYBEANS,,5000,,,
1953,VIRGINIA,51,SOYBEANS,167000,233000,6914000,2505000,15
1953,WEST VIRGINIA,54,SOYBEANS,,9000,,,
1953,WISCONSIN,55,SOYBEANS,58000,68000,2237000,841000,14.5
1953,ALABAMA,1,WHEAT,"21,000","26,000","919,000","462,000",22
1953,ARIZONA,4,WHEAT,"18,000","21,000","1,011,000","468,000",26
1953,ARKANSAS,5,WHEAT,"86,000","115,000","3,562,000","1,634,000",19
1953,CALIFORNIA,6,WHEAT,"594,000","626,000","23,926,000","11,286,000",19
1953,COLORADO,8,WHEAT,"2,813,000","4,003,000","89,371,000","43,875,000",15.6
1953,DELAWARE,10,WHEAT,"51,000","54,000","1,928,000","994,000",19.5
1953,GEORGIA,13,WHEAT,"168,000","182,000","6,309,000","3,108,000",18.5
1953,IDAHO,16,WHEAT,"1,713,000","1,852,000","98,046,000","50,055,000",29.2
1953,ILLINOIS,17,WHEAT,"2,122,000","2,144,000","113,485,000","59,416,000",28
1953,INDIANA,18,WHEAT,"1,648,000","1,665,000","86,751,000","46,144,000",28
1953,IOWA,19,WHEAT,"137,000","152,000","6,060,000","2,791,000",20.4
1953,KANSAS,20,WHEAT,"11,573,000","14,315,000","305,237,000","144,662,000",12.5
1953,KENTUCKY,21,WHEAT,"308,000","421,000","12,874,000","6,776,000",22
1953,MARYLAND,24,WHEAT,"257,000","269,000","10,325,000","5,268,000",20.5
1953,MICHIGAN,26,WHEAT,"1,515,000","1,524,000","86,552,000","43,935,000",29
1953,MINNESOTA,27,WHEAT,"997,000","1,056,000","34,584,000","16,171,000",16.2
1953,MISSISSIPPI,28,WHEAT,"45,000","66,000","2,336,000","1,192,000",26.5
1953,MISSOURI,29,WHEAT,"1,578,000","1,702,000","78,774,000","41,028,000",26
1953,MONTANA,30,WHEAT,"5,969,000","6,304,000","223,623,000","114,232,000",19.1
1953,NEBRASKA,31,WHEAT,"3,856,000","4,425,000","178,848,000","85,980,000",22.3
1953,NEVADA,32,WHEAT,"17,000","19,000","945,000","468,000",27.5
1953,NEW JERSEY,34,WHEAT,"81,000","107,000","4,111,000","2,025,000",25
1953,NEW MEXICO,35,WHEAT,"120,000","631,000","1,500,000","745,000",6.2
1953,NEW YORK,36,WHEAT,"483,000","501,000","29,208,000","14,248,000",29.5
1953,NORTH CAROLINA,37,WHEAT,"404,000","440,000","15,594,000","8,080,000",20
1953,NORTH DAKOTA,38,WHEAT,"9,843,000","10,333,000","213,411,000","97,304,000",9.9
1953,OHIO,39,WHEAT,"2,384,000","2,409,000","134,529,000","67,944,000",28.5
1953,OKLAHOMA,40,WHEAT,"5,898,000","6,966,000","150,753,000","70,776,000",12
1953,OREGON,41,WHEAT,"1,220,000","1,270,000","72,711,000","34,298,000",28.1
1953,PENNSYLVANIA,42,WHEAT,"862,000","884,000","37,859,000","20,688,000",24
1953,SOUTH CAROLINA,45,WHEAT,"186,000","197,000","6,250,000","3,255,000",17.5
1953,SOUTH DAKOTA,46,WHEAT,"3,561,000","3,876,000","68,072,000","32,717,000",9.2
1953,TENNESSEE,47,WHEAT,"305,000","353,000","11,300,000","5,795,000",19
1953,TEXAS,48,WHEAT,"2,710,000","5,438,000","51,707,000","24,390,000",9
1953,UTAH,49,WHEAT,"444,000","467,000","17,375,000","9,180,000",20.7
1953,VIRGINIA,51,WHEAT,"368,000","403,000","15,611,000","7,728,000",21
1953,WASHINGTON,53,WHEAT,"2,939,000","3,102,000","176,715,000","84,150,000",28.6
1953,WEST VIRGINIA,54,WHEAT,"59,000","66,000","2,346,000","1,268,000",21.5
1953,WISCONSIN,55,WHEAT,"74,000","76,000","3,255,000","1,712,000",23.1
1953,WYOMING,56,WHEAT,"413,000","471,000","13,163,000","6,823,000",16.5
1952,ALABAMA,1,CORN,2179000,2536000,45301000,23969000,11
1952,ARIZONA,4,CORN,28000,36000,704000,350000,12.5
1952,ARKANSAS,5,CORN,827000,989000,21461000,12405000,15
1952,CALIFORNIA,6,CORN,39000,78000,3650000,1872000,48
1952,COLORADO,8,CORN,212000,485000,8985000,5512000,26
1952,CONNECTICUT,9,CORN,5000,35000,414000,220000,44
1952,DELAWARE,10,CORN,174000,181000,13215000,8526000,49
1952,FLORIDA,12,CORN,375000,650000,10229000,5812000,15.5
1952,GEORGIA,13,CORN,2282000,3225000,53992000,29666000,13
1952,IDAHO,16,CORN,12000,39000,1288000,696000,58
1952,ILLINOIS,17,CORN,8728000,9034000,769460000,506224000,58
1952,INDIANA,18,CORN,4458000,4633000,334350000,222900000,50
1952,IOWA,19,CORN,10449000,10782000,979593000,653062000,62.5
1952,KANSAS,20,CORN,1986000,2819000,68368000,44685000,22.5
1952,KENTUCKY,21,CORN,2003000,2115000,93660000,56084000,28
1952,LOUISIANA,22,CORN,593000,703000,20168000,11267000,19
1952,MAINE,23,CORN,1000,14000,60000,31000,31
1952,MARYLAND,24,CORN,463000,517000,35035000,21761000,47
1952,MASSACHUSETTS,25,CORN,5000,32000,498000,265000,53
1952,MICHIGAN,26,CORN,1353000,1667000,102489000,68326000,50.5
1952,MINNESOTA,27,CORN,4419000,5288000,321703000,229788000,52
1952,MISSISSIPPI,28,CORN,1632000,1872000,49874000,26112000,16
1952,MISSOURI,29,CORN,3905000,4225000,243360000,160105000,41
1952,MONTANA,30,CORN,6000,149000,237000,138000,23
1952,NEBRASKA,31,CORN,6660000,7001000,377089000,253080000,38
1952,NEVADA,32,CORN,,3000,,,
1952,NEW HAMPSHIRE,33,CORN,1000,12000,79000,42000,42
1952,NEW JERSEY,34,CORN,145000,197000,13017000,7612000,52.5
1952,NEW MEXICO,35,CORN,30000,65000,800000,435000,14.5
1952,NEW YORK,36,CORN,233000,661000,20113000,12116000,52
1952,NORTH CAROLINA,37,CORN,2068000,2223000,91757000,52734000,25.5
1952,NORTH DAKOTA,38,CORN,315000,1095000,10508000,7560000,24
1952,OHIO,39,CORN,3382000,3581000,268869000,179246000,53
1952,OKLAHOMA,40,CORN,622000,833000,14443000,8397000,13.5
1952,OREGON,41,CORN,10000,25000,1045000,550000,55
1952,PENNSYLVANIA,42,CORN,1074000,1358000,86833000,52626000,49
1952,RHODE ISLAND,44,CORN,1000,7000,85000,45000,45
1952,SOUTH CAROLINA,45,CORN,1187000,1297000,31693000,17805000,15
1952,SOUTH DAKOTA,46,CORN,3142000,3757000,130691000,92689000,29.5
1952,TENNESSEE,47,CORN,1783000,2044000,65614000,35660000,20
1952,TEXAS,48,CORN,1993000,2174000,63785000,36870000,18.5
1952,UTAH,49,CORN,4000,37000,357000,184000,46
1952,VERMONT,50,CORN,2000,61000,184000,98000,49
1952,VIRGINIA,51,CORN,847000,973000,48635000,27951000,33
1952,WASHINGTON,53,CORN,8000,21000,886000,512000,64
1952,WEST VIRGINIA,54,CORN,187000,206000,13494000,7667000,41
1952,WISCONSIN,55,CORN,1514000,2439000,138561000,96896000,64
1952,WYOMING,56,CORN,11000,56000,399000,242000,22
1952,ALABAMA,1,SOYBEANS,85000,151000,4409000,1615000,19
1952,ARKANSAS,5,SOYBEANS,886000,1000000,37850000,14176000,16
1952,DELAWARE,10,SOYBEANS,62000,68000,2761000,1054000,17
1952,FLORIDA,12,SOYBEANS,12000,14000,670000,240000,20
1952,GEORGIA,13,SOYBEANS,43000,90000,1302000,452000,10.5
1952,ILLINOIS,17,SOYBEANS,3716000,3830000,247932000,89184000,24
1952,INDIANA,18,SOYBEANS,1683000,1782000,107576000,39550000,23.5
1952,IOWA,19,SOYBEANS,1526000,1540000,104676000,38913000,25.5
1952,KANSAS,20,SOYBEANS,640000,703000,19504000,7360000,11.5
1952,KENTUCKY,21,SOYBEANS,113000,220000,4783000,1752000,15.5
1952,LOUISIANA,22,SOYBEANS,50000,107000,2063000,750000,15
1952,MARYLAND,24,SOYBEANS,84000,99000,3946000,1512000,18
1952,MICHIGAN,26,SOYBEANS,92000,105000,4685000,1748000,19
1952,MINNESOTA,27,SOYBEANS,1155000,1197000,57496000,21945000,19
1952,MISSISSIPPI,28,SOYBEANS,455000,573000,16829000,6142000,13.5
1952,MISSOURI,29,SOYBEANS,1724000,1801000,86433000,31894000,18.5
1952,NEBRASKA,31,SOYBEANS,88000,90000,6086000,2288000,26
1952,NEW JERSEY,34,SOYBEANS,25000,36000,1423000,512000,20.5
1952,NEW YORK,36,SOYBEANS,5000,7000,238000,88000,17.5
1952,NORTH CAROLINA,37,SOYBEANS,286000,406000,12593000,4862000,17
1952,NORTH DAKOTA,38,SOYBEANS,29000,31000,919000,362000,12.5
1952,OHIO,39,SOYBEANS,940000,985000,56043000,20680000,22
1952,OKLAHOMA,40,SOYBEANS,88000,162000,2323000,880000,10
1952,PENNSYLVANIA,42,SOYBEANS,22000,46000,1116000,418000,19
1952,SOUTH CAROLINA,45,SOYBEANS,108000,150000,3428000,1242000,11.5
1952,SOUTH DAKOTA,46,SOYBEANS,85000,89000,3290000,1275000,15
1952,TENNESSEE,47,SOYBEANS,211000,382000,11099000,4220000,20
1952,TEXAS,48,SOYBEANS,,5000,,,
1952,VIRGINIA,51,SOYBEANS,174000,224000,7868000,2958000,17
1952,WEST VIRGINIA,54,SOYBEANS,1000,9000,43000,15000,15
1952,WISCONSIN,55,SOYBEANS,47000,56000,1993000,752000,16
1952,ALABAMA,1,WHEAT,"11,000","15,000","443,000","209,000",19
1952,ARIZONA,4,WHEAT,"17,000","19,000","972,000","442,000",26
1952,ARKANSAS,5,WHEAT,"38,000","54,000","1,430,000","684,000",18
1952,CALIFORNIA,6,WHEAT,"653,000","703,000","30,306,000","13,713,000",21
1952,COLORADO,8,WHEAT,"3,305,000","3,989,000","119,159,000","58,162,000",17.6
1952,DELAWARE,10,WHEAT,"54,000","57,000","2,234,000","1,134,000",21
1952,GEORGIA,13,WHEAT,"136,000","147,000","5,490,000","2,652,000",19.5
1952,IDAHO,16,WHEAT,"1,651,000","1,820,000","86,785,000","44,698,000",27.1
1952,ILLINOIS,17,WHEAT,"1,845,000","1,864,000","88,265,000","42,435,000",23
1952,INDIANA,18,WHEAT,"1,540,000","1,556,000","73,550,000","36,960,000",24
1952,IOWA,19,WHEAT,"155,000","178,000","7,026,000","3,329,000",21.5
1952,KANSAS,20,WHEAT,"14,649,000","15,068,000","658,326,000","307,629,000",21
1952,KENTUCKY,21,WHEAT,"230,000","326,000","9,660,000","4,600,000",20
1952,MARYLAND,24,WHEAT,"262,000","283,000","10,796,000","5,371,000",20.5
1952,MICHIGAN,26,WHEAT,"1,429,000","1,438,000","71,787,000","36,440,000",25.5
1952,MINNESOTA,27,WHEAT,"1,155,000","1,190,000","36,949,000","16,998,000",14.7
1952,MISSISSIPPI,28,WHEAT,"15,000","27,000","835,000","390,000",26
1952,MISSOURI,29,WHEAT,"1,252,000","1,520,000","56,741,000","27,544,000",22
1952,MONTANA,30,WHEAT,"5,772,000","6,180,000","165,589,000","84,133,000",14.6
1952,NEBRASKA,31,WHEAT,"4,390,000","4,613,000","205,561,000","98,367,000",22.4
1952,NEVADA,32,WHEAT,"19,000","20,000","982,000","478,000",25.2
1952,NEW JERSEY,34,WHEAT,"80,000","107,000","4,140,000","2,000,000",25
1952,NEW MEXICO,35,WHEAT,"130,000","649,000","1,798,000","859,000",6.6
1952,NEW YORK,36,WHEAT,"447,000","464,000","26,788,000","12,943,000",29
1952,NORTH CAROLINA,37,WHEAT,"408,000","440,000","17,479,000","8,568,000",21
1952,NORTH DAKOTA,38,WHEAT,"9,854,000","10,672,000","217,757,000","100,359,000",10.2
1952,OHIO,39,WHEAT,"2,249,000","2,273,000","111,302,000","55,100,000",24.5
1952,OKLAHOMA,40,WHEAT,"5,840,000","6,450,000","229,045,000","108,040,000",18.5
1952,OREGON,41,WHEAT,"1,167,000","1,215,000","69,155,000","32,016,000",27.4
1952,PENNSYLVANIA,42,WHEAT,"845,000","871,000","37,644,000","19,012,000",22.5
1952,SOUTH CAROLINA,45,WHEAT,"168,000","173,000","6,585,000","3,276,000",19.5
1952,SOUTH DAKOTA,46,WHEAT,"3,898,000","4,113,000","68,473,000","32,049,000",8.2
1952,TENNESSEE,47,WHEAT,"211,000","245,000","8,579,000","4,009,000",19
1952,TEXAS,48,WHEAT,"3,011,000","5,384,000","76,961,000","36,132,000",12
1952,UTAH,49,WHEAT,"433,000","464,000","14,354,000","7,227,000",16.7
1952,VIRGINIA,51,WHEAT,"383,000","415,000","16,962,000","8,234,000",21.5
1952,WASHINGTON,53,WHEAT,"2,889,000","3,046,000","169,942,000","80,541,000",27.9
1952,WEST VIRGINIA,54,WHEAT,"56,000","65,000","2,399,000","1,176,000",21
1952,WISCONSIN,55,WHEAT,"78,000","79,000","3,916,000","1,929,000",24.7
1952,WYOMING,56,WHEAT,"405,000","453,000","13,237,000","6,602,000",16.3
1951,ALABAMA,1,CORN,2281000,2536000,76710000,43339000,19
1951,ARIZONA,4,CORN,25000,34000,626000,262000,10.5
1951,ARKANSAS,5,CORN,955000,1052000,38151000,22442000,23.5
1951,CALIFORNIA,6,CORN,30000,69000,3060000,1410000,47
1951,COLORADO,8,CORN,340000,591000,17204000,9350000,27.5
1951,CONNECTICUT,9,CORN,6000,38000,608000,288000,48
1951,DELAWARE,10,CORN,154000,162000,13173000,7238000,47
1951,FLORIDA,12,CORN,361000,606000,10172000,6318000,17.5
1951,GEORGIA,13,CORN,2454000,3134000,71755000,41718000,17
1951,IDAHO,16,CORN,12000,29000,1265000,666000,55.5
1951,ILLINOIS,17,CORN,8483000,8895000,793161000,466565000,55
1951,INDIANA,18,CORN,4396000,4596000,391420000,232988000,53
1951,IOWA,19,CORN,9680000,10386000,677939000,421080000,43.5
1951,KANSAS,20,CORN,2187000,2791000,90804000,52488000,24
1951,KENTUCKY,21,CORN,2104000,2180000,141231000,78900000,37.5
1951,LOUISIANA,22,CORN,666000,725000,24176000,14652000,22
1951,MAINE,23,CORN,2000,15000,156000,72000,36
1951,MARYLAND,24,CORN,437000,487000,37586000,20539000,47
1951,MASSACHUSETTS,25,CORN,5000,33000,570000,270000,54
1951,MICHIGAN,26,CORN,1325000,1672000,94049000,55650000,42
1951,MINNESOTA,27,CORN,4367000,5469000,247610000,176864000,40.5
1951,MISSISSIPPI,28,CORN,1746000,1910000,65693000,37539000,21.5
1951,MISSOURI,29,CORN,3689000,4447000,222004000,125426000,34
1951,MONTANA,30,CORN,8000,180000,320000,176000,22
1951,NEBRASKA,31,CORN,6726000,7369000,291908000,188328000,28
1951,NEVADA,32,CORN,,3000,,,
1951,NEW HAMPSHIRE,33,CORN,2000,13000,181000,86000,43
1951,NEW JERSEY,34,CORN,135000,186000,13538000,7088000,52.5
1951,NEW MEXICO,35,CORN,31000,62000,1144000,558000,18
1951,NEW YORK,36,CORN,172000,646000,15198000,8084000,47
1951,NORTH CAROLINA,37,CORN,2107000,2196000,111039000,65317000,31
1951,NORTH DAKOTA,38,CORN,401000,1244000,12502000,8622000,21.5
1951,OHIO,39,CORN,3334000,3546000,278456000,160032000,48
1951,OKLAHOMA,40,CORN,946000,1029000,33356000,20339000,21.5
1951,OREGON,41,CORN,12000,27000,1278000,600000,50
1951,PENNSYLVANIA,42,CORN,1053000,1338000,90579000,48438000,46
1951,RHODE ISLAND,44,CORN,1000,7000,87000,41000,41
1951,SOUTH CAROLINA,45,CORN,1263000,1323000,42942000,25260000,20
1951,SOUTH DAKOTA,46,CORN,2880000,4084000,88560000,72000000,25
1951,TENNESSEE,47,CORN,1899000,2065000,104825000,56970000,30
1951,TEXAS,48,CORN,2109000,2249000,65157000,39016000,18.5
1951,UTAH,49,CORN,5000,32000,435000,205000,41
1951,VERMONT,50,CORN,3000,66000,298000,141000,47
1951,VIRGINIA,51,CORN,868000,973000,67183000,37324000,43
1951,WASHINGTON,53,CORN,8000,21000,1099000,544000,68
1951,WEST VIRGINIA,54,CORN,196000,216000,14447000,7644000,39
1951,WISCONSIN,55,CORN,1317000,2489000,110628000,65850000,50
1951,WYOMING,56,CORN,10000,54000,376000,210000,21
1951,ALABAMA,1,SOYBEANS,86000,151000,3885000,1548000,18
1951,ARKANSAS,5,SOYBEANS,607000,685000,31928000,12140000,20
1951,DELAWARE,10,SOYBEANS,65000,70000,2487000,942000,14.5
1951,FLORIDA,12,SOYBEANS,8000,10000,361000,144000,18
1951,GEORGIA,13,SOYBEANS,25000,90000,765000,262000,10.5
1951,ILLINOIS,17,SOYBEANS,3731000,3841000,263538000,95140000,25.5
1951,INDIANA,18,SOYBEANS,1706000,1800000,104791000,38385000,22.5
1951,IOWA,19,SOYBEANS,1583000,1638000,88918000,32452000,20.5
1951,KANSAS,20,SOYBEANS,401000,495000,15465000,5814000,14.5
1951,KENTUCKY,21,SOYBEANS,130000,212000,6718000,2470000,19
1951,LOUISIANA,22,SOYBEANS,48000,125000,2290000,864000,18
1951,MARYLAND,24,SOYBEANS,85000,100000,3604000,1360000,16
1951,MICHIGAN,26,SOYBEANS,120000,128000,6691000,2460000,20.5
1951,MINNESOTA,27,SOYBEANS,1083000,1140000,50791000,18952000,17.5
1951,MISSISSIPPI,28,SOYBEANS,425000,562000,14310000,5525000,13
1951,MISSOURI,29,SOYBEANS,1290000,1396000,69402000,25800000,20
1951,NEBRASKA,31,SOYBEANS,58000,60000,3394000,1276000,22
1951,NEW JERSEY,34,SOYBEANS,21000,39000,976000,346000,16.5
1951,NEW YORK,36,SOYBEANS,7000,9000,354000,126000,18
1951,NORTH CAROLINA,37,SOYBEANS,309000,423000,13605000,5253000,17
1951,NORTH DAKOTA,38,SOYBEANS,28000,31000,943000,364000,13
1951,OHIO,39,SOYBEANS,1124000,1159000,59156000,21356000,19
1951,OKLAHOMA,40,SOYBEANS,84000,130000,2926000,1134000,13.5
1951,PENNSYLVANIA,42,SOYBEANS,23000,48000,1075000,391000,17
1951,SOUTH CAROLINA,45,SOYBEANS,88000,125000,3223000,1100000,12.5
1951,SOUTH DAKOTA,46,SOYBEANS,60000,63000,2297000,870000,14.5
1951,TENNESSEE,47,SOYBEANS,211000,354000,9858000,3692000,17.5
1951,TEXAS,48,SOYBEANS,,3000,,,
1951,VIRGINIA,51,SOYBEANS,166000,220000,7978000,2988000,18
1951,WEST VIRGINIA,54,SOYBEANS,1000,11000,38000,14000,14.5
1951,WISCONSIN,55,SOYBEANS,42000,58000,1638000,609000,14.5
1951,ALABAMA,1,WHEAT,"7,000","13,000","323,000","147,000",21
1951,ARIZONA,4,WHEAT,"18,000","21,000","1,016,000","468,000",26
1951,ARKANSAS,5,WHEAT,"23,000","33,000","744,000","356,000",15.5
1951,CALIFORNIA,6,WHEAT,"573,000","675,000","21,722,000","9,741,000",17
1951,COLORADO,8,WHEAT,"2,659,000","3,953,000","78,710,000","37,334,000",14
1951,DELAWARE,10,WHEAT,"55,000","58,000","2,290,000","1,128,000",20.5
1951,GEORGIA,13,WHEAT,"101,000","110,000","3,941,000","1,868,000",18.5
1951,IDAHO,16,WHEAT,"1,602,000","1,736,000","81,769,000","41,468,000",25.9
1951,ILLINOIS,17,WHEAT,"1,757,000","1,828,000","72,775,000","33,383,000",19
1951,INDIANA,18,WHEAT,"1,426,000","1,621,000","51,058,000","23,529,000",16.5
1951,IOWA,19,WHEAT,"145,000","254,000","3,163,000","1,489,000",10.3
1951,KANSAS,20,WHEAT,"9,701,000","14,773,000","268,621,000","126,113,000",13
1951,KENTUCKY,21,WHEAT,"223,000","323,000","7,778,000","3,568,000",16
1951,MARYLAND,24,WHEAT,"262,000","283,000","11,064,000","5,371,000",20.5
1951,MICHIGAN,26,WHEAT,"1,232,000","1,243,000","68,068,000","30,800,000",25
1951,MINNESOTA,27,WHEAT,"1,076,000","1,098,000","43,058,000","20,022,000",18.6
1951,MISSISSIPPI,28,WHEAT,"6,000","16,000","314,000","150,000",25
1951,MISSOURI,29,WHEAT,"1,318,000","1,727,000","47,053,000","22,406,000",17
1951,MONTANA,30,WHEAT,"5,910,000","6,274,000","186,641,000","95,033,000",16.1
1951,NEBRASKA,31,WHEAT,"4,005,000","4,673,000","125,370,000","58,073,000",14.5
1951,NEVADA,32,WHEAT,"18,000","19,000","1,094,000","532,000",29.6
1951,NEW JERSEY,34,WHEAT,"81,000","106,000","4,465,000","2,106,000",26
1951,NEW MEXICO,35,WHEAT,"165,000","725,000","2,307,000","1,094,000",6.6
1951,NEW YORK,36,WHEAT,"422,000","438,000","23,289,000","10,544,000",25
1951,NORTH CAROLINA,37,WHEAT,"392,000","427,000","18,934,000","9,016,000",23
1951,NORTH DAKOTA,38,WHEAT,"10,485,000","10,718,000","306,323,000","145,732,000",13.9
1951,OHIO,39,WHEAT,"1,906,000","2,085,000","75,821,000","34,308,000",18
1951,OKLAHOMA,40,WHEAT,"4,095,000","6,265,000","85,584,000","38,902,000",9.5
1951,OREGON,41,WHEAT,"1,063,000","1,159,000","65,039,000","29,972,000",28.2
1951,PENNSYLVANIA,42,WHEAT,"837,000","862,000","39,359,000","18,832,000",22.5
1951,SOUTH CAROLINA,45,WHEAT,"150,000","153,000","6,396,000","3,075,000",20.5
1951,SOUTH DAKOTA,46,WHEAT,"3,893,000","4,058,000","122,467,000","58,044,000",14.9
1951,TENNESSEE,47,WHEAT,"195,000","213,000","6,588,000","3,022,000",15.5
1951,TEXAS,48,WHEAT,"1,994,000","6,049,000","39,302,000","17,946,000",9
1951,UTAH,49,WHEAT,"422,000","462,000","17,805,000","8,919,000",21.1
1951,VIRGINIA,51,WHEAT,"368,000","395,000","16,383,000","7,728,000",21
1951,WASHINGTON,53,WHEAT,"2,774,000","3,103,000","162,358,000","76,224,000",27.5
1951,WEST VIRGINIA,54,WHEAT,"58,000","70,000","2,307,000","1,073,000",18.5
1951,WISCONSIN,55,WHEAT,"81,000","83,000","3,953,000","1,895,000",23.4
1951,WYOMING,56,WHEAT,"375,000","422,000","13,487,000","6,750,000",18
1950,ALABAMA,1,CORN,2443000,2678000,77736000,52524000,21.5
1950,ARIZONA,4,CORN,25000,34000,765000,375000,15
1950,ARKANSAS,5,CORN,1337000,1422000,44616000,31420000,23.5
1950,CALIFORNIA,6,CORN,42000,81000,3377000,1806000,43
1950,COLORADO,8,CORN,343000,597000,13446000,8404000,24.5
1950,CONNECTICUT,9,CORN,6000,40000,539000,282000,47
1950,DELAWARE,10,CORN,133000,139000,11688000,6916000,52
1950,FLORIDA,12,CORN,347000,625000,7238000,4858000,14
1950,GEORGIA,13,CORN,2556000,3295000,64104000,42174000,16.5
1950,IDAHO,16,CORN,12000,27000,1021000,642000,53.5
1950,ILLINOIS,17,CORN,8008000,8352000,649369000,408408000,51
1950,INDIANA,18,CORN,4227000,4406000,325966000,205010000,48.5
1950,IOWA,19,CORN,9396000,9837000,692673000,455706000,48.5
1950,KANSAS,20,CORN,2442000,2608000,122222000,85470000,35
1950,KENTUCKY,21,CORN,2080000,2180000,127754000,76960000,37
1950,LOUISIANA,22,CORN,776000,853000,22659000,15520000,20
1950,MAINE,23,CORN,2000,15000,137000,68000,34
1950,MARYLAND,24,CORN,394000,448000,31394000,18912000,48
1950,MASSACHUSETTS,25,CORN,5000,36000,449000,235000,47
1950,MICHIGAN,26,CORN,1193000,1592000,74443000,46527000,39
1950,MINNESOTA,27,CORN,3889000,5227000,219671000,153616000,39.5
1950,MISSISSIPPI,28,CORN,2158000,2247000,70491000,50713000,23.5
1950,MISSOURI,29,CORN,3843000,4043000,250256000,169092000,44
1950,MONTANA,30,CORN,12000,204000,492000,300000,25
1950,NEBRASKA,31,CORN,6710000,7018000,350262000,241560000,36
1950,NEVADA,32,CORN,,2000,,,
1950,NEW HAMPSHIRE,33,CORN,2000,13000,184000,96000,48
1950,NEW JERSEY,34,CORN,121000,174000,11565000,6534000,54
1950,NEW MEXICO,35,CORN,52000,81000,1544000,858000,16.5
1950,NEW YORK,36,CORN,185000,673000,14735000,8325000,45
1950,NORTH CAROLINA,37,CORN,2163000,2282000,108496000,71379000,33
1950,NORTH DAKOTA,38,CORN,425000,1338000,12623000,9350000,22
1950,OHIO,39,CORN,3155000,3384000,265777000,164060000,52
1950,OKLAHOMA,40,CORN,1011000,1083000,30885000,23758000,23.5
1950,OREGON,41,CORN,10000,25000,849000,440000,44
1950,PENNSYLVANIA,42,CORN,1022000,1312000,83640000,47523000,46.5
1950,RHODE ISLAND,44,CORN,1000,7000,82000,43000,43
1950,SOUTH CAROLINA,45,CORN,1403000,1452000,44039000,30164000,21.5
1950,SOUTH DAKOTA,46,CORN,3129000,3890000,120028000,87612000,28
1950,TENNESSEE,47,CORN,2036000,2174000,107857000,66170000,32.5
1950,TEXAS,48,CORN,2848000,2959000,71770000,56960000,20
1950,UTAH,49,CORN,5000,31000,468000,250000,50
1950,VERMONT,50,CORN,3000,67000,276000,144000,48
1950,VIRGINIA,51,CORN,899000,973000,70302000,41354000,46
1950,WASHINGTON,53,CORN,8000,19000,854000,480000,60
1950,WEST VIRGINIA,54,CORN,221000,241000,13656000,8177000,37
1950,WISCONSIN,55,CORN,1304000,2620000,99521000,62592000,48
1950,WYOMING,56,CORN,16000,55000,447000,304000,19
1950,ALABAMA,1,SOYBEANS,68000,137000,2791000,1292000,19
1950,ARKANSAS,5,SOYBEANS,581000,646000,28357000,12492000,21.5
1950,DELAWARE,10,SOYBEANS,67000,76000,2261000,938000,14
1950,FLORIDA,12,SOYBEANS,7000,9000,286000,133000,19
1950,GEORGIA,13,SOYBEANS,28000,78000,902000,308000,11
1950,ILLINOIS,17,SOYBEANS,3989000,4108000,238383000,95736000,24
1950,INDIANA,18,SOYBEANS,1652000,1765000,89208000,37170000,22.5
1950,IOWA,19,SOYBEANS,1930000,1960000,112094000,42460000,22
1950,KANSAS,20,SOYBEANS,397000,409000,16650000,7146000,18
1950,KENTUCKY,21,SOYBEANS,126000,202000,5579000,2205000,17.5
1950,LOUISIANA,22,SOYBEANS,40000,96000,1692000,720000,18
1950,MARYLAND,24,SOYBEANS,71000,95000,2812000,1207000,17
1950,MICHIGAN,26,SOYBEANS,114000,122000,5951000,2280000,20
1950,MINNESOTA,27,SOYBEANS,1113000,1152000,42785000,17252000,15.5
1950,MISSISSIPPI,28,SOYBEANS,358000,472000,19780000,8950000,25
1950,MISSOURI,29,SOYBEANS,1209000,1225000,64790000,27807000,23
1950,NEBRASKA,31,SOYBEANS,50000,50000,2880000,1200000,24
1950,NEW JERSEY,34,SOYBEANS,20000,37000,1132000,410000,20.5
1950,NEW YORK,36,SOYBEANS,7000,9000,326000,126000,18
1950,NORTH CAROLINA,37,SOYBEANS,297000,399000,11737000,4752000,16
1950,NORTH DAKOTA,38,SOYBEANS,41000,44000,1066000,430000,10.5
1950,OHIO,39,SOYBEANS,1090000,1136000,62539000,24525000,22.5
1950,OKLAHOMA,40,SOYBEANS,23000,35000,829000,391000,17
1950,PENNSYLVANIA,42,SOYBEANS,24000,50000,1029000,420000,17.5
1950,SOUTH CAROLINA,45,SOYBEANS,67000,100000,2275000,804000,12
1950,SOUTH DAKOTA,46,SOYBEANS,70000,72000,2109000,875000,12.5
1950,TENNESSEE,47,SOYBEANS,182000,262000,8982000,3822000,21
1950,TEXAS,48,SOYBEANS,,10000,,,
1950,VIRGINIA,51,SOYBEANS,152000,202000,7191000,2888000,19
1950,WEST VIRGINIA,54,SOYBEANS,1000,13000,42000,15000,15
1950,WISCONSIN,55,SOYBEANS,33000,77000,1302000,495000,15
1950,ALABAMA,1,WHEAT,"11,000","13,000","352,000","170,000",15.5
1950,ARIZONA,4,WHEAT,"25,000","27,000","1,194,000","625,000",25
1950,ARKANSAS,5,WHEAT,"18,000","31,000","494,000","252,000",14
1950,CALIFORNIA,6,WHEAT,"651,000","696,000","27,889,000","13,671,000",21
1950,COLORADO,8,WHEAT,"2,314,000","3,226,000","73,732,000","36,909,000",16
1950,DELAWARE,10,WHEAT,"60,000","64,000","1,999,000","1,020,000",17
1950,GEORGIA,13,WHEAT,"109,000","120,000","2,833,000","1,362,000",12.5
1950,IDAHO,16,WHEAT,"1,342,000","1,382,000","68,669,000","37,087,000",27.6
1950,ILLINOIS,17,WHEAT,"1,417,000","1,562,000","56,646,000","27,632,000",19.5
1950,INDIANA,18,WHEAT,"1,533,000","1,621,000","64,386,000","32,193,000",21
1950,IOWA,19,WHEAT,"250,000","264,000","11,076,000","5,454,000",21.8
1950,KANSAS,20,WHEAT,"12,280,000","13,807,000","359,681,000","178,060,000",14.5
1950,KENTUCKY,21,WHEAT,"248,000","359,000","7,738,000","3,720,000",15
1950,MARYLAND,24,WHEAT,"279,000","292,000","10,066,000","5,162,000",18.5
1950,MICHIGAN,26,WHEAT,"1,141,000","1,173,000","59,925,000","29,666,000",26
1950,MINNESOTA,27,WHEAT,"927,000","977,000","32,408,000","15,512,000",16.7
1950,MISSISSIPPI,28,WHEAT,"8,000","14,000","314,000","160,000",20
1950,MISSOURI,29,WHEAT,"1,359,000","1,661,000","47,564,000","23,782,000",17.5
1950,MONTANA,30,WHEAT,"4,953,000","5,283,000","173,499,000","91,434,000",18.5
1950,NEBRASKA,31,WHEAT,"4,051,000","4,346,000","180,458,000","88,482,000",21.8
1950,NEVADA,32,WHEAT,"17,000","19,000","910,000","471,000",27.7
1950,NEW JERSEY,34,WHEAT,"78,000","109,000","3,404,000","1,677,000",21.5
1950,NEW MEXICO,35,WHEAT,"172,000","584,000","2,068,000","1,070,000",6.2
1950,NEW YORK,36,WHEAT,"406,000","417,000","22,343,000","11,344,000",27.9
1950,NORTH CAROLINA,37,WHEAT,"356,000","395,000","11,588,000","5,340,000",15
1950,NORTH DAKOTA,38,WHEAT,"8,942,000","9,145,000","255,144,000","123,986,000",13.9
1950,OHIO,39,WHEAT,"2,118,000","2,172,000","94,124,000","46,596,000",22
1950,OKLAHOMA,40,WHEAT,"4,707,000","5,910,000","85,573,000","42,363,000",9
1950,OREGON,41,WHEAT,"952,000","997,000","48,571,000","23,693,000",24.9
1950,PENNSYLVANIA,42,WHEAT,"863,000","889,000","36,453,000","18,986,000",22
1950,SOUTH CAROLINA,45,WHEAT,"136,000","143,000","4,113,000","1,904,000",14
1950,SOUTH DAKOTA,46,WHEAT,"3,359,000","3,562,000","67,888,000","33,488,000",10
1950,TENNESSEE,47,WHEAT,"244,000","266,000","6,405,000","3,050,000",12.5
1950,TEXAS,48,WHEAT,"2,374,000","5,601,000","37,224,000","18,992,000",8
1950,UTAH,49,WHEAT,"408,000","428,000","14,583,000","7,840,000",19.2
1950,VIRGINIA,51,WHEAT,"376,000","407,000","14,077,000","6,768,000",18
1950,WASHINGTON,53,WHEAT,"2,621,000","2,789,000","137,990,000","69,692,000",26.6
1950,WEST VIRGINIA,54,WHEAT,"66,000","77,000","2,430,000","1,221,000",18.5
1950,WISCONSIN,55,WHEAT,"88,000","91,000","4,264,000","2,132,000",24.2
1950,WYOMING,56,WHEAT,"348,000","368,000","12,222,000","6,378,000",18.3
